ISO-10303-21;
HEADER;
FILE_DESCRIPTION(('KiCad electronic assembly'),'2;1');
FILE_NAME('Hall_Sensor_V1.step','2025-11-09T11:29:26',('Pcbnew'),(
    'Kicad'),'Open CASCADE STEP processor 7.9','KiCad to STEP converter'
  ,'Unknown');
FILE_SCHEMA(('AUTOMOTIVE_DESIGN { 1 0 10303 214 1 1 1 1 }'));
ENDSEC;
DATA;
#1 = APPLICATION_PROTOCOL_DEFINITION('international standard',
  'automotive_design',2000,#2);
#2 = APPLICATION_CONTEXT(
  'core data for automotive mechanical design processes');
#3 = SHAPE_DEFINITION_REPRESENTATION(#4,#10);
#4 = PRODUCT_DEFINITION_SHAPE('','',#5);
#5 = PRODUCT_DEFINITION('design','',#6,#9);
#6 = PRODUCT_DEFINITION_FORMATION('','',#7);
#7 = PRODUCT('Hall_Sensor_V1 1','Hall_Sensor_V1 1','',(#8));
#8 = PRODUCT_CONTEXT('',#2,'mechanical');
#9 = PRODUCT_DEFINITION_CONTEXT('part definition',#2,'design');
#10 = SHAPE_REPRESENTATION('',(#11,#15,#19,#23,#27,#31,#35),#39);
#11 = AXIS2_PLACEMENT_3D('',#12,#13,#14);
#12 = CARTESIAN_POINT('',(0.,0.,0.));
#13 = DIRECTION('',(0.,0.,1.));
#14 = DIRECTION('',(1.,0.,-0.));
#15 = AXIS2_PLACEMENT_3D('',#16,#17,#18);
#16 = CARTESIAN_POINT('',(123.9625,-65.,1.595));
#17 = DIRECTION('',(0.,0.,1.));
#18 = DIRECTION('',(1.,0.,0.));
#19 = AXIS2_PLACEMENT_3D('',#20,#21,#22);
#20 = CARTESIAN_POINT('',(123.5,-69.491161,1.595));
#21 = DIRECTION('',(0.,0.,1.));
#22 = DIRECTION('',(-0.707106781187,-0.707106781187,0.));
#23 = AXIS2_PLACEMENT_3D('',#24,#25,#26);
#24 = CARTESIAN_POINT('',(0.,0.,0.));
#25 = DIRECTION('',(0.,0.,1.));
#26 = DIRECTION('',(1.,0.,-0.));
#27 = AXIS2_PLACEMENT_3D('',#28,#29,#30);
#28 = CARTESIAN_POINT('',(0.,0.,0.));
#29 = DIRECTION('',(0.,0.,1.));
#30 = DIRECTION('',(1.,0.,-0.));
#31 = AXIS2_PLACEMENT_3D('',#32,#33,#34);
#32 = CARTESIAN_POINT('',(0.,0.,0.));
#33 = DIRECTION('',(0.,0.,1.));
#34 = DIRECTION('',(1.,0.,-0.));
#35 = AXIS2_PLACEMENT_3D('',#36,#37,#38);
#36 = CARTESIAN_POINT('',(0.,0.,0.));
#37 = DIRECTION('',(0.,0.,1.));
#38 = DIRECTION('',(1.,0.,-0.));
#39 = ( GEOMETRIC_REPRESENTATION_CONTEXT(3) 
GLOBAL_UNCERTAINTY_ASSIGNED_CONTEXT((#43)) GLOBAL_UNIT_ASSIGNED_CONTEXT(
(#40,#41,#42)) REPRESENTATION_CONTEXT('Context #1',
  '3D Context with UNIT and UNCERTAINTY') );
#40 = ( LENGTH_UNIT() NAMED_UNIT(*) SI_UNIT(.MILLI.,.METRE.) );
#41 = ( NAMED_UNIT(*) PLANE_ANGLE_UNIT() SI_UNIT($,.RADIAN.) );
#42 = ( NAMED_UNIT(*) SI_UNIT($,.STERADIAN.) SOLID_ANGLE_UNIT() );
#43 = UNCERTAINTY_MEASURE_WITH_UNIT(LENGTH_MEASURE(1.E-07),#40,
  'distance_accuracy_value','confusion accuracy');
#44 = PRODUCT_RELATED_PRODUCT_CATEGORY('part',$,(#7));
#45 = SHAPE_DEFINITION_REPRESENTATION(#46,#52);
#46 = PRODUCT_DEFINITION_SHAPE('','',#47);
#47 = PRODUCT_DEFINITION('design','',#48,#51);
#48 = PRODUCT_DEFINITION_FORMATION('','',#49);
#49 = PRODUCT('C_0805_2012Metric','C_0805_2012Metric','',(#50));
#50 = PRODUCT_CONTEXT('',#2,'mechanical');
#51 = PRODUCT_DEFINITION_CONTEXT('part definition',#2,'design');
#52 = ADVANCED_BREP_SHAPE_REPRESENTATION('',(#11,#53),#907);
#53 = MANIFOLD_SOLID_BREP('',#54);
#54 = CLOSED_SHELL('',(#55,#131,#162,#187,#212,#236,#260,#285,#310,#327,
    #413,#445,#469,#494,#518,#543,#567,#592,#609,#695,#726,#751,#776,
    #800,#824,#849,#874,#891));
#55 = ADVANCED_FACE('',(#56),#126,.F.);
#56 = FACE_BOUND('',#57,.F.);
#57 = EDGE_LOOP('',(#58,#68,#77,#85,#94,#102,#111,#119));
#58 = ORIENTED_EDGE('',*,*,#59,.F.);
#59 = EDGE_CURVE('',#60,#62,#64,.T.);
#60 = VERTEX_POINT('',#61);
#61 = CARTESIAN_POINT('',(-1.,-0.625,4.E-02));
#62 = VERTEX_POINT('',#63);
#63 = CARTESIAN_POINT('',(-1.,-0.625,1.21));
#64 = LINE('',#65,#66);
#65 = CARTESIAN_POINT('',(-1.,-0.625,0.));
#66 = VECTOR('',#67,1.);
#67 = DIRECTION('',(0.,0.,1.));
#68 = ORIENTED_EDGE('',*,*,#69,.T.);
#69 = EDGE_CURVE('',#60,#70,#72,.T.);
#70 = VERTEX_POINT('',#71);
#71 = CARTESIAN_POINT('',(-1.,-0.585,0.));
#72 = CIRCLE('',#73,4.E-02);
#73 = AXIS2_PLACEMENT_3D('',#74,#75,#76);
#74 = CARTESIAN_POINT('',(-1.,-0.585,4.E-02));
#75 = DIRECTION('',(1.,0.,-0.));
#76 = DIRECTION('',(0.,0.,1.));
#77 = ORIENTED_EDGE('',*,*,#78,.T.);
#78 = EDGE_CURVE('',#70,#79,#81,.T.);
#79 = VERTEX_POINT('',#80);
#80 = CARTESIAN_POINT('',(-1.,0.585,0.));
#81 = LINE('',#82,#83);
#82 = CARTESIAN_POINT('',(-1.,-0.625,0.));
#83 = VECTOR('',#84,1.);
#84 = DIRECTION('',(0.,1.,0.));
#85 = ORIENTED_EDGE('',*,*,#86,.F.);
#86 = EDGE_CURVE('',#87,#79,#89,.T.);
#87 = VERTEX_POINT('',#88);
#88 = CARTESIAN_POINT('',(-1.,0.625,4.E-02));
#89 = CIRCLE('',#90,4.E-02);
#90 = AXIS2_PLACEMENT_3D('',#91,#92,#93);
#91 = CARTESIAN_POINT('',(-1.,0.585,4.E-02));
#92 = DIRECTION('',(-1.,0.,0.));
#93 = DIRECTION('',(0.,0.,1.));
#94 = ORIENTED_EDGE('',*,*,#95,.T.);
#95 = EDGE_CURVE('',#87,#96,#98,.T.);
#96 = VERTEX_POINT('',#97);
#97 = CARTESIAN_POINT('',(-1.,0.625,1.21));
#98 = LINE('',#99,#100);
#99 = CARTESIAN_POINT('',(-1.,0.625,0.));
#100 = VECTOR('',#101,1.);
#101 = DIRECTION('',(0.,0.,1.));
#102 = ORIENTED_EDGE('',*,*,#103,.T.);
#103 = EDGE_CURVE('',#96,#104,#106,.T.);
#104 = VERTEX_POINT('',#105);
#105 = CARTESIAN_POINT('',(-1.,0.585,1.25));
#106 = CIRCLE('',#107,4.E-02);
#107 = AXIS2_PLACEMENT_3D('',#108,#109,#110);
#108 = CARTESIAN_POINT('',(-1.,0.585,1.21));
#109 = DIRECTION('',(1.,0.,-0.));
#110 = DIRECTION('',(0.,0.,1.));
#111 = ORIENTED_EDGE('',*,*,#112,.F.);
#112 = EDGE_CURVE('',#113,#104,#115,.T.);
#113 = VERTEX_POINT('',#114);
#114 = CARTESIAN_POINT('',(-1.,-0.585,1.25));
#115 = LINE('',#116,#117);
#116 = CARTESIAN_POINT('',(-1.,-0.625,1.25));
#117 = VECTOR('',#118,1.);
#118 = DIRECTION('',(0.,1.,0.));
#119 = ORIENTED_EDGE('',*,*,#120,.F.);
#120 = EDGE_CURVE('',#62,#113,#121,.T.);
#121 = CIRCLE('',#122,4.E-02);
#122 = AXIS2_PLACEMENT_3D('',#123,#124,#125);
#123 = CARTESIAN_POINT('',(-1.,-0.585,1.21));
#124 = DIRECTION('',(-1.,0.,0.));
#125 = DIRECTION('',(0.,0.,1.));
#126 = PLANE('',#127);
#127 = AXIS2_PLACEMENT_3D('',#128,#129,#130);
#128 = CARTESIAN_POINT('',(-1.,-0.625,0.));
#129 = DIRECTION('',(1.,0.,0.));
#130 = DIRECTION('',(0.,0.,1.));
#131 = ADVANCED_FACE('',(#132),#157,.F.);
#132 = FACE_BOUND('',#133,.F.);
#133 = EDGE_LOOP('',(#134,#144,#150,#151));
#134 = ORIENTED_EDGE('',*,*,#135,.F.);
#135 = EDGE_CURVE('',#136,#138,#140,.T.);
#136 = VERTEX_POINT('',#137);
#137 = CARTESIAN_POINT('',(-0.6,-0.625,4.E-02));
#138 = VERTEX_POINT('',#139);
#139 = CARTESIAN_POINT('',(-0.6,-0.625,1.21));
#140 = LINE('',#141,#142);
#141 = CARTESIAN_POINT('',(-0.6,-0.625,0.));
#142 = VECTOR('',#143,1.);
#143 = DIRECTION('',(0.,0.,1.));
#144 = ORIENTED_EDGE('',*,*,#145,.F.);
#145 = EDGE_CURVE('',#60,#136,#146,.T.);
#146 = LINE('',#147,#148);
#147 = CARTESIAN_POINT('',(-1.,-0.625,4.E-02));
#148 = VECTOR('',#149,1.);
#149 = DIRECTION('',(1.,0.,0.));
#150 = ORIENTED_EDGE('',*,*,#59,.T.);
#151 = ORIENTED_EDGE('',*,*,#152,.T.);
#152 = EDGE_CURVE('',#62,#138,#153,.T.);
#153 = LINE('',#154,#155);
#154 = CARTESIAN_POINT('',(-1.,-0.625,1.21));
#155 = VECTOR('',#156,1.);
#156 = DIRECTION('',(1.,0.,0.));
#157 = PLANE('',#158);
#158 = AXIS2_PLACEMENT_3D('',#159,#160,#161);
#159 = CARTESIAN_POINT('',(-1.,-0.625,0.));
#160 = DIRECTION('',(0.,1.,0.));
#161 = DIRECTION('',(0.,-0.,1.));
#162 = ADVANCED_FACE('',(#163),#182,.T.);
#163 = FACE_BOUND('',#164,.T.);
#164 = EDGE_LOOP('',(#165,#166,#174,#181));
#165 = ORIENTED_EDGE('',*,*,#69,.T.);
#166 = ORIENTED_EDGE('',*,*,#167,.T.);
#167 = EDGE_CURVE('',#70,#168,#170,.T.);
#168 = VERTEX_POINT('',#169);
#169 = CARTESIAN_POINT('',(-0.6,-0.585,0.));
#170 = LINE('',#171,#172);
#171 = CARTESIAN_POINT('',(-1.,-0.585,0.));
#172 = VECTOR('',#173,1.);
#173 = DIRECTION('',(1.,0.,0.));
#174 = ORIENTED_EDGE('',*,*,#175,.F.);
#175 = EDGE_CURVE('',#136,#168,#176,.T.);
#176 = CIRCLE('',#177,4.E-02);
#177 = AXIS2_PLACEMENT_3D('',#178,#179,#180);
#178 = CARTESIAN_POINT('',(-0.6,-0.585,4.E-02));
#179 = DIRECTION('',(1.,0.,-0.));
#180 = DIRECTION('',(0.,0.,1.));
#181 = ORIENTED_EDGE('',*,*,#145,.F.);
#182 = CYLINDRICAL_SURFACE('',#183,4.E-02);
#183 = AXIS2_PLACEMENT_3D('',#184,#185,#186);
#184 = CARTESIAN_POINT('',(-1.,-0.585,4.E-02));
#185 = DIRECTION('',(1.,0.,0.));
#186 = DIRECTION('',(0.,-1.,0.));
#187 = ADVANCED_FACE('',(#188),#207,.T.);
#188 = FACE_BOUND('',#189,.T.);
#189 = EDGE_LOOP('',(#190,#191,#200,#206));
#190 = ORIENTED_EDGE('',*,*,#152,.T.);
#191 = ORIENTED_EDGE('',*,*,#192,.T.);
#192 = EDGE_CURVE('',#138,#193,#195,.T.);
#193 = VERTEX_POINT('',#194);
#194 = CARTESIAN_POINT('',(-0.6,-0.585,1.25));
#195 = CIRCLE('',#196,4.E-02);
#196 = AXIS2_PLACEMENT_3D('',#197,#198,#199);
#197 = CARTESIAN_POINT('',(-0.6,-0.585,1.21));
#198 = DIRECTION('',(-1.,0.,0.));
#199 = DIRECTION('',(0.,0.,1.));
#200 = ORIENTED_EDGE('',*,*,#201,.F.);
#201 = EDGE_CURVE('',#113,#193,#202,.T.);
#202 = LINE('',#203,#204);
#203 = CARTESIAN_POINT('',(-1.,-0.585,1.25));
#204 = VECTOR('',#205,1.);
#205 = DIRECTION('',(1.,0.,0.));
#206 = ORIENTED_EDGE('',*,*,#120,.F.);
#207 = CYLINDRICAL_SURFACE('',#208,4.E-02);
#208 = AXIS2_PLACEMENT_3D('',#209,#210,#211);
#209 = CARTESIAN_POINT('',(-1.,-0.585,1.21));
#210 = DIRECTION('',(1.,0.,0.));
#211 = DIRECTION('',(0.,-1.,0.));
#212 = ADVANCED_FACE('',(#213),#231,.F.);
#213 = FACE_BOUND('',#214,.F.);
#214 = EDGE_LOOP('',(#215,#216,#217,#225));
#215 = ORIENTED_EDGE('',*,*,#78,.F.);
#216 = ORIENTED_EDGE('',*,*,#167,.T.);
#217 = ORIENTED_EDGE('',*,*,#218,.T.);
#218 = EDGE_CURVE('',#168,#219,#221,.T.);
#219 = VERTEX_POINT('',#220);
#220 = CARTESIAN_POINT('',(-0.6,0.585,0.));
#221 = LINE('',#222,#223);
#222 = CARTESIAN_POINT('',(-0.6,-0.625,0.));
#223 = VECTOR('',#224,1.);
#224 = DIRECTION('',(0.,1.,0.));
#225 = ORIENTED_EDGE('',*,*,#226,.F.);
#226 = EDGE_CURVE('',#79,#219,#227,.T.);
#227 = LINE('',#228,#229);
#228 = CARTESIAN_POINT('',(-1.,0.585,0.));
#229 = VECTOR('',#230,1.);
#230 = DIRECTION('',(1.,0.,0.));
#231 = PLANE('',#232);
#232 = AXIS2_PLACEMENT_3D('',#233,#234,#235);
#233 = CARTESIAN_POINT('',(-1.,-0.625,0.));
#234 = DIRECTION('',(0.,0.,1.));
#235 = DIRECTION('',(1.,0.,-0.));
#236 = ADVANCED_FACE('',(#237),#255,.T.);
#237 = FACE_BOUND('',#238,.T.);
#238 = EDGE_LOOP('',(#239,#240,#241,#249));
#239 = ORIENTED_EDGE('',*,*,#112,.F.);
#240 = ORIENTED_EDGE('',*,*,#201,.T.);
#241 = ORIENTED_EDGE('',*,*,#242,.T.);
#242 = EDGE_CURVE('',#193,#243,#245,.T.);
#243 = VERTEX_POINT('',#244);
#244 = CARTESIAN_POINT('',(-0.6,0.585,1.25));
#245 = LINE('',#246,#247);
#246 = CARTESIAN_POINT('',(-0.6,-0.625,1.25));
#247 = VECTOR('',#248,1.);
#248 = DIRECTION('',(0.,1.,0.));
#249 = ORIENTED_EDGE('',*,*,#250,.F.);
#250 = EDGE_CURVE('',#104,#243,#251,.T.);
#251 = LINE('',#252,#253);
#252 = CARTESIAN_POINT('',(-1.,0.585,1.25));
#253 = VECTOR('',#254,1.);
#254 = DIRECTION('',(1.,0.,0.));
#255 = PLANE('',#256);
#256 = AXIS2_PLACEMENT_3D('',#257,#258,#259);
#257 = CARTESIAN_POINT('',(-1.,-0.625,1.25));
#258 = DIRECTION('',(0.,0.,1.));
#259 = DIRECTION('',(1.,0.,-0.));
#260 = ADVANCED_FACE('',(#261),#280,.T.);
#261 = FACE_BOUND('',#262,.T.);
#262 = EDGE_LOOP('',(#263,#271,#278,#279));
#263 = ORIENTED_EDGE('',*,*,#264,.T.);
#264 = EDGE_CURVE('',#87,#265,#267,.T.);
#265 = VERTEX_POINT('',#266);
#266 = CARTESIAN_POINT('',(-0.6,0.625,4.E-02));
#267 = LINE('',#268,#269);
#268 = CARTESIAN_POINT('',(-1.,0.625,4.E-02));
#269 = VECTOR('',#270,1.);
#270 = DIRECTION('',(1.,0.,0.));
#271 = ORIENTED_EDGE('',*,*,#272,.T.);
#272 = EDGE_CURVE('',#265,#219,#273,.T.);
#273 = CIRCLE('',#274,4.E-02);
#274 = AXIS2_PLACEMENT_3D('',#275,#276,#277);
#275 = CARTESIAN_POINT('',(-0.6,0.585,4.E-02));
#276 = DIRECTION('',(-1.,0.,0.));
#277 = DIRECTION('',(0.,0.,1.));
#278 = ORIENTED_EDGE('',*,*,#226,.F.);
#279 = ORIENTED_EDGE('',*,*,#86,.F.);
#280 = CYLINDRICAL_SURFACE('',#281,4.E-02);
#281 = AXIS2_PLACEMENT_3D('',#282,#283,#284);
#282 = CARTESIAN_POINT('',(-1.,0.585,4.E-02));
#283 = DIRECTION('',(1.,0.,0.));
#284 = DIRECTION('',(-0.,1.,0.));
#285 = ADVANCED_FACE('',(#286),#305,.T.);
#286 = FACE_BOUND('',#287,.T.);
#287 = EDGE_LOOP('',(#288,#289,#290,#299));
#288 = ORIENTED_EDGE('',*,*,#103,.T.);
#289 = ORIENTED_EDGE('',*,*,#250,.T.);
#290 = ORIENTED_EDGE('',*,*,#291,.F.);
#291 = EDGE_CURVE('',#292,#243,#294,.T.);
#292 = VERTEX_POINT('',#293);
#293 = CARTESIAN_POINT('',(-0.6,0.625,1.21));
#294 = CIRCLE('',#295,4.E-02);
#295 = AXIS2_PLACEMENT_3D('',#296,#297,#298);
#296 = CARTESIAN_POINT('',(-0.6,0.585,1.21));
#297 = DIRECTION('',(1.,0.,-0.));
#298 = DIRECTION('',(0.,0.,1.));
#299 = ORIENTED_EDGE('',*,*,#300,.F.);
#300 = EDGE_CURVE('',#96,#292,#301,.T.);
#301 = LINE('',#302,#303);
#302 = CARTESIAN_POINT('',(-1.,0.625,1.21));
#303 = VECTOR('',#304,1.);
#304 = DIRECTION('',(1.,0.,0.));
#305 = CYLINDRICAL_SURFACE('',#306,4.E-02);
#306 = AXIS2_PLACEMENT_3D('',#307,#308,#309);
#307 = CARTESIAN_POINT('',(-1.,0.585,1.21));
#308 = DIRECTION('',(1.,0.,0.));
#309 = DIRECTION('',(-0.,1.,0.));
#310 = ADVANCED_FACE('',(#311),#322,.T.);
#311 = FACE_BOUND('',#312,.T.);
#312 = EDGE_LOOP('',(#313,#319,#320,#321));
#313 = ORIENTED_EDGE('',*,*,#314,.F.);
#314 = EDGE_CURVE('',#265,#292,#315,.T.);
#315 = LINE('',#316,#317);
#316 = CARTESIAN_POINT('',(-0.6,0.625,0.));
#317 = VECTOR('',#318,1.);
#318 = DIRECTION('',(0.,0.,1.));
#319 = ORIENTED_EDGE('',*,*,#264,.F.);
#320 = ORIENTED_EDGE('',*,*,#95,.T.);
#321 = ORIENTED_EDGE('',*,*,#300,.T.);
#322 = PLANE('',#323);
#323 = AXIS2_PLACEMENT_3D('',#324,#325,#326);
#324 = CARTESIAN_POINT('',(-1.,0.625,0.));
#325 = DIRECTION('',(0.,1.,0.));
#326 = DIRECTION('',(0.,-0.,1.));
#327 = ADVANCED_FACE('',(#328,#338),#408,.T.);
#328 = FACE_BOUND('',#329,.T.);
#329 = EDGE_LOOP('',(#330,#331,#332,#333,#334,#335,#336,#337));
#330 = ORIENTED_EDGE('',*,*,#135,.F.);
#331 = ORIENTED_EDGE('',*,*,#175,.T.);
#332 = ORIENTED_EDGE('',*,*,#218,.T.);
#333 = ORIENTED_EDGE('',*,*,#272,.F.);
#334 = ORIENTED_EDGE('',*,*,#314,.T.);
#335 = ORIENTED_EDGE('',*,*,#291,.T.);
#336 = ORIENTED_EDGE('',*,*,#242,.F.);
#337 = ORIENTED_EDGE('',*,*,#192,.F.);
#338 = FACE_BOUND('',#339,.T.);
#339 = EDGE_LOOP('',(#340,#351,#359,#368,#376,#385,#393,#402));
#340 = ORIENTED_EDGE('',*,*,#341,.F.);
#341 = EDGE_CURVE('',#342,#344,#346,.T.);
#342 = VERTEX_POINT('',#343);
#343 = CARTESIAN_POINT('',(-0.6,-0.585,8.E-02));
#344 = VERTEX_POINT('',#345);
#345 = CARTESIAN_POINT('',(-0.6,-0.545,4.E-02));
#346 = CIRCLE('',#347,4.E-02);
#347 = AXIS2_PLACEMENT_3D('',#348,#349,#350);
#348 = CARTESIAN_POINT('',(-0.6,-0.545,8.E-02));
#349 = DIRECTION('',(1.,0.,-0.));
#350 = DIRECTION('',(0.,0.,1.));
#351 = ORIENTED_EDGE('',*,*,#352,.T.);
#352 = EDGE_CURVE('',#342,#353,#355,.T.);
#353 = VERTEX_POINT('',#354);
#354 = CARTESIAN_POINT('',(-0.6,-0.585,1.17));
#355 = LINE('',#356,#357);
#356 = CARTESIAN_POINT('',(-0.6,-0.585,4.E-02));
#357 = VECTOR('',#358,1.);
#358 = DIRECTION('',(0.,0.,1.));
#359 = ORIENTED_EDGE('',*,*,#360,.T.);
#360 = EDGE_CURVE('',#353,#361,#363,.T.);
#361 = VERTEX_POINT('',#362);
#362 = CARTESIAN_POINT('',(-0.6,-0.545,1.21));
#363 = CIRCLE('',#364,4.E-02);
#364 = AXIS2_PLACEMENT_3D('',#365,#366,#367);
#365 = CARTESIAN_POINT('',(-0.6,-0.545,1.17));
#366 = DIRECTION('',(-1.,0.,0.));
#367 = DIRECTION('',(0.,0.,1.));
#368 = ORIENTED_EDGE('',*,*,#369,.T.);
#369 = EDGE_CURVE('',#361,#370,#372,.T.);
#370 = VERTEX_POINT('',#371);
#371 = CARTESIAN_POINT('',(-0.6,0.545,1.21));
#372 = LINE('',#373,#374);
#373 = CARTESIAN_POINT('',(-0.6,-0.585,1.21));
#374 = VECTOR('',#375,1.);
#375 = DIRECTION('',(0.,1.,0.));
#376 = ORIENTED_EDGE('',*,*,#377,.F.);
#377 = EDGE_CURVE('',#378,#370,#380,.T.);
#378 = VERTEX_POINT('',#379);
#379 = CARTESIAN_POINT('',(-0.6,0.585,1.17));
#380 = CIRCLE('',#381,4.E-02);
#381 = AXIS2_PLACEMENT_3D('',#382,#383,#384);
#382 = CARTESIAN_POINT('',(-0.6,0.545,1.17));
#383 = DIRECTION('',(1.,0.,-0.));
#384 = DIRECTION('',(0.,0.,1.));
#385 = ORIENTED_EDGE('',*,*,#386,.F.);
#386 = EDGE_CURVE('',#387,#378,#389,.T.);
#387 = VERTEX_POINT('',#388);
#388 = CARTESIAN_POINT('',(-0.6,0.585,8.E-02));
#389 = LINE('',#390,#391);
#390 = CARTESIAN_POINT('',(-0.6,0.585,4.E-02));
#391 = VECTOR('',#392,1.);
#392 = DIRECTION('',(0.,0.,1.));
#393 = ORIENTED_EDGE('',*,*,#394,.T.);
#394 = EDGE_CURVE('',#387,#395,#397,.T.);
#395 = VERTEX_POINT('',#396);
#396 = CARTESIAN_POINT('',(-0.6,0.545,4.E-02));
#397 = CIRCLE('',#398,4.E-02);
#398 = AXIS2_PLACEMENT_3D('',#399,#400,#401);
#399 = CARTESIAN_POINT('',(-0.6,0.545,8.E-02));
#400 = DIRECTION('',(-1.,0.,0.));
#401 = DIRECTION('',(0.,0.,1.));
#402 = ORIENTED_EDGE('',*,*,#403,.F.);
#403 = EDGE_CURVE('',#344,#395,#404,.T.);
#404 = LINE('',#405,#406);
#405 = CARTESIAN_POINT('',(-0.6,-0.585,4.E-02));
#406 = VECTOR('',#407,1.);
#407 = DIRECTION('',(0.,1.,0.));
#408 = PLANE('',#409);
#409 = AXIS2_PLACEMENT_3D('',#410,#411,#412);
#410 = CARTESIAN_POINT('',(-0.6,-0.625,0.));
#411 = DIRECTION('',(1.,0.,0.));
#412 = DIRECTION('',(0.,0.,1.));
#413 = ADVANCED_FACE('',(#414),#440,.T.);
#414 = FACE_BOUND('',#415,.T.);
#415 = EDGE_LOOP('',(#416,#417,#425,#434));
#416 = ORIENTED_EDGE('',*,*,#341,.T.);
#417 = ORIENTED_EDGE('',*,*,#418,.T.);
#418 = EDGE_CURVE('',#344,#419,#421,.T.);
#419 = VERTEX_POINT('',#420);
#420 = CARTESIAN_POINT('',(0.6,-0.545,4.E-02));
#421 = LINE('',#422,#423);
#422 = CARTESIAN_POINT('',(-0.6,-0.545,4.E-02));
#423 = VECTOR('',#424,1.);
#424 = DIRECTION('',(1.,0.,0.));
#425 = ORIENTED_EDGE('',*,*,#426,.F.);
#426 = EDGE_CURVE('',#427,#419,#429,.T.);
#427 = VERTEX_POINT('',#428);
#428 = CARTESIAN_POINT('',(0.6,-0.585,8.E-02));
#429 = CIRCLE('',#430,4.E-02);
#430 = AXIS2_PLACEMENT_3D('',#431,#432,#433);
#431 = CARTESIAN_POINT('',(0.6,-0.545,8.E-02));
#432 = DIRECTION('',(1.,0.,-0.));
#433 = DIRECTION('',(0.,0.,1.));
#434 = ORIENTED_EDGE('',*,*,#435,.F.);
#435 = EDGE_CURVE('',#342,#427,#436,.T.);
#436 = LINE('',#437,#438);
#437 = CARTESIAN_POINT('',(-0.6,-0.585,8.E-02));
#438 = VECTOR('',#439,1.);
#439 = DIRECTION('',(1.,0.,0.));
#440 = CYLINDRICAL_SURFACE('',#441,4.E-02);
#441 = AXIS2_PLACEMENT_3D('',#442,#443,#444);
#442 = CARTESIAN_POINT('',(-0.6,-0.545,8.E-02));
#443 = DIRECTION('',(1.,0.,0.));
#444 = DIRECTION('',(0.,-1.,0.));
#445 = ADVANCED_FACE('',(#446),#464,.F.);
#446 = FACE_BOUND('',#447,.F.);
#447 = EDGE_LOOP('',(#448,#449,#450,#458));
#448 = ORIENTED_EDGE('',*,*,#403,.F.);
#449 = ORIENTED_EDGE('',*,*,#418,.T.);
#450 = ORIENTED_EDGE('',*,*,#451,.T.);
#451 = EDGE_CURVE('',#419,#452,#454,.T.);
#452 = VERTEX_POINT('',#453);
#453 = CARTESIAN_POINT('',(0.6,0.545,4.E-02));
#454 = LINE('',#455,#456);
#455 = CARTESIAN_POINT('',(0.6,-0.585,4.E-02));
#456 = VECTOR('',#457,1.);
#457 = DIRECTION('',(0.,1.,0.));
#458 = ORIENTED_EDGE('',*,*,#459,.F.);
#459 = EDGE_CURVE('',#395,#452,#460,.T.);
#460 = LINE('',#461,#462);
#461 = CARTESIAN_POINT('',(-0.6,0.545,4.E-02));
#462 = VECTOR('',#463,1.);
#463 = DIRECTION('',(1.,0.,0.));
#464 = PLANE('',#465);
#465 = AXIS2_PLACEMENT_3D('',#466,#467,#468);
#466 = CARTESIAN_POINT('',(-0.6,-0.585,4.E-02));
#467 = DIRECTION('',(0.,0.,1.));
#468 = DIRECTION('',(1.,0.,-0.));
#469 = ADVANCED_FACE('',(#470),#489,.T.);
#470 = FACE_BOUND('',#471,.T.);
#471 = EDGE_LOOP('',(#472,#480,#487,#488));
#472 = ORIENTED_EDGE('',*,*,#473,.T.);
#473 = EDGE_CURVE('',#387,#474,#476,.T.);
#474 = VERTEX_POINT('',#475);
#475 = CARTESIAN_POINT('',(0.6,0.585,8.E-02));
#476 = LINE('',#477,#478);
#477 = CARTESIAN_POINT('',(-0.6,0.585,8.E-02));
#478 = VECTOR('',#479,1.);
#479 = DIRECTION('',(1.,0.,0.));
#480 = ORIENTED_EDGE('',*,*,#481,.T.);
#481 = EDGE_CURVE('',#474,#452,#482,.T.);
#482 = CIRCLE('',#483,4.E-02);
#483 = AXIS2_PLACEMENT_3D('',#484,#485,#486);
#484 = CARTESIAN_POINT('',(0.6,0.545,8.E-02));
#485 = DIRECTION('',(-1.,0.,0.));
#486 = DIRECTION('',(0.,0.,1.));
#487 = ORIENTED_EDGE('',*,*,#459,.F.);
#488 = ORIENTED_EDGE('',*,*,#394,.F.);
#489 = CYLINDRICAL_SURFACE('',#490,4.E-02);
#490 = AXIS2_PLACEMENT_3D('',#491,#492,#493);
#491 = CARTESIAN_POINT('',(-0.6,0.545,8.E-02));
#492 = DIRECTION('',(1.,0.,0.));
#493 = DIRECTION('',(-0.,1.,0.));
#494 = ADVANCED_FACE('',(#495),#513,.T.);
#495 = FACE_BOUND('',#496,.T.);
#496 = EDGE_LOOP('',(#497,#505,#506,#507));
#497 = ORIENTED_EDGE('',*,*,#498,.F.);
#498 = EDGE_CURVE('',#474,#499,#501,.T.);
#499 = VERTEX_POINT('',#500);
#500 = CARTESIAN_POINT('',(0.6,0.585,1.17));
#501 = LINE('',#502,#503);
#502 = CARTESIAN_POINT('',(0.6,0.585,4.E-02));
#503 = VECTOR('',#504,1.);
#504 = DIRECTION('',(0.,0.,1.));
#505 = ORIENTED_EDGE('',*,*,#473,.F.);
#506 = ORIENTED_EDGE('',*,*,#386,.T.);
#507 = ORIENTED_EDGE('',*,*,#508,.T.);
#508 = EDGE_CURVE('',#378,#499,#509,.T.);
#509 = LINE('',#510,#511);
#510 = CARTESIAN_POINT('',(-0.6,0.585,1.17));
#511 = VECTOR('',#512,1.);
#512 = DIRECTION('',(1.,0.,0.));
#513 = PLANE('',#514);
#514 = AXIS2_PLACEMENT_3D('',#515,#516,#517);
#515 = CARTESIAN_POINT('',(-0.6,0.585,4.E-02));
#516 = DIRECTION('',(0.,1.,0.));
#517 = DIRECTION('',(0.,-0.,1.));
#518 = ADVANCED_FACE('',(#519),#538,.T.);
#519 = FACE_BOUND('',#520,.T.);
#520 = EDGE_LOOP('',(#521,#522,#530,#537));
#521 = ORIENTED_EDGE('',*,*,#377,.T.);
#522 = ORIENTED_EDGE('',*,*,#523,.T.);
#523 = EDGE_CURVE('',#370,#524,#526,.T.);
#524 = VERTEX_POINT('',#525);
#525 = CARTESIAN_POINT('',(0.6,0.545,1.21));
#526 = LINE('',#527,#528);
#527 = CARTESIAN_POINT('',(-0.6,0.545,1.21));
#528 = VECTOR('',#529,1.);
#529 = DIRECTION('',(1.,0.,0.));
#530 = ORIENTED_EDGE('',*,*,#531,.F.);
#531 = EDGE_CURVE('',#499,#524,#532,.T.);
#532 = CIRCLE('',#533,4.E-02);
#533 = AXIS2_PLACEMENT_3D('',#534,#535,#536);
#534 = CARTESIAN_POINT('',(0.6,0.545,1.17));
#535 = DIRECTION('',(1.,0.,-0.));
#536 = DIRECTION('',(0.,0.,1.));
#537 = ORIENTED_EDGE('',*,*,#508,.F.);
#538 = CYLINDRICAL_SURFACE('',#539,4.E-02);
#539 = AXIS2_PLACEMENT_3D('',#540,#541,#542);
#540 = CARTESIAN_POINT('',(-0.6,0.545,1.17));
#541 = DIRECTION('',(1.,0.,0.));
#542 = DIRECTION('',(-0.,1.,0.));
#543 = ADVANCED_FACE('',(#544),#562,.T.);
#544 = FACE_BOUND('',#545,.T.);
#545 = EDGE_LOOP('',(#546,#547,#555,#561));
#546 = ORIENTED_EDGE('',*,*,#369,.F.);
#547 = ORIENTED_EDGE('',*,*,#548,.T.);
#548 = EDGE_CURVE('',#361,#549,#551,.T.);
#549 = VERTEX_POINT('',#550);
#550 = CARTESIAN_POINT('',(0.6,-0.545,1.21));
#551 = LINE('',#552,#553);
#552 = CARTESIAN_POINT('',(-0.6,-0.545,1.21));
#553 = VECTOR('',#554,1.);
#554 = DIRECTION('',(1.,0.,0.));
#555 = ORIENTED_EDGE('',*,*,#556,.T.);
#556 = EDGE_CURVE('',#549,#524,#557,.T.);
#557 = LINE('',#558,#559);
#558 = CARTESIAN_POINT('',(0.6,-0.585,1.21));
#559 = VECTOR('',#560,1.);
#560 = DIRECTION('',(0.,1.,0.));
#561 = ORIENTED_EDGE('',*,*,#523,.F.);
#562 = PLANE('',#563);
#563 = AXIS2_PLACEMENT_3D('',#564,#565,#566);
#564 = CARTESIAN_POINT('',(-0.6,-0.585,1.21));
#565 = DIRECTION('',(0.,0.,1.));
#566 = DIRECTION('',(1.,0.,-0.));
#567 = ADVANCED_FACE('',(#568),#587,.T.);
#568 = FACE_BOUND('',#569,.T.);
#569 = EDGE_LOOP('',(#570,#578,#585,#586));
#570 = ORIENTED_EDGE('',*,*,#571,.T.);
#571 = EDGE_CURVE('',#353,#572,#574,.T.);
#572 = VERTEX_POINT('',#573);
#573 = CARTESIAN_POINT('',(0.6,-0.585,1.17));
#574 = LINE('',#575,#576);
#575 = CARTESIAN_POINT('',(-0.6,-0.585,1.17));
#576 = VECTOR('',#577,1.);
#577 = DIRECTION('',(1.,0.,0.));
#578 = ORIENTED_EDGE('',*,*,#579,.T.);
#579 = EDGE_CURVE('',#572,#549,#580,.T.);
#580 = CIRCLE('',#581,4.E-02);
#581 = AXIS2_PLACEMENT_3D('',#582,#583,#584);
#582 = CARTESIAN_POINT('',(0.6,-0.545,1.17));
#583 = DIRECTION('',(-1.,0.,0.));
#584 = DIRECTION('',(0.,0.,1.));
#585 = ORIENTED_EDGE('',*,*,#548,.F.);
#586 = ORIENTED_EDGE('',*,*,#360,.F.);
#587 = CYLINDRICAL_SURFACE('',#588,4.E-02);
#588 = AXIS2_PLACEMENT_3D('',#589,#590,#591);
#589 = CARTESIAN_POINT('',(-0.6,-0.545,1.17));
#590 = DIRECTION('',(1.,0.,0.));
#591 = DIRECTION('',(0.,-1.,0.));
#592 = ADVANCED_FACE('',(#593),#604,.F.);
#593 = FACE_BOUND('',#594,.F.);
#594 = EDGE_LOOP('',(#595,#601,#602,#603));
#595 = ORIENTED_EDGE('',*,*,#596,.F.);
#596 = EDGE_CURVE('',#427,#572,#597,.T.);
#597 = LINE('',#598,#599);
#598 = CARTESIAN_POINT('',(0.6,-0.585,4.E-02));
#599 = VECTOR('',#600,1.);
#600 = DIRECTION('',(0.,0.,1.));
#601 = ORIENTED_EDGE('',*,*,#435,.F.);
#602 = ORIENTED_EDGE('',*,*,#352,.T.);
#603 = ORIENTED_EDGE('',*,*,#571,.T.);
#604 = PLANE('',#605);
#605 = AXIS2_PLACEMENT_3D('',#606,#607,#608);
#606 = CARTESIAN_POINT('',(-0.6,-0.585,4.E-02));
#607 = DIRECTION('',(0.,1.,0.));
#608 = DIRECTION('',(0.,-0.,1.));
#609 = ADVANCED_FACE('',(#610,#680),#690,.F.);
#610 = FACE_BOUND('',#611,.F.);
#611 = EDGE_LOOP('',(#612,#622,#631,#639,#648,#656,#665,#673));
#612 = ORIENTED_EDGE('',*,*,#613,.F.);
#613 = EDGE_CURVE('',#614,#616,#618,.T.);
#614 = VERTEX_POINT('',#615);
#615 = CARTESIAN_POINT('',(0.6,-0.625,4.E-02));
#616 = VERTEX_POINT('',#617);
#617 = CARTESIAN_POINT('',(0.6,-0.625,1.21));
#618 = LINE('',#619,#620);
#619 = CARTESIAN_POINT('',(0.6,-0.625,0.));
#620 = VECTOR('',#621,1.);
#621 = DIRECTION('',(0.,0.,1.));
#622 = ORIENTED_EDGE('',*,*,#623,.T.);
#623 = EDGE_CURVE('',#614,#624,#626,.T.);
#624 = VERTEX_POINT('',#625);
#625 = CARTESIAN_POINT('',(0.6,-0.585,0.));
#626 = CIRCLE('',#627,4.E-02);
#627 = AXIS2_PLACEMENT_3D('',#628,#629,#630);
#628 = CARTESIAN_POINT('',(0.6,-0.585,4.E-02));
#629 = DIRECTION('',(1.,0.,-0.));
#630 = DIRECTION('',(0.,0.,1.));
#631 = ORIENTED_EDGE('',*,*,#632,.T.);
#632 = EDGE_CURVE('',#624,#633,#635,.T.);
#633 = VERTEX_POINT('',#634);
#634 = CARTESIAN_POINT('',(0.6,0.585,0.));
#635 = LINE('',#636,#637);
#636 = CARTESIAN_POINT('',(0.6,-0.625,0.));
#637 = VECTOR('',#638,1.);
#638 = DIRECTION('',(0.,1.,0.));
#639 = ORIENTED_EDGE('',*,*,#640,.F.);
#640 = EDGE_CURVE('',#641,#633,#643,.T.);
#641 = VERTEX_POINT('',#642);
#642 = CARTESIAN_POINT('',(0.6,0.625,4.E-02));
#643 = CIRCLE('',#644,4.E-02);
#644 = AXIS2_PLACEMENT_3D('',#645,#646,#647);
#645 = CARTESIAN_POINT('',(0.6,0.585,4.E-02));
#646 = DIRECTION('',(-1.,0.,0.));
#647 = DIRECTION('',(0.,0.,1.));
#648 = ORIENTED_EDGE('',*,*,#649,.T.);
#649 = EDGE_CURVE('',#641,#650,#652,.T.);
#650 = VERTEX_POINT('',#651);
#651 = CARTESIAN_POINT('',(0.6,0.625,1.21));
#652 = LINE('',#653,#654);
#653 = CARTESIAN_POINT('',(0.6,0.625,0.));
#654 = VECTOR('',#655,1.);
#655 = DIRECTION('',(0.,0.,1.));
#656 = ORIENTED_EDGE('',*,*,#657,.T.);
#657 = EDGE_CURVE('',#650,#658,#660,.T.);
#658 = VERTEX_POINT('',#659);
#659 = CARTESIAN_POINT('',(0.6,0.585,1.25));
#660 = CIRCLE('',#661,4.E-02);
#661 = AXIS2_PLACEMENT_3D('',#662,#663,#664);
#662 = CARTESIAN_POINT('',(0.6,0.585,1.21));
#663 = DIRECTION('',(1.,0.,-0.));
#664 = DIRECTION('',(0.,0.,1.));
#665 = ORIENTED_EDGE('',*,*,#666,.F.);
#666 = EDGE_CURVE('',#667,#658,#669,.T.);
#667 = VERTEX_POINT('',#668);
#668 = CARTESIAN_POINT('',(0.6,-0.585,1.25));
#669 = LINE('',#670,#671);
#670 = CARTESIAN_POINT('',(0.6,-0.625,1.25));
#671 = VECTOR('',#672,1.);
#672 = DIRECTION('',(0.,1.,0.));
#673 = ORIENTED_EDGE('',*,*,#674,.F.);
#674 = EDGE_CURVE('',#616,#667,#675,.T.);
#675 = CIRCLE('',#676,4.E-02);
#676 = AXIS2_PLACEMENT_3D('',#677,#678,#679);
#677 = CARTESIAN_POINT('',(0.6,-0.585,1.21));
#678 = DIRECTION('',(-1.,0.,0.));
#679 = DIRECTION('',(0.,0.,1.));
#680 = FACE_BOUND('',#681,.F.);
#681 = EDGE_LOOP('',(#682,#683,#684,#685,#686,#687,#688,#689));
#682 = ORIENTED_EDGE('',*,*,#426,.F.);
#683 = ORIENTED_EDGE('',*,*,#596,.T.);
#684 = ORIENTED_EDGE('',*,*,#579,.T.);
#685 = ORIENTED_EDGE('',*,*,#556,.T.);
#686 = ORIENTED_EDGE('',*,*,#531,.F.);
#687 = ORIENTED_EDGE('',*,*,#498,.F.);
#688 = ORIENTED_EDGE('',*,*,#481,.T.);
#689 = ORIENTED_EDGE('',*,*,#451,.F.);
#690 = PLANE('',#691);
#691 = AXIS2_PLACEMENT_3D('',#692,#693,#694);
#692 = CARTESIAN_POINT('',(0.6,-0.625,0.));
#693 = DIRECTION('',(1.,0.,0.));
#694 = DIRECTION('',(0.,0.,1.));
#695 = ADVANCED_FACE('',(#696),#721,.F.);
#696 = FACE_BOUND('',#697,.F.);
#697 = EDGE_LOOP('',(#698,#708,#714,#715));
#698 = ORIENTED_EDGE('',*,*,#699,.F.);
#699 = EDGE_CURVE('',#700,#702,#704,.T.);
#700 = VERTEX_POINT('',#701);
#701 = CARTESIAN_POINT('',(1.,-0.625,4.E-02));
#702 = VERTEX_POINT('',#703);
#703 = CARTESIAN_POINT('',(1.,-0.625,1.21));
#704 = LINE('',#705,#706);
#705 = CARTESIAN_POINT('',(1.,-0.625,0.));
#706 = VECTOR('',#707,1.);
#707 = DIRECTION('',(0.,0.,1.));
#708 = ORIENTED_EDGE('',*,*,#709,.F.);
#709 = EDGE_CURVE('',#614,#700,#710,.T.);
#710 = LINE('',#711,#712);
#711 = CARTESIAN_POINT('',(0.6,-0.625,4.E-02));
#712 = VECTOR('',#713,1.);
#713 = DIRECTION('',(1.,0.,0.));
#714 = ORIENTED_EDGE('',*,*,#613,.T.);
#715 = ORIENTED_EDGE('',*,*,#716,.T.);
#716 = EDGE_CURVE('',#616,#702,#717,.T.);
#717 = LINE('',#718,#719);
#718 = CARTESIAN_POINT('',(0.6,-0.625,1.21));
#719 = VECTOR('',#720,1.);
#720 = DIRECTION('',(1.,0.,0.));
#721 = PLANE('',#722);
#722 = AXIS2_PLACEMENT_3D('',#723,#724,#725);
#723 = CARTESIAN_POINT('',(0.6,-0.625,0.));
#724 = DIRECTION('',(0.,1.,0.));
#725 = DIRECTION('',(0.,-0.,1.));
#726 = ADVANCED_FACE('',(#727),#746,.T.);
#727 = FACE_BOUND('',#728,.T.);
#728 = EDGE_LOOP('',(#729,#730,#738,#745));
#729 = ORIENTED_EDGE('',*,*,#623,.T.);
#730 = ORIENTED_EDGE('',*,*,#731,.T.);
#731 = EDGE_CURVE('',#624,#732,#734,.T.);
#732 = VERTEX_POINT('',#733);
#733 = CARTESIAN_POINT('',(1.,-0.585,0.));
#734 = LINE('',#735,#736);
#735 = CARTESIAN_POINT('',(0.6,-0.585,0.));
#736 = VECTOR('',#737,1.);
#737 = DIRECTION('',(1.,0.,0.));
#738 = ORIENTED_EDGE('',*,*,#739,.F.);
#739 = EDGE_CURVE('',#700,#732,#740,.T.);
#740 = CIRCLE('',#741,4.E-02);
#741 = AXIS2_PLACEMENT_3D('',#742,#743,#744);
#742 = CARTESIAN_POINT('',(1.,-0.585,4.E-02));
#743 = DIRECTION('',(1.,0.,-0.));
#744 = DIRECTION('',(0.,0.,1.));
#745 = ORIENTED_EDGE('',*,*,#709,.F.);
#746 = CYLINDRICAL_SURFACE('',#747,4.E-02);
#747 = AXIS2_PLACEMENT_3D('',#748,#749,#750);
#748 = CARTESIAN_POINT('',(0.6,-0.585,4.E-02));
#749 = DIRECTION('',(1.,0.,0.));
#750 = DIRECTION('',(0.,-1.,0.));
#751 = ADVANCED_FACE('',(#752),#771,.T.);
#752 = FACE_BOUND('',#753,.T.);
#753 = EDGE_LOOP('',(#754,#755,#764,#770));
#754 = ORIENTED_EDGE('',*,*,#716,.T.);
#755 = ORIENTED_EDGE('',*,*,#756,.T.);
#756 = EDGE_CURVE('',#702,#757,#759,.T.);
#757 = VERTEX_POINT('',#758);
#758 = CARTESIAN_POINT('',(1.,-0.585,1.25));
#759 = CIRCLE('',#760,4.E-02);
#760 = AXIS2_PLACEMENT_3D('',#761,#762,#763);
#761 = CARTESIAN_POINT('',(1.,-0.585,1.21));
#762 = DIRECTION('',(-1.,0.,0.));
#763 = DIRECTION('',(0.,0.,1.));
#764 = ORIENTED_EDGE('',*,*,#765,.F.);
#765 = EDGE_CURVE('',#667,#757,#766,.T.);
#766 = LINE('',#767,#768);
#767 = CARTESIAN_POINT('',(0.6,-0.585,1.25));
#768 = VECTOR('',#769,1.);
#769 = DIRECTION('',(1.,0.,0.));
#770 = ORIENTED_EDGE('',*,*,#674,.F.);
#771 = CYLINDRICAL_SURFACE('',#772,4.E-02);
#772 = AXIS2_PLACEMENT_3D('',#773,#774,#775);
#773 = CARTESIAN_POINT('',(0.6,-0.585,1.21));
#774 = DIRECTION('',(1.,0.,0.));
#775 = DIRECTION('',(0.,-1.,0.));
#776 = ADVANCED_FACE('',(#777),#795,.F.);
#777 = FACE_BOUND('',#778,.F.);
#778 = EDGE_LOOP('',(#779,#780,#781,#789));
#779 = ORIENTED_EDGE('',*,*,#632,.F.);
#780 = ORIENTED_EDGE('',*,*,#731,.T.);
#781 = ORIENTED_EDGE('',*,*,#782,.T.);
#782 = EDGE_CURVE('',#732,#783,#785,.T.);
#783 = VERTEX_POINT('',#784);
#784 = CARTESIAN_POINT('',(1.,0.585,0.));
#785 = LINE('',#786,#787);
#786 = CARTESIAN_POINT('',(1.,-0.625,0.));
#787 = VECTOR('',#788,1.);
#788 = DIRECTION('',(0.,1.,0.));
#789 = ORIENTED_EDGE('',*,*,#790,.F.);
#790 = EDGE_CURVE('',#633,#783,#791,.T.);
#791 = LINE('',#792,#793);
#792 = CARTESIAN_POINT('',(0.6,0.585,0.));
#793 = VECTOR('',#794,1.);
#794 = DIRECTION('',(1.,0.,0.));
#795 = PLANE('',#796);
#796 = AXIS2_PLACEMENT_3D('',#797,#798,#799);
#797 = CARTESIAN_POINT('',(0.6,-0.625,0.));
#798 = DIRECTION('',(0.,0.,1.));
#799 = DIRECTION('',(1.,0.,-0.));
#800 = ADVANCED_FACE('',(#801),#819,.T.);
#801 = FACE_BOUND('',#802,.T.);
#802 = EDGE_LOOP('',(#803,#804,#805,#813));
#803 = ORIENTED_EDGE('',*,*,#666,.F.);
#804 = ORIENTED_EDGE('',*,*,#765,.T.);
#805 = ORIENTED_EDGE('',*,*,#806,.T.);
#806 = EDGE_CURVE('',#757,#807,#809,.T.);
#807 = VERTEX_POINT('',#808);
#808 = CARTESIAN_POINT('',(1.,0.585,1.25));
#809 = LINE('',#810,#811);
#810 = CARTESIAN_POINT('',(1.,-0.625,1.25));
#811 = VECTOR('',#812,1.);
#812 = DIRECTION('',(0.,1.,0.));
#813 = ORIENTED_EDGE('',*,*,#814,.F.);
#814 = EDGE_CURVE('',#658,#807,#815,.T.);
#815 = LINE('',#816,#817);
#816 = CARTESIAN_POINT('',(0.6,0.585,1.25));
#817 = VECTOR('',#818,1.);
#818 = DIRECTION('',(1.,0.,0.));
#819 = PLANE('',#820);
#820 = AXIS2_PLACEMENT_3D('',#821,#822,#823);
#821 = CARTESIAN_POINT('',(0.6,-0.625,1.25));
#822 = DIRECTION('',(0.,0.,1.));
#823 = DIRECTION('',(1.,0.,-0.));
#824 = ADVANCED_FACE('',(#825),#844,.T.);
#825 = FACE_BOUND('',#826,.T.);
#826 = EDGE_LOOP('',(#827,#835,#842,#843));
#827 = ORIENTED_EDGE('',*,*,#828,.T.);
#828 = EDGE_CURVE('',#641,#829,#831,.T.);
#829 = VERTEX_POINT('',#830);
#830 = CARTESIAN_POINT('',(1.,0.625,4.E-02));
#831 = LINE('',#832,#833);
#832 = CARTESIAN_POINT('',(0.6,0.625,4.E-02));
#833 = VECTOR('',#834,1.);
#834 = DIRECTION('',(1.,0.,0.));
#835 = ORIENTED_EDGE('',*,*,#836,.T.);
#836 = EDGE_CURVE('',#829,#783,#837,.T.);
#837 = CIRCLE('',#838,4.E-02);
#838 = AXIS2_PLACEMENT_3D('',#839,#840,#841);
#839 = CARTESIAN_POINT('',(1.,0.585,4.E-02));
#840 = DIRECTION('',(-1.,0.,0.));
#841 = DIRECTION('',(0.,0.,1.));
#842 = ORIENTED_EDGE('',*,*,#790,.F.);
#843 = ORIENTED_EDGE('',*,*,#640,.F.);
#844 = CYLINDRICAL_SURFACE('',#845,4.E-02);
#845 = AXIS2_PLACEMENT_3D('',#846,#847,#848);
#846 = CARTESIAN_POINT('',(0.6,0.585,4.E-02));
#847 = DIRECTION('',(1.,0.,0.));
#848 = DIRECTION('',(-0.,1.,0.));
#849 = ADVANCED_FACE('',(#850),#869,.T.);
#850 = FACE_BOUND('',#851,.T.);
#851 = EDGE_LOOP('',(#852,#853,#854,#863));
#852 = ORIENTED_EDGE('',*,*,#657,.T.);
#853 = ORIENTED_EDGE('',*,*,#814,.T.);
#854 = ORIENTED_EDGE('',*,*,#855,.F.);
#855 = EDGE_CURVE('',#856,#807,#858,.T.);
#856 = VERTEX_POINT('',#857);
#857 = CARTESIAN_POINT('',(1.,0.625,1.21));
#858 = CIRCLE('',#859,4.E-02);
#859 = AXIS2_PLACEMENT_3D('',#860,#861,#862);
#860 = CARTESIAN_POINT('',(1.,0.585,1.21));
#861 = DIRECTION('',(1.,0.,-0.));
#862 = DIRECTION('',(0.,0.,1.));
#863 = ORIENTED_EDGE('',*,*,#864,.F.);
#864 = EDGE_CURVE('',#650,#856,#865,.T.);
#865 = LINE('',#866,#867);
#866 = CARTESIAN_POINT('',(0.6,0.625,1.21));
#867 = VECTOR('',#868,1.);
#868 = DIRECTION('',(1.,0.,0.));
#869 = CYLINDRICAL_SURFACE('',#870,4.E-02);
#870 = AXIS2_PLACEMENT_3D('',#871,#872,#873);
#871 = CARTESIAN_POINT('',(0.6,0.585,1.21));
#872 = DIRECTION('',(1.,0.,0.));
#873 = DIRECTION('',(-0.,1.,0.));
#874 = ADVANCED_FACE('',(#875),#886,.T.);
#875 = FACE_BOUND('',#876,.T.);
#876 = EDGE_LOOP('',(#877,#883,#884,#885));
#877 = ORIENTED_EDGE('',*,*,#878,.F.);
#878 = EDGE_CURVE('',#829,#856,#879,.T.);
#879 = LINE('',#880,#881);
#880 = CARTESIAN_POINT('',(1.,0.625,0.));
#881 = VECTOR('',#882,1.);
#882 = DIRECTION('',(0.,0.,1.));
#883 = ORIENTED_EDGE('',*,*,#828,.F.);
#884 = ORIENTED_EDGE('',*,*,#649,.T.);
#885 = ORIENTED_EDGE('',*,*,#864,.T.);
#886 = PLANE('',#887);
#887 = AXIS2_PLACEMENT_3D('',#888,#889,#890);
#888 = CARTESIAN_POINT('',(0.6,0.625,0.));
#889 = DIRECTION('',(0.,1.,0.));
#890 = DIRECTION('',(0.,-0.,1.));
#891 = ADVANCED_FACE('',(#892),#902,.T.);
#892 = FACE_BOUND('',#893,.T.);
#893 = EDGE_LOOP('',(#894,#895,#896,#897,#898,#899,#900,#901));
#894 = ORIENTED_EDGE('',*,*,#699,.F.);
#895 = ORIENTED_EDGE('',*,*,#739,.T.);
#896 = ORIENTED_EDGE('',*,*,#782,.T.);
#897 = ORIENTED_EDGE('',*,*,#836,.F.);
#898 = ORIENTED_EDGE('',*,*,#878,.T.);
#899 = ORIENTED_EDGE('',*,*,#855,.T.);
#900 = ORIENTED_EDGE('',*,*,#806,.F.);
#901 = ORIENTED_EDGE('',*,*,#756,.F.);
#902 = PLANE('',#903);
#903 = AXIS2_PLACEMENT_3D('',#904,#905,#906);
#904 = CARTESIAN_POINT('',(1.,-0.625,0.));
#905 = DIRECTION('',(1.,0.,0.));
#906 = DIRECTION('',(0.,0.,1.));
#907 = ( GEOMETRIC_REPRESENTATION_CONTEXT(3) 
GLOBAL_UNCERTAINTY_ASSIGNED_CONTEXT((#911)) GLOBAL_UNIT_ASSIGNED_CONTEXT
((#908,#909,#910)) REPRESENTATION_CONTEXT('Context #1',
  '3D Context with UNIT and UNCERTAINTY') );
#908 = ( LENGTH_UNIT() NAMED_UNIT(*) SI_UNIT(.MILLI.,.METRE.) );
#909 = ( NAMED_UNIT(*) PLANE_ANGLE_UNIT() SI_UNIT($,.RADIAN.) );
#910 = ( NAMED_UNIT(*) SI_UNIT($,.STERADIAN.) SOLID_ANGLE_UNIT() );
#911 = UNCERTAINTY_MEASURE_WITH_UNIT(LENGTH_MEASURE(1.E-07),#908,
  'distance_accuracy_value','confusion accuracy');
#912 = CONTEXT_DEPENDENT_SHAPE_REPRESENTATION(#913,#915);
#913 = ( REPRESENTATION_RELATIONSHIP('','',#52,#10) 
REPRESENTATION_RELATIONSHIP_WITH_TRANSFORMATION(#914) 
SHAPE_REPRESENTATION_RELATIONSHIP() );
#914 = ITEM_DEFINED_TRANSFORMATION('','',#11,#15);
#915 = PRODUCT_DEFINITION_SHAPE('Placement','Placement of an item',#916
  );
#916 = NEXT_ASSEMBLY_USAGE_OCCURRENCE('1','C1','',#5,#47,$);
#917 = PRODUCT_RELATED_PRODUCT_CATEGORY('part',$,(#49));
#918 = SHAPE_DEFINITION_REPRESENTATION(#919,#925);
#919 = PRODUCT_DEFINITION_SHAPE('','',#920);
#920 = PRODUCT_DEFINITION('design','',#921,#924);
#921 = PRODUCT_DEFINITION_FORMATION('','',#922);
#922 = PRODUCT('SOT-23','SOT-23','',(#923));
#923 = PRODUCT_CONTEXT('',#2,'mechanical');
#924 = PRODUCT_DEFINITION_CONTEXT('part definition',#2,'design');
#925 = ADVANCED_BREP_SHAPE_REPRESENTATION('',(#11,#926),#2908);
#926 = MANIFOLD_SOLID_BREP('',#927);
#927 = CLOSED_SHELL('',(#928,#966,#1029,#1052,#1081,#1104,#1159,#1198,
    #1221,#1244,#1261,#1284,#1372,#1388,#1418,#1451,#1482,#1515,#1532,
    #1549,#1582,#1612,#1635,#1658,#1675,#1704,#1758,#1781,#1804,#1827,
    #1866,#1888,#1932,#2007,#2031,#2099,#2116,#2191,#2215,#2283,#2358,
    #2382,#2450,#2467,#2484,#2530,#2546,#2562,#2579,#2591,#2608,#2625,
    #2642,#2659,#2676,#2693,#2705,#2722,#2739,#2756,#2773,#2790,#2802,
    #2819,#2836,#2853,#2870,#2887,#2899));
#928 = ADVANCED_FACE('',(#929),#961,.F.);
#929 = FACE_BOUND('',#930,.F.);
#930 = EDGE_LOOP('',(#931,#941,#948,#956));
#931 = ORIENTED_EDGE('',*,*,#932,.T.);
#932 = EDGE_CURVE('',#933,#935,#937,.T.);
#933 = VERTEX_POINT('',#934);
#934 = CARTESIAN_POINT('',(-0.571621551758,1.433243103516,0.1));
#935 = VERTEX_POINT('',#936);
#936 = CARTESIAN_POINT('',(0.571621551758,1.433243103516,0.1));
#937 = LINE('',#938,#939);
#938 = CARTESIAN_POINT('',(-0.571621551758,1.433243103516,0.1));
#939 = VECTOR('',#940,1.);
#940 = DIRECTION('',(1.,1.110223024625E-16,0.));
#941 = ORIENTED_EDGE('',*,*,#942,.T.);
#942 = EDGE_CURVE('',#935,#943,#945,.T.);
#943 = VERTEX_POINT('',#944);
#944 = CARTESIAN_POINT('',(0.605,1.5,0.575));
#945 = B_SPLINE_CURVE_WITH_KNOTS('',1,(#946,#947),.UNSPECIFIED.,.F.,.F.,
  (2,2),(0.,1.),.PIECEWISE_BEZIER_KNOTS.);
#946 = CARTESIAN_POINT('',(0.571621551758,1.433243103516,0.1));
#947 = CARTESIAN_POINT('',(0.605,1.5,0.575));
#948 = ORIENTED_EDGE('',*,*,#949,.F.);
#949 = EDGE_CURVE('',#950,#943,#952,.T.);
#950 = VERTEX_POINT('',#951);
#951 = CARTESIAN_POINT('',(-0.605,1.5,0.575));
#952 = LINE('',#953,#954);
#953 = CARTESIAN_POINT('',(-0.605,1.5,0.575));
#954 = VECTOR('',#955,1.);
#955 = DIRECTION('',(1.,1.110223024625E-16,0.));
#956 = ORIENTED_EDGE('',*,*,#957,.F.);
#957 = EDGE_CURVE('',#933,#950,#958,.T.);
#958 = B_SPLINE_CURVE_WITH_KNOTS('',1,(#959,#960),.UNSPECIFIED.,.F.,.F.,
  (2,2),(0.,1.),.PIECEWISE_BEZIER_KNOTS.);
#959 = CARTESIAN_POINT('',(-0.571621551758,1.433243103516,0.1));
#960 = CARTESIAN_POINT('',(-0.605,1.5,0.575));
#961 = B_SPLINE_SURFACE_WITH_KNOTS('',1,1,(
    (#962,#963)
    ,(#964,#965
    )),.UNSPECIFIED.,.F.,.F.,.F.,(2,2),(2,2),(0.,1.21),(0.,1.),
  .PIECEWISE_BEZIER_KNOTS.);
#962 = CARTESIAN_POINT('',(-0.571621551758,1.433243103516,0.1));
#963 = CARTESIAN_POINT('',(-0.605,1.5,0.575));
#964 = CARTESIAN_POINT('',(0.571621551758,1.433243103516,0.1));
#965 = CARTESIAN_POINT('',(0.605,1.5,0.575));
#966 = ADVANCED_FACE('',(#967),#1024,.T.);
#967 = FACE_BOUND('',#968,.T.);
#968 = EDGE_LOOP('',(#969,#970,#978,#986,#994,#1002,#1010,#1018));
#969 = ORIENTED_EDGE('',*,*,#932,.T.);
#970 = ORIENTED_EDGE('',*,*,#971,.T.);
#971 = EDGE_CURVE('',#935,#972,#974,.T.);
#972 = VERTEX_POINT('',#973);
#973 = CARTESIAN_POINT('',(0.633243103516,1.371621551758,0.1));
#974 = LINE('',#975,#976);
#975 = CARTESIAN_POINT('',(0.571621551758,1.433243103516,0.1));
#976 = VECTOR('',#977,1.);
#977 = DIRECTION('',(0.707106781187,-0.707106781187,0.));
#978 = ORIENTED_EDGE('',*,*,#979,.T.);
#979 = EDGE_CURVE('',#972,#980,#982,.T.);
#980 = VERTEX_POINT('',#981);
#981 = CARTESIAN_POINT('',(0.633243103516,-1.371621551758,0.1));
#982 = LINE('',#983,#984);
#983 = CARTESIAN_POINT('',(0.633243103516,1.371621551758,0.1));
#984 = VECTOR('',#985,1.);
#985 = DIRECTION('',(1.110223024625E-16,-1.,0.));
#986 = ORIENTED_EDGE('',*,*,#987,.T.);
#987 = EDGE_CURVE('',#980,#988,#990,.T.);
#988 = VERTEX_POINT('',#989);
#989 = CARTESIAN_POINT('',(0.571621551758,-1.433243103516,0.1));
#990 = LINE('',#991,#992);
#991 = CARTESIAN_POINT('',(0.633243103516,-1.371621551758,0.1));
#992 = VECTOR('',#993,1.);
#993 = DIRECTION('',(-0.707106781187,-0.707106781187,0.));
#994 = ORIENTED_EDGE('',*,*,#995,.T.);
#995 = EDGE_CURVE('',#988,#996,#998,.T.);
#996 = VERTEX_POINT('',#997);
#997 = CARTESIAN_POINT('',(-0.571621551758,-1.433243103516,0.1));
#998 = LINE('',#999,#1000);
#999 = CARTESIAN_POINT('',(0.571621551758,-1.433243103516,0.1));
#1000 = VECTOR('',#1001,1.);
#1001 = DIRECTION('',(-1.,-1.110223024625E-16,0.));
#1002 = ORIENTED_EDGE('',*,*,#1003,.T.);
#1003 = EDGE_CURVE('',#996,#1004,#1006,.T.);
#1004 = VERTEX_POINT('',#1005);
#1005 = CARTESIAN_POINT('',(-0.633243103516,-1.371621551758,0.1));
#1006 = LINE('',#1007,#1008);
#1007 = CARTESIAN_POINT('',(-0.571621551758,-1.433243103516,0.1));
#1008 = VECTOR('',#1009,1.);
#1009 = DIRECTION('',(-0.707106781187,0.707106781187,0.));
#1010 = ORIENTED_EDGE('',*,*,#1011,.T.);
#1011 = EDGE_CURVE('',#1004,#1012,#1014,.T.);
#1012 = VERTEX_POINT('',#1013);
#1013 = CARTESIAN_POINT('',(-0.633243103516,1.371621551758,0.1));
#1014 = LINE('',#1015,#1016);
#1015 = CARTESIAN_POINT('',(-0.633243103516,-1.371621551758,0.1));
#1016 = VECTOR('',#1017,1.);
#1017 = DIRECTION('',(-1.110223024625E-16,1.,0.));
#1018 = ORIENTED_EDGE('',*,*,#1019,.T.);
#1019 = EDGE_CURVE('',#1012,#933,#1020,.T.);
#1020 = LINE('',#1021,#1022);
#1021 = CARTESIAN_POINT('',(-0.633243103516,1.371621551758,0.1));
#1022 = VECTOR('',#1023,1.);
#1023 = DIRECTION('',(0.707106781187,0.707106781187,0.));
#1024 = PLANE('',#1025);
#1025 = AXIS2_PLACEMENT_3D('',#1026,#1027,#1028);
#1026 = CARTESIAN_POINT('',(-0.571621551758,1.433243103516,0.1));
#1027 = DIRECTION('',(0.,0.,-1.));
#1028 = DIRECTION('',(0.370454302632,-0.928850692879,0.));
#1029 = ADVANCED_FACE('',(#1030),#1047,.F.);
#1030 = FACE_BOUND('',#1031,.F.);
#1031 = EDGE_LOOP('',(#1032,#1033,#1040,#1046));
#1032 = ORIENTED_EDGE('',*,*,#971,.T.);
#1033 = ORIENTED_EDGE('',*,*,#1034,.T.);
#1034 = EDGE_CURVE('',#972,#1035,#1037,.T.);
#1035 = VERTEX_POINT('',#1036);
#1036 = CARTESIAN_POINT('',(0.7,1.405,0.575));
#1037 = B_SPLINE_CURVE_WITH_KNOTS('',1,(#1038,#1039),.UNSPECIFIED.,.F.,
  .F.,(2,2),(0.,1.),.PIECEWISE_BEZIER_KNOTS.);
#1038 = CARTESIAN_POINT('',(0.633243103516,1.371621551758,0.1));
#1039 = CARTESIAN_POINT('',(0.7,1.405,0.575));
#1040 = ORIENTED_EDGE('',*,*,#1041,.F.);
#1041 = EDGE_CURVE('',#943,#1035,#1042,.T.);
#1042 = LINE('',#1043,#1044);
#1043 = CARTESIAN_POINT('',(0.605,1.5,0.575));
#1044 = VECTOR('',#1045,1.);
#1045 = DIRECTION('',(0.707106781187,-0.707106781187,0.));
#1046 = ORIENTED_EDGE('',*,*,#942,.F.);
#1047 = B_SPLINE_SURFACE_WITH_KNOTS('',1,1,(
    (#1048,#1049)
    ,(#1050,#1051
    )),.UNSPECIFIED.,.F.,.F.,.F.,(2,2),(2,2),(0.,0.134350288425),(0.,1.)
  ,.PIECEWISE_BEZIER_KNOTS.);
#1048 = CARTESIAN_POINT('',(0.571621551758,1.433243103516,0.1));
#1049 = CARTESIAN_POINT('',(0.605,1.5,0.575));
#1050 = CARTESIAN_POINT('',(0.633243103516,1.371621551758,0.1));
#1051 = CARTESIAN_POINT('',(0.7,1.405,0.575));
#1052 = ADVANCED_FACE('',(#1053),#1076,.F.);
#1053 = FACE_BOUND('',#1054,.F.);
#1054 = EDGE_LOOP('',(#1055,#1056,#1063,#1071));
#1055 = ORIENTED_EDGE('',*,*,#949,.T.);
#1056 = ORIENTED_EDGE('',*,*,#1057,.T.);
#1057 = EDGE_CURVE('',#943,#1058,#1060,.T.);
#1058 = VERTEX_POINT('',#1059);
#1059 = CARTESIAN_POINT('',(0.605,1.5,0.725));
#1060 = B_SPLINE_CURVE_WITH_KNOTS('',1,(#1061,#1062),.UNSPECIFIED.,.F.,
  .F.,(2,2),(0.,1.),.PIECEWISE_BEZIER_KNOTS.);
#1061 = CARTESIAN_POINT('',(0.605,1.5,0.575));
#1062 = CARTESIAN_POINT('',(0.605,1.5,0.725));
#1063 = ORIENTED_EDGE('',*,*,#1064,.F.);
#1064 = EDGE_CURVE('',#1065,#1058,#1067,.T.);
#1065 = VERTEX_POINT('',#1066);
#1066 = CARTESIAN_POINT('',(-0.605,1.5,0.725));
#1067 = LINE('',#1068,#1069);
#1068 = CARTESIAN_POINT('',(-0.605,1.5,0.725));
#1069 = VECTOR('',#1070,1.);
#1070 = DIRECTION('',(1.,1.110223024625E-16,0.));
#1071 = ORIENTED_EDGE('',*,*,#1072,.F.);
#1072 = EDGE_CURVE('',#950,#1065,#1073,.T.);
#1073 = B_SPLINE_CURVE_WITH_KNOTS('',1,(#1074,#1075),.UNSPECIFIED.,.F.,
  .F.,(2,2),(0.,1.),.PIECEWISE_BEZIER_KNOTS.);
#1074 = CARTESIAN_POINT('',(-0.605,1.5,0.575));
#1075 = CARTESIAN_POINT('',(-0.605,1.5,0.725));
#1076 = PLANE('',#1077);
#1077 = AXIS2_PLACEMENT_3D('',#1078,#1079,#1080);
#1078 = CARTESIAN_POINT('',(-0.605,1.5,0.725));
#1079 = DIRECTION('',(1.110223024625E-16,-1.,0.));
#1080 = DIRECTION('',(1.,1.110223024625E-16,0.));
#1081 = ADVANCED_FACE('',(#1082),#1099,.F.);
#1082 = FACE_BOUND('',#1083,.F.);
#1083 = EDGE_LOOP('',(#1084,#1085,#1086,#1094));
#1084 = ORIENTED_EDGE('',*,*,#1019,.T.);
#1085 = ORIENTED_EDGE('',*,*,#957,.T.);
#1086 = ORIENTED_EDGE('',*,*,#1087,.F.);
#1087 = EDGE_CURVE('',#1088,#950,#1090,.T.);
#1088 = VERTEX_POINT('',#1089);
#1089 = CARTESIAN_POINT('',(-0.7,1.405,0.575));
#1090 = LINE('',#1091,#1092);
#1091 = CARTESIAN_POINT('',(-0.7,1.405,0.575));
#1092 = VECTOR('',#1093,1.);
#1093 = DIRECTION('',(0.707106781187,0.707106781187,0.));
#1094 = ORIENTED_EDGE('',*,*,#1095,.F.);
#1095 = EDGE_CURVE('',#1012,#1088,#1096,.T.);
#1096 = B_SPLINE_CURVE_WITH_KNOTS('',1,(#1097,#1098),.UNSPECIFIED.,.F.,
  .F.,(2,2),(0.,1.),.PIECEWISE_BEZIER_KNOTS.);
#1097 = CARTESIAN_POINT('',(-0.633243103516,1.371621551758,0.1));
#1098 = CARTESIAN_POINT('',(-0.7,1.405,0.575));
#1099 = B_SPLINE_SURFACE_WITH_KNOTS('',1,1,(
    (#1100,#1101)
    ,(#1102,#1103
    )),.UNSPECIFIED.,.F.,.F.,.F.,(2,2),(2,2),(0.,0.134350288425),(0.,1.)
  ,.PIECEWISE_BEZIER_KNOTS.);
#1100 = CARTESIAN_POINT('',(-0.633243103516,1.371621551758,0.1));
#1101 = CARTESIAN_POINT('',(-0.7,1.405,0.575));
#1102 = CARTESIAN_POINT('',(-0.571621551758,1.433243103516,0.1));
#1103 = CARTESIAN_POINT('',(-0.605,1.5,0.575));
#1104 = ADVANCED_FACE('',(#1105),#1154,.F.);
#1105 = FACE_BOUND('',#1106,.F.);
#1106 = EDGE_LOOP('',(#1107,#1108,#1109,#1117,#1125,#1133,#1141,#1149));
#1107 = ORIENTED_EDGE('',*,*,#1011,.T.);
#1108 = ORIENTED_EDGE('',*,*,#1095,.T.);
#1109 = ORIENTED_EDGE('',*,*,#1110,.F.);
#1110 = EDGE_CURVE('',#1111,#1088,#1113,.T.);
#1111 = VERTEX_POINT('',#1112);
#1112 = CARTESIAN_POINT('',(-0.7,1.15,0.575));
#1113 = LINE('',#1114,#1115);
#1114 = CARTESIAN_POINT('',(-0.7,-1.405,0.575));
#1115 = VECTOR('',#1116,1.);
#1116 = DIRECTION('',(-1.110223024625E-16,1.,0.));
#1117 = ORIENTED_EDGE('',*,*,#1118,.F.);
#1118 = EDGE_CURVE('',#1119,#1111,#1121,.T.);
#1119 = VERTEX_POINT('',#1120);
#1120 = CARTESIAN_POINT('',(-0.7,0.75,0.575));
#1121 = LINE('',#1122,#1123);
#1122 = CARTESIAN_POINT('',(-0.7,0.75,0.575));
#1123 = VECTOR('',#1124,1.);
#1124 = DIRECTION('',(1.144237745222E-17,1.,0.));
#1125 = ORIENTED_EDGE('',*,*,#1126,.F.);
#1126 = EDGE_CURVE('',#1127,#1119,#1129,.T.);
#1127 = VERTEX_POINT('',#1128);
#1128 = CARTESIAN_POINT('',(-0.7,-0.75,0.575));
#1129 = LINE('',#1130,#1131);
#1130 = CARTESIAN_POINT('',(-0.7,-1.405,0.575));
#1131 = VECTOR('',#1132,1.);
#1132 = DIRECTION('',(-1.110223024625E-16,1.,0.));
#1133 = ORIENTED_EDGE('',*,*,#1134,.F.);
#1134 = EDGE_CURVE('',#1135,#1127,#1137,.T.);
#1135 = VERTEX_POINT('',#1136);
#1136 = CARTESIAN_POINT('',(-0.7,-1.15,0.575));
#1137 = LINE('',#1138,#1139);
#1138 = CARTESIAN_POINT('',(-0.7,-1.15,0.575));
#1139 = VECTOR('',#1140,1.);
#1140 = DIRECTION('',(1.144237745222E-17,1.,0.));
#1141 = ORIENTED_EDGE('',*,*,#1142,.F.);
#1142 = EDGE_CURVE('',#1143,#1135,#1145,.T.);
#1143 = VERTEX_POINT('',#1144);
#1144 = CARTESIAN_POINT('',(-0.7,-1.405,0.575));
#1145 = LINE('',#1146,#1147);
#1146 = CARTESIAN_POINT('',(-0.7,-1.405,0.575));
#1147 = VECTOR('',#1148,1.);
#1148 = DIRECTION('',(-1.110223024625E-16,1.,0.));
#1149 = ORIENTED_EDGE('',*,*,#1150,.F.);
#1150 = EDGE_CURVE('',#1004,#1143,#1151,.T.);
#1151 = B_SPLINE_CURVE_WITH_KNOTS('',1,(#1152,#1153),.UNSPECIFIED.,.F.,
  .F.,(2,2),(0.,1.),.PIECEWISE_BEZIER_KNOTS.);
#1152 = CARTESIAN_POINT('',(-0.633243103516,-1.371621551758,0.1));
#1153 = CARTESIAN_POINT('',(-0.7,-1.405,0.575));
#1154 = B_SPLINE_SURFACE_WITH_KNOTS('',1,1,(
    (#1155,#1156)
    ,(#1157,#1158
    )),.UNSPECIFIED.,.F.,.F.,.F.,(2,2),(2,2),(0.,2.81),(0.,1.),
  .PIECEWISE_BEZIER_KNOTS.);
#1155 = CARTESIAN_POINT('',(-0.633243103516,-1.371621551758,0.1));
#1156 = CARTESIAN_POINT('',(-0.7,-1.405,0.575));
#1157 = CARTESIAN_POINT('',(-0.633243103516,1.371621551758,0.1));
#1158 = CARTESIAN_POINT('',(-0.7,1.405,0.575));
#1159 = ADVANCED_FACE('',(#1160),#1193,.F.);
#1160 = FACE_BOUND('',#1161,.F.);
#1161 = EDGE_LOOP('',(#1162,#1163,#1170,#1178,#1186,#1192));
#1162 = ORIENTED_EDGE('',*,*,#979,.T.);
#1163 = ORIENTED_EDGE('',*,*,#1164,.T.);
#1164 = EDGE_CURVE('',#980,#1165,#1167,.T.);
#1165 = VERTEX_POINT('',#1166);
#1166 = CARTESIAN_POINT('',(0.7,-1.405,0.575));
#1167 = B_SPLINE_CURVE_WITH_KNOTS('',1,(#1168,#1169),.UNSPECIFIED.,.F.,
  .F.,(2,2),(0.,1.),.PIECEWISE_BEZIER_KNOTS.);
#1168 = CARTESIAN_POINT('',(0.633243103516,-1.371621551758,0.1));
#1169 = CARTESIAN_POINT('',(0.7,-1.405,0.575));
#1170 = ORIENTED_EDGE('',*,*,#1171,.F.);
#1171 = EDGE_CURVE('',#1172,#1165,#1174,.T.);
#1172 = VERTEX_POINT('',#1173);
#1173 = CARTESIAN_POINT('',(0.7,-0.2,0.575));
#1174 = LINE('',#1175,#1176);
#1175 = CARTESIAN_POINT('',(0.7,1.405,0.575));
#1176 = VECTOR('',#1177,1.);
#1177 = DIRECTION('',(1.110223024625E-16,-1.,0.));
#1178 = ORIENTED_EDGE('',*,*,#1179,.F.);
#1179 = EDGE_CURVE('',#1180,#1172,#1182,.T.);
#1180 = VERTEX_POINT('',#1181);
#1181 = CARTESIAN_POINT('',(0.7,0.2,0.575));
#1182 = LINE('',#1183,#1184);
#1183 = CARTESIAN_POINT('',(0.7,0.2,0.575));
#1184 = VECTOR('',#1185,1.);
#1185 = DIRECTION('',(1.110223024625E-16,-1.,0.));
#1186 = ORIENTED_EDGE('',*,*,#1187,.F.);
#1187 = EDGE_CURVE('',#1035,#1180,#1188,.T.);
#1188 = LINE('',#1189,#1190);
#1189 = CARTESIAN_POINT('',(0.7,1.405,0.575));
#1190 = VECTOR('',#1191,1.);
#1191 = DIRECTION('',(1.110223024625E-16,-1.,0.));
#1192 = ORIENTED_EDGE('',*,*,#1034,.F.);
#1193 = B_SPLINE_SURFACE_WITH_KNOTS('',1,1,(
    (#1194,#1195)
    ,(#1196,#1197
    )),.UNSPECIFIED.,.F.,.F.,.F.,(2,2),(2,2),(0.,2.81),(0.,1.),
  .PIECEWISE_BEZIER_KNOTS.);
#1194 = CARTESIAN_POINT('',(0.633243103516,1.371621551758,0.1));
#1195 = CARTESIAN_POINT('',(0.7,1.405,0.575));
#1196 = CARTESIAN_POINT('',(0.633243103516,-1.371621551758,0.1));
#1197 = CARTESIAN_POINT('',(0.7,-1.405,0.575));
#1198 = ADVANCED_FACE('',(#1199),#1216,.F.);
#1199 = FACE_BOUND('',#1200,.F.);
#1200 = EDGE_LOOP('',(#1201,#1202,#1203,#1211));
#1201 = ORIENTED_EDGE('',*,*,#1003,.T.);
#1202 = ORIENTED_EDGE('',*,*,#1150,.T.);
#1203 = ORIENTED_EDGE('',*,*,#1204,.F.);
#1204 = EDGE_CURVE('',#1205,#1143,#1207,.T.);
#1205 = VERTEX_POINT('',#1206);
#1206 = CARTESIAN_POINT('',(-0.605,-1.5,0.575));
#1207 = LINE('',#1208,#1209);
#1208 = CARTESIAN_POINT('',(-0.605,-1.5,0.575));
#1209 = VECTOR('',#1210,1.);
#1210 = DIRECTION('',(-0.707106781187,0.707106781187,0.));
#1211 = ORIENTED_EDGE('',*,*,#1212,.F.);
#1212 = EDGE_CURVE('',#996,#1205,#1213,.T.);
#1213 = B_SPLINE_CURVE_WITH_KNOTS('',1,(#1214,#1215),.UNSPECIFIED.,.F.,
  .F.,(2,2),(0.,1.),.PIECEWISE_BEZIER_KNOTS.);
#1214 = CARTESIAN_POINT('',(-0.571621551758,-1.433243103516,0.1));
#1215 = CARTESIAN_POINT('',(-0.605,-1.5,0.575));
#1216 = B_SPLINE_SURFACE_WITH_KNOTS('',1,1,(
    (#1217,#1218)
    ,(#1219,#1220
    )),.UNSPECIFIED.,.F.,.F.,.F.,(2,2),(2,2),(0.,0.134350288425),(0.,1.)
  ,.PIECEWISE_BEZIER_KNOTS.);
#1217 = CARTESIAN_POINT('',(-0.571621551758,-1.433243103516,0.1));
#1218 = CARTESIAN_POINT('',(-0.605,-1.5,0.575));
#1219 = CARTESIAN_POINT('',(-0.633243103516,-1.371621551758,0.1));
#1220 = CARTESIAN_POINT('',(-0.7,-1.405,0.575));
#1221 = ADVANCED_FACE('',(#1222),#1239,.F.);
#1222 = FACE_BOUND('',#1223,.F.);
#1223 = EDGE_LOOP('',(#1224,#1225,#1232,#1238));
#1224 = ORIENTED_EDGE('',*,*,#987,.T.);
#1225 = ORIENTED_EDGE('',*,*,#1226,.T.);
#1226 = EDGE_CURVE('',#988,#1227,#1229,.T.);
#1227 = VERTEX_POINT('',#1228);
#1228 = CARTESIAN_POINT('',(0.605,-1.5,0.575));
#1229 = B_SPLINE_CURVE_WITH_KNOTS('',1,(#1230,#1231),.UNSPECIFIED.,.F.,
  .F.,(2,2),(0.,1.),.PIECEWISE_BEZIER_KNOTS.);
#1230 = CARTESIAN_POINT('',(0.571621551758,-1.433243103516,0.1));
#1231 = CARTESIAN_POINT('',(0.605,-1.5,0.575));
#1232 = ORIENTED_EDGE('',*,*,#1233,.F.);
#1233 = EDGE_CURVE('',#1165,#1227,#1234,.T.);
#1234 = LINE('',#1235,#1236);
#1235 = CARTESIAN_POINT('',(0.7,-1.405,0.575));
#1236 = VECTOR('',#1237,1.);
#1237 = DIRECTION('',(-0.707106781187,-0.707106781187,0.));
#1238 = ORIENTED_EDGE('',*,*,#1164,.F.);
#1239 = B_SPLINE_SURFACE_WITH_KNOTS('',1,1,(
    (#1240,#1241)
    ,(#1242,#1243
    )),.UNSPECIFIED.,.F.,.F.,.F.,(2,2),(2,2),(0.,0.134350288425),(0.,1.)
  ,.PIECEWISE_BEZIER_KNOTS.);
#1240 = CARTESIAN_POINT('',(0.633243103516,-1.371621551758,0.1));
#1241 = CARTESIAN_POINT('',(0.7,-1.405,0.575));
#1242 = CARTESIAN_POINT('',(0.571621551758,-1.433243103516,0.1));
#1243 = CARTESIAN_POINT('',(0.605,-1.5,0.575));
#1244 = ADVANCED_FACE('',(#1245),#1256,.F.);
#1245 = FACE_BOUND('',#1246,.F.);
#1246 = EDGE_LOOP('',(#1247,#1248,#1249,#1255));
#1247 = ORIENTED_EDGE('',*,*,#995,.T.);
#1248 = ORIENTED_EDGE('',*,*,#1212,.T.);
#1249 = ORIENTED_EDGE('',*,*,#1250,.F.);
#1250 = EDGE_CURVE('',#1227,#1205,#1251,.T.);
#1251 = LINE('',#1252,#1253);
#1252 = CARTESIAN_POINT('',(0.605,-1.5,0.575));
#1253 = VECTOR('',#1254,1.);
#1254 = DIRECTION('',(-1.,-1.110223024625E-16,0.));
#1255 = ORIENTED_EDGE('',*,*,#1226,.F.);
#1256 = B_SPLINE_SURFACE_WITH_KNOTS('',1,1,(
    (#1257,#1258)
    ,(#1259,#1260
    )),.UNSPECIFIED.,.F.,.F.,.F.,(2,2),(2,2),(0.,1.21),(0.,1.),
  .PIECEWISE_BEZIER_KNOTS.);
#1257 = CARTESIAN_POINT('',(0.571621551758,-1.433243103516,0.1));
#1258 = CARTESIAN_POINT('',(0.605,-1.5,0.575));
#1259 = CARTESIAN_POINT('',(-0.571621551758,-1.433243103516,0.1));
#1260 = CARTESIAN_POINT('',(-0.605,-1.5,0.575));
#1261 = ADVANCED_FACE('',(#1262),#1279,.F.);
#1262 = FACE_BOUND('',#1263,.F.);
#1263 = EDGE_LOOP('',(#1264,#1265,#1272,#1278));
#1264 = ORIENTED_EDGE('',*,*,#1041,.T.);
#1265 = ORIENTED_EDGE('',*,*,#1266,.T.);
#1266 = EDGE_CURVE('',#1035,#1267,#1269,.T.);
#1267 = VERTEX_POINT('',#1268);
#1268 = CARTESIAN_POINT('',(0.7,1.405,0.725));
#1269 = B_SPLINE_CURVE_WITH_KNOTS('',1,(#1270,#1271),.UNSPECIFIED.,.F.,
  .F.,(2,2),(0.,1.),.PIECEWISE_BEZIER_KNOTS.);
#1270 = CARTESIAN_POINT('',(0.7,1.405,0.575));
#1271 = CARTESIAN_POINT('',(0.7,1.405,0.725));
#1272 = ORIENTED_EDGE('',*,*,#1273,.F.);
#1273 = EDGE_CURVE('',#1058,#1267,#1274,.T.);
#1274 = LINE('',#1275,#1276);
#1275 = CARTESIAN_POINT('',(0.605,1.5,0.725));
#1276 = VECTOR('',#1277,1.);
#1277 = DIRECTION('',(0.707106781187,-0.707106781187,0.));
#1278 = ORIENTED_EDGE('',*,*,#1057,.F.);
#1279 = PLANE('',#1280);
#1280 = AXIS2_PLACEMENT_3D('',#1281,#1282,#1283);
#1281 = CARTESIAN_POINT('',(0.605,1.5,0.725));
#1282 = DIRECTION('',(-0.707106781187,-0.707106781187,0.));
#1283 = DIRECTION('',(0.707106781187,-0.707106781187,0.));
#1284 = ADVANCED_FACE('',(#1285),#1367,.F.);
#1285 = FACE_BOUND('',#1286,.F.);
#1286 = EDGE_LOOP('',(#1287,#1295,#1296,#1297,#1305,#1313,#1321,#1329,
    #1337,#1345,#1353,#1361));
#1287 = ORIENTED_EDGE('',*,*,#1288,.T.);
#1288 = EDGE_CURVE('',#1289,#1065,#1291,.T.);
#1289 = VERTEX_POINT('',#1290);
#1290 = CARTESIAN_POINT('',(-0.7,1.405,0.725));
#1291 = LINE('',#1292,#1293);
#1292 = CARTESIAN_POINT('',(-0.7,1.405,0.725));
#1293 = VECTOR('',#1294,1.);
#1294 = DIRECTION('',(0.707106781187,0.707106781187,0.));
#1295 = ORIENTED_EDGE('',*,*,#1064,.T.);
#1296 = ORIENTED_EDGE('',*,*,#1273,.T.);
#1297 = ORIENTED_EDGE('',*,*,#1298,.T.);
#1298 = EDGE_CURVE('',#1267,#1299,#1301,.T.);
#1299 = VERTEX_POINT('',#1300);
#1300 = CARTESIAN_POINT('',(0.7,0.2,0.725));
#1301 = LINE('',#1302,#1303);
#1302 = CARTESIAN_POINT('',(0.7,1.405,0.725));
#1303 = VECTOR('',#1304,1.);
#1304 = DIRECTION('',(1.110223024625E-16,-1.,0.));
#1305 = ORIENTED_EDGE('',*,*,#1306,.T.);
#1306 = EDGE_CURVE('',#1299,#1307,#1309,.T.);
#1307 = VERTEX_POINT('',#1308);
#1308 = CARTESIAN_POINT('',(0.675,0.2,0.725));
#1309 = LINE('',#1310,#1311);
#1310 = CARTESIAN_POINT('',(0.7,0.2,0.725));
#1311 = VECTOR('',#1312,1.);
#1312 = DIRECTION('',(-1.,-1.110223024625E-16,0.));
#1313 = ORIENTED_EDGE('',*,*,#1314,.F.);
#1314 = EDGE_CURVE('',#1315,#1307,#1317,.T.);
#1315 = VERTEX_POINT('',#1316);
#1316 = CARTESIAN_POINT('',(0.675,1.3925,0.725));
#1317 = LINE('',#1318,#1319);
#1318 = CARTESIAN_POINT('',(0.675,1.3925,0.725));
#1319 = VECTOR('',#1320,1.);
#1320 = DIRECTION('',(1.110223024625E-16,-1.,0.));
#1321 = ORIENTED_EDGE('',*,*,#1322,.F.);
#1322 = EDGE_CURVE('',#1323,#1315,#1325,.T.);
#1323 = VERTEX_POINT('',#1324);
#1324 = CARTESIAN_POINT('',(0.5925,1.475,0.725));
#1325 = LINE('',#1326,#1327);
#1326 = CARTESIAN_POINT('',(0.5925,1.475,0.725));
#1327 = VECTOR('',#1328,1.);
#1328 = DIRECTION('',(0.707106781187,-0.707106781187,0.));
#1329 = ORIENTED_EDGE('',*,*,#1330,.F.);
#1330 = EDGE_CURVE('',#1331,#1323,#1333,.T.);
#1331 = VERTEX_POINT('',#1332);
#1332 = CARTESIAN_POINT('',(-0.5925,1.475,0.725));
#1333 = LINE('',#1334,#1335);
#1334 = CARTESIAN_POINT('',(-0.5925,1.475,0.725));
#1335 = VECTOR('',#1336,1.);
#1336 = DIRECTION('',(1.,1.110223024625E-16,0.));
#1337 = ORIENTED_EDGE('',*,*,#1338,.F.);
#1338 = EDGE_CURVE('',#1339,#1331,#1341,.T.);
#1339 = VERTEX_POINT('',#1340);
#1340 = CARTESIAN_POINT('',(-0.675,1.3925,0.725));
#1341 = LINE('',#1342,#1343);
#1342 = CARTESIAN_POINT('',(-0.675,1.3925,0.725));
#1343 = VECTOR('',#1344,1.);
#1344 = DIRECTION('',(0.707106781187,0.707106781187,0.));
#1345 = ORIENTED_EDGE('',*,*,#1346,.F.);
#1346 = EDGE_CURVE('',#1347,#1339,#1349,.T.);
#1347 = VERTEX_POINT('',#1348);
#1348 = CARTESIAN_POINT('',(-0.675,1.15,0.725));
#1349 = LINE('',#1350,#1351);
#1350 = CARTESIAN_POINT('',(-0.675,-1.3925,0.725));
#1351 = VECTOR('',#1352,1.);
#1352 = DIRECTION('',(-1.110223024625E-16,1.,0.));
#1353 = ORIENTED_EDGE('',*,*,#1354,.F.);
#1354 = EDGE_CURVE('',#1355,#1347,#1357,.T.);
#1355 = VERTEX_POINT('',#1356);
#1356 = CARTESIAN_POINT('',(-0.7,1.15,0.725));
#1357 = LINE('',#1358,#1359);
#1358 = CARTESIAN_POINT('',(-0.7,1.15,0.725));
#1359 = VECTOR('',#1360,1.);
#1360 = DIRECTION('',(1.,-1.144237745222E-17,0.));
#1361 = ORIENTED_EDGE('',*,*,#1362,.T.);
#1362 = EDGE_CURVE('',#1355,#1289,#1363,.T.);
#1363 = LINE('',#1364,#1365);
#1364 = CARTESIAN_POINT('',(-0.7,-1.405,0.725));
#1365 = VECTOR('',#1366,1.);
#1366 = DIRECTION('',(-1.110223024625E-16,1.,0.));
#1367 = PLANE('',#1368);
#1368 = AXIS2_PLACEMENT_3D('',#1369,#1370,#1371);
#1369 = CARTESIAN_POINT('',(-1.486299604971E-16,1.4875,0.725));
#1370 = DIRECTION('',(1.022886882533E-31,-6.310887241768E-27,-1.));
#1371 = DIRECTION('',(1.,1.217738924546E-16,1.022886882525E-31));
#1372 = ADVANCED_FACE('',(#1373),#1383,.F.);
#1373 = FACE_BOUND('',#1374,.F.);
#1374 = EDGE_LOOP('',(#1375,#1376,#1377,#1378));
#1375 = ORIENTED_EDGE('',*,*,#1087,.T.);
#1376 = ORIENTED_EDGE('',*,*,#1072,.T.);
#1377 = ORIENTED_EDGE('',*,*,#1288,.F.);
#1378 = ORIENTED_EDGE('',*,*,#1379,.F.);
#1379 = EDGE_CURVE('',#1088,#1289,#1380,.T.);
#1380 = B_SPLINE_CURVE_WITH_KNOTS('',1,(#1381,#1382),.UNSPECIFIED.,.F.,
  .F.,(2,2),(0.,1.),.PIECEWISE_BEZIER_KNOTS.);
#1381 = CARTESIAN_POINT('',(-0.7,1.405,0.575));
#1382 = CARTESIAN_POINT('',(-0.7,1.405,0.725));
#1383 = PLANE('',#1384);
#1384 = AXIS2_PLACEMENT_3D('',#1385,#1386,#1387);
#1385 = CARTESIAN_POINT('',(-0.7,1.405,0.725));
#1386 = DIRECTION('',(0.707106781187,-0.707106781187,0.));
#1387 = DIRECTION('',(0.707106781187,0.707106781187,0.));
#1388 = ADVANCED_FACE('',(#1389),#1413,.F.);
#1389 = FACE_BOUND('',#1390,.F.);
#1390 = EDGE_LOOP('',(#1391,#1398,#1399,#1407));
#1391 = ORIENTED_EDGE('',*,*,#1392,.F.);
#1392 = EDGE_CURVE('',#1143,#1393,#1395,.T.);
#1393 = VERTEX_POINT('',#1394);
#1394 = CARTESIAN_POINT('',(-0.7,-1.405,0.725));
#1395 = B_SPLINE_CURVE_WITH_KNOTS('',1,(#1396,#1397),.UNSPECIFIED.,.F.,
  .F.,(2,2),(0.,1.),.PIECEWISE_BEZIER_KNOTS.);
#1396 = CARTESIAN_POINT('',(-0.7,-1.405,0.575));
#1397 = CARTESIAN_POINT('',(-0.7,-1.405,0.725));
#1398 = ORIENTED_EDGE('',*,*,#1142,.T.);
#1399 = ORIENTED_EDGE('',*,*,#1400,.T.);
#1400 = EDGE_CURVE('',#1135,#1401,#1403,.T.);
#1401 = VERTEX_POINT('',#1402);
#1402 = CARTESIAN_POINT('',(-0.7,-1.15,0.725));
#1403 = LINE('',#1404,#1405);
#1404 = CARTESIAN_POINT('',(-0.7,-1.15,0.529763586955));
#1405 = VECTOR('',#1406,1.);
#1406 = DIRECTION('',(0.,0.,1.));
#1407 = ORIENTED_EDGE('',*,*,#1408,.F.);
#1408 = EDGE_CURVE('',#1393,#1401,#1409,.T.);
#1409 = LINE('',#1410,#1411);
#1410 = CARTESIAN_POINT('',(-0.7,-1.405,0.725));
#1411 = VECTOR('',#1412,1.);
#1412 = DIRECTION('',(-1.110223024625E-16,1.,0.));
#1413 = PLANE('',#1414);
#1414 = AXIS2_PLACEMENT_3D('',#1415,#1416,#1417);
#1415 = CARTESIAN_POINT('',(-0.7,-1.405,0.725));
#1416 = DIRECTION('',(1.,1.110223024625E-16,0.));
#1417 = DIRECTION('',(-1.110223024625E-16,1.,0.));
#1418 = ADVANCED_FACE('',(#1419),#1446,.F.);
#1419 = FACE_BOUND('',#1420,.F.);
#1420 = EDGE_LOOP('',(#1421,#1422,#1431,#1439));
#1421 = ORIENTED_EDGE('',*,*,#1134,.T.);
#1422 = ORIENTED_EDGE('',*,*,#1423,.T.);
#1423 = EDGE_CURVE('',#1127,#1424,#1426,.T.);
#1424 = VERTEX_POINT('',#1425);
#1425 = CARTESIAN_POINT('',(-0.798480775301,-0.75,0.492364817767));
#1426 = CIRCLE('',#1427,0.1);
#1427 = AXIS2_PLACEMENT_3D('',#1428,#1429,#1430);
#1428 = CARTESIAN_POINT('',(-0.7,-0.75,0.475));
#1429 = DIRECTION('',(-1.144237745222E-17,-1.,-5.473822126269E-48));
#1430 = DIRECTION('',(2.22044604925E-15,-2.540718180781E-32,1.));
#1431 = ORIENTED_EDGE('',*,*,#1432,.F.);
#1432 = EDGE_CURVE('',#1433,#1424,#1435,.T.);
#1433 = VERTEX_POINT('',#1434);
#1434 = CARTESIAN_POINT('',(-0.798480775301,-1.15,0.492364817767));
#1435 = LINE('',#1436,#1437);
#1436 = CARTESIAN_POINT('',(-0.798480775301,-1.15,0.492364817767));
#1437 = VECTOR('',#1438,1.);
#1438 = DIRECTION('',(1.144237745222E-17,1.,0.));
#1439 = ORIENTED_EDGE('',*,*,#1440,.F.);
#1440 = EDGE_CURVE('',#1135,#1433,#1441,.T.);
#1441 = CIRCLE('',#1442,0.1);
#1442 = AXIS2_PLACEMENT_3D('',#1443,#1444,#1445);
#1443 = CARTESIAN_POINT('',(-0.7,-1.15,0.475));
#1444 = DIRECTION('',(-1.144237745222E-17,-1.,-5.473822126269E-48));
#1445 = DIRECTION('',(2.22044604925E-15,-2.540718180781E-32,1.));
#1446 = CYLINDRICAL_SURFACE('',#1447,0.1);
#1447 = AXIS2_PLACEMENT_3D('',#1448,#1449,#1450);
#1448 = CARTESIAN_POINT('',(-0.7,-1.15,0.475));
#1449 = DIRECTION('',(-1.144237745222E-17,-1.,0.));
#1450 = DIRECTION('',(2.22044604925E-15,-2.540718180781E-32,1.));
#1451 = ADVANCED_FACE('',(#1452),#1477,.F.);
#1452 = FACE_BOUND('',#1453,.F.);
#1453 = EDGE_LOOP('',(#1454,#1462,#1463,#1471));
#1454 = ORIENTED_EDGE('',*,*,#1455,.F.);
#1455 = EDGE_CURVE('',#1127,#1456,#1458,.T.);
#1456 = VERTEX_POINT('',#1457);
#1457 = CARTESIAN_POINT('',(-0.7,-0.75,0.725));
#1458 = LINE('',#1459,#1460);
#1459 = CARTESIAN_POINT('',(-0.7,-0.75,0.529763586955));
#1460 = VECTOR('',#1461,1.);
#1461 = DIRECTION('',(0.,0.,1.));
#1462 = ORIENTED_EDGE('',*,*,#1126,.T.);
#1463 = ORIENTED_EDGE('',*,*,#1464,.T.);
#1464 = EDGE_CURVE('',#1119,#1465,#1467,.T.);
#1465 = VERTEX_POINT('',#1466);
#1466 = CARTESIAN_POINT('',(-0.7,0.75,0.725));
#1467 = LINE('',#1468,#1469);
#1468 = CARTESIAN_POINT('',(-0.7,0.75,0.529763586955));
#1469 = VECTOR('',#1470,1.);
#1470 = DIRECTION('',(0.,0.,1.));
#1471 = ORIENTED_EDGE('',*,*,#1472,.F.);
#1472 = EDGE_CURVE('',#1456,#1465,#1473,.T.);
#1473 = LINE('',#1474,#1475);
#1474 = CARTESIAN_POINT('',(-0.7,-1.405,0.725));
#1475 = VECTOR('',#1476,1.);
#1476 = DIRECTION('',(-1.110223024625E-16,1.,0.));
#1477 = PLANE('',#1478);
#1478 = AXIS2_PLACEMENT_3D('',#1479,#1480,#1481);
#1479 = CARTESIAN_POINT('',(-0.7,-1.405,0.725));
#1480 = DIRECTION('',(1.,1.110223024625E-16,0.));
#1481 = DIRECTION('',(-1.110223024625E-16,1.,0.));
#1482 = ADVANCED_FACE('',(#1483),#1510,.F.);
#1483 = FACE_BOUND('',#1484,.F.);
#1484 = EDGE_LOOP('',(#1485,#1486,#1495,#1503));
#1485 = ORIENTED_EDGE('',*,*,#1118,.T.);
#1486 = ORIENTED_EDGE('',*,*,#1487,.T.);
#1487 = EDGE_CURVE('',#1111,#1488,#1490,.T.);
#1488 = VERTEX_POINT('',#1489);
#1489 = CARTESIAN_POINT('',(-0.798480775301,1.15,0.492364817767));
#1490 = CIRCLE('',#1491,0.1);
#1491 = AXIS2_PLACEMENT_3D('',#1492,#1493,#1494);
#1492 = CARTESIAN_POINT('',(-0.7,1.15,0.475));
#1493 = DIRECTION('',(-1.144237745222E-17,-1.,-5.473822126269E-48));
#1494 = DIRECTION('',(2.22044604925E-15,-2.540718180781E-32,1.));
#1495 = ORIENTED_EDGE('',*,*,#1496,.F.);
#1496 = EDGE_CURVE('',#1497,#1488,#1499,.T.);
#1497 = VERTEX_POINT('',#1498);
#1498 = CARTESIAN_POINT('',(-0.798480775301,0.75,0.492364817767));
#1499 = LINE('',#1500,#1501);
#1500 = CARTESIAN_POINT('',(-0.798480775301,0.75,0.492364817767));
#1501 = VECTOR('',#1502,1.);
#1502 = DIRECTION('',(1.144237745222E-17,1.,0.));
#1503 = ORIENTED_EDGE('',*,*,#1504,.F.);
#1504 = EDGE_CURVE('',#1119,#1497,#1505,.T.);
#1505 = CIRCLE('',#1506,0.1);
#1506 = AXIS2_PLACEMENT_3D('',#1507,#1508,#1509);
#1507 = CARTESIAN_POINT('',(-0.7,0.75,0.475));
#1508 = DIRECTION('',(-1.144237745222E-17,-1.,-5.473822126269E-48));
#1509 = DIRECTION('',(2.22044604925E-15,-2.540718180781E-32,1.));
#1510 = CYLINDRICAL_SURFACE('',#1511,0.1);
#1511 = AXIS2_PLACEMENT_3D('',#1512,#1513,#1514);
#1512 = CARTESIAN_POINT('',(-0.7,0.75,0.475));
#1513 = DIRECTION('',(-1.144237745222E-17,-1.,0.));
#1514 = DIRECTION('',(2.22044604925E-15,-2.540718180781E-32,1.));
#1515 = ADVANCED_FACE('',(#1516),#1527,.F.);
#1516 = FACE_BOUND('',#1517,.F.);
#1517 = EDGE_LOOP('',(#1518,#1524,#1525,#1526));
#1518 = ORIENTED_EDGE('',*,*,#1519,.F.);
#1519 = EDGE_CURVE('',#1111,#1355,#1520,.T.);
#1520 = LINE('',#1521,#1522);
#1521 = CARTESIAN_POINT('',(-0.7,1.15,0.529763586955));
#1522 = VECTOR('',#1523,1.);
#1523 = DIRECTION('',(0.,0.,1.));
#1524 = ORIENTED_EDGE('',*,*,#1110,.T.);
#1525 = ORIENTED_EDGE('',*,*,#1379,.T.);
#1526 = ORIENTED_EDGE('',*,*,#1362,.F.);
#1527 = PLANE('',#1528);
#1528 = AXIS2_PLACEMENT_3D('',#1529,#1530,#1531);
#1529 = CARTESIAN_POINT('',(-0.7,-1.405,0.725));
#1530 = DIRECTION('',(1.,1.110223024625E-16,0.));
#1531 = DIRECTION('',(-1.110223024625E-16,1.,0.));
#1532 = ADVANCED_FACE('',(#1533),#1544,.F.);
#1533 = FACE_BOUND('',#1534,.F.);
#1534 = EDGE_LOOP('',(#1535,#1536,#1537,#1543));
#1535 = ORIENTED_EDGE('',*,*,#1266,.F.);
#1536 = ORIENTED_EDGE('',*,*,#1187,.T.);
#1537 = ORIENTED_EDGE('',*,*,#1538,.T.);
#1538 = EDGE_CURVE('',#1180,#1299,#1539,.T.);
#1539 = LINE('',#1540,#1541);
#1540 = CARTESIAN_POINT('',(0.7,0.2,0.529763586955));
#1541 = VECTOR('',#1542,1.);
#1542 = DIRECTION('',(0.,0.,1.));
#1543 = ORIENTED_EDGE('',*,*,#1298,.F.);
#1544 = PLANE('',#1545);
#1545 = AXIS2_PLACEMENT_3D('',#1546,#1547,#1548);
#1546 = CARTESIAN_POINT('',(0.7,1.405,0.725));
#1547 = DIRECTION('',(-1.,-1.110223024625E-16,0.));
#1548 = DIRECTION('',(1.110223024625E-16,-1.,0.));
#1549 = ADVANCED_FACE('',(#1550),#1577,.F.);
#1550 = FACE_BOUND('',#1551,.F.);
#1551 = EDGE_LOOP('',(#1552,#1553,#1562,#1570));
#1552 = ORIENTED_EDGE('',*,*,#1179,.T.);
#1553 = ORIENTED_EDGE('',*,*,#1554,.T.);
#1554 = EDGE_CURVE('',#1172,#1555,#1557,.T.);
#1555 = VERTEX_POINT('',#1556);
#1556 = CARTESIAN_POINT('',(0.798480775301,-0.2,0.492364817767));
#1557 = CIRCLE('',#1558,0.1);
#1558 = AXIS2_PLACEMENT_3D('',#1559,#1560,#1561);
#1559 = CARTESIAN_POINT('',(0.7,-0.2,0.475));
#1560 = DIRECTION('',(-1.110223024625E-16,1.,0.));
#1561 = DIRECTION('',(-2.22044604925E-15,-2.465190328815E-31,1.));
#1562 = ORIENTED_EDGE('',*,*,#1563,.F.);
#1563 = EDGE_CURVE('',#1564,#1555,#1566,.T.);
#1564 = VERTEX_POINT('',#1565);
#1565 = CARTESIAN_POINT('',(0.798480775301,0.2,0.492364817767));
#1566 = LINE('',#1567,#1568);
#1567 = CARTESIAN_POINT('',(0.798480775301,0.2,0.492364817767));
#1568 = VECTOR('',#1569,1.);
#1569 = DIRECTION('',(1.110223024625E-16,-1.,0.));
#1570 = ORIENTED_EDGE('',*,*,#1571,.F.);
#1571 = EDGE_CURVE('',#1180,#1564,#1572,.T.);
#1572 = CIRCLE('',#1573,0.1);
#1573 = AXIS2_PLACEMENT_3D('',#1574,#1575,#1576);
#1574 = CARTESIAN_POINT('',(0.7,0.2,0.475));
#1575 = DIRECTION('',(-1.110223024625E-16,1.,0.));
#1576 = DIRECTION('',(-2.22044604925E-15,-2.465190328815E-31,1.));
#1577 = CYLINDRICAL_SURFACE('',#1578,0.1);
#1578 = AXIS2_PLACEMENT_3D('',#1579,#1580,#1581);
#1579 = CARTESIAN_POINT('',(0.7,0.2,0.475));
#1580 = DIRECTION('',(-1.110223024625E-16,1.,0.));
#1581 = DIRECTION('',(-2.22044604925E-15,-2.465190328815E-31,1.));
#1582 = ADVANCED_FACE('',(#1583),#1607,.F.);
#1583 = FACE_BOUND('',#1584,.F.);
#1584 = EDGE_LOOP('',(#1585,#1593,#1594,#1601));
#1585 = ORIENTED_EDGE('',*,*,#1586,.F.);
#1586 = EDGE_CURVE('',#1172,#1587,#1589,.T.);
#1587 = VERTEX_POINT('',#1588);
#1588 = CARTESIAN_POINT('',(0.7,-0.2,0.725));
#1589 = LINE('',#1590,#1591);
#1590 = CARTESIAN_POINT('',(0.7,-0.2,0.529763586955));
#1591 = VECTOR('',#1592,1.);
#1592 = DIRECTION('',(0.,0.,1.));
#1593 = ORIENTED_EDGE('',*,*,#1171,.T.);
#1594 = ORIENTED_EDGE('',*,*,#1595,.T.);
#1595 = EDGE_CURVE('',#1165,#1596,#1598,.T.);
#1596 = VERTEX_POINT('',#1597);
#1597 = CARTESIAN_POINT('',(0.7,-1.405,0.725));
#1598 = B_SPLINE_CURVE_WITH_KNOTS('',1,(#1599,#1600),.UNSPECIFIED.,.F.,
  .F.,(2,2),(0.,1.),.PIECEWISE_BEZIER_KNOTS.);
#1599 = CARTESIAN_POINT('',(0.7,-1.405,0.575));
#1600 = CARTESIAN_POINT('',(0.7,-1.405,0.725));
#1601 = ORIENTED_EDGE('',*,*,#1602,.F.);
#1602 = EDGE_CURVE('',#1587,#1596,#1603,.T.);
#1603 = LINE('',#1604,#1605);
#1604 = CARTESIAN_POINT('',(0.7,1.405,0.725));
#1605 = VECTOR('',#1606,1.);
#1606 = DIRECTION('',(1.110223024625E-16,-1.,0.));
#1607 = PLANE('',#1608);
#1608 = AXIS2_PLACEMENT_3D('',#1609,#1610,#1611);
#1609 = CARTESIAN_POINT('',(0.7,1.405,0.725));
#1610 = DIRECTION('',(-1.,-1.110223024625E-16,0.));
#1611 = DIRECTION('',(1.110223024625E-16,-1.,0.));
#1612 = ADVANCED_FACE('',(#1613),#1630,.F.);
#1613 = FACE_BOUND('',#1614,.F.);
#1614 = EDGE_LOOP('',(#1615,#1616,#1617,#1625));
#1615 = ORIENTED_EDGE('',*,*,#1204,.T.);
#1616 = ORIENTED_EDGE('',*,*,#1392,.T.);
#1617 = ORIENTED_EDGE('',*,*,#1618,.F.);
#1618 = EDGE_CURVE('',#1619,#1393,#1621,.T.);
#1619 = VERTEX_POINT('',#1620);
#1620 = CARTESIAN_POINT('',(-0.605,-1.5,0.725));
#1621 = LINE('',#1622,#1623);
#1622 = CARTESIAN_POINT('',(-0.605,-1.5,0.725));
#1623 = VECTOR('',#1624,1.);
#1624 = DIRECTION('',(-0.707106781187,0.707106781187,0.));
#1625 = ORIENTED_EDGE('',*,*,#1626,.F.);
#1626 = EDGE_CURVE('',#1205,#1619,#1627,.T.);
#1627 = B_SPLINE_CURVE_WITH_KNOTS('',1,(#1628,#1629),.UNSPECIFIED.,.F.,
  .F.,(2,2),(0.,1.),.PIECEWISE_BEZIER_KNOTS.);
#1628 = CARTESIAN_POINT('',(-0.605,-1.5,0.575));
#1629 = CARTESIAN_POINT('',(-0.605,-1.5,0.725));
#1630 = PLANE('',#1631);
#1631 = AXIS2_PLACEMENT_3D('',#1632,#1633,#1634);
#1632 = CARTESIAN_POINT('',(-0.605,-1.5,0.725));
#1633 = DIRECTION('',(0.707106781187,0.707106781187,0.));
#1634 = DIRECTION('',(-0.707106781187,0.707106781187,0.));
#1635 = ADVANCED_FACE('',(#1636),#1653,.F.);
#1636 = FACE_BOUND('',#1637,.F.);
#1637 = EDGE_LOOP('',(#1638,#1639,#1646,#1652));
#1638 = ORIENTED_EDGE('',*,*,#1233,.T.);
#1639 = ORIENTED_EDGE('',*,*,#1640,.T.);
#1640 = EDGE_CURVE('',#1227,#1641,#1643,.T.);
#1641 = VERTEX_POINT('',#1642);
#1642 = CARTESIAN_POINT('',(0.605,-1.5,0.725));
#1643 = B_SPLINE_CURVE_WITH_KNOTS('',1,(#1644,#1645),.UNSPECIFIED.,.F.,
  .F.,(2,2),(0.,1.),.PIECEWISE_BEZIER_KNOTS.);
#1644 = CARTESIAN_POINT('',(0.605,-1.5,0.575));
#1645 = CARTESIAN_POINT('',(0.605,-1.5,0.725));
#1646 = ORIENTED_EDGE('',*,*,#1647,.F.);
#1647 = EDGE_CURVE('',#1596,#1641,#1648,.T.);
#1648 = LINE('',#1649,#1650);
#1649 = CARTESIAN_POINT('',(0.7,-1.405,0.725));
#1650 = VECTOR('',#1651,1.);
#1651 = DIRECTION('',(-0.707106781187,-0.707106781187,0.));
#1652 = ORIENTED_EDGE('',*,*,#1595,.F.);
#1653 = PLANE('',#1654);
#1654 = AXIS2_PLACEMENT_3D('',#1655,#1656,#1657);
#1655 = CARTESIAN_POINT('',(0.7,-1.405,0.725));
#1656 = DIRECTION('',(-0.707106781187,0.707106781187,0.));
#1657 = DIRECTION('',(-0.707106781187,-0.707106781187,0.));
#1658 = ADVANCED_FACE('',(#1659),#1670,.F.);
#1659 = FACE_BOUND('',#1660,.F.);
#1660 = EDGE_LOOP('',(#1661,#1662,#1663,#1669));
#1661 = ORIENTED_EDGE('',*,*,#1250,.T.);
#1662 = ORIENTED_EDGE('',*,*,#1626,.T.);
#1663 = ORIENTED_EDGE('',*,*,#1664,.F.);
#1664 = EDGE_CURVE('',#1641,#1619,#1665,.T.);
#1665 = LINE('',#1666,#1667);
#1666 = CARTESIAN_POINT('',(0.605,-1.5,0.725));
#1667 = VECTOR('',#1668,1.);
#1668 = DIRECTION('',(-1.,-1.110223024625E-16,0.));
#1669 = ORIENTED_EDGE('',*,*,#1640,.F.);
#1670 = PLANE('',#1671);
#1671 = AXIS2_PLACEMENT_3D('',#1672,#1673,#1674);
#1672 = CARTESIAN_POINT('',(0.605,-1.5,0.725));
#1673 = DIRECTION('',(-1.110223024625E-16,1.,0.));
#1674 = DIRECTION('',(-1.,-1.110223024625E-16,0.));
#1675 = ADVANCED_FACE('',(#1676),#1699,.F.);
#1676 = FACE_BOUND('',#1677,.F.);
#1677 = EDGE_LOOP('',(#1678,#1686,#1692,#1693));
#1678 = ORIENTED_EDGE('',*,*,#1679,.F.);
#1679 = EDGE_CURVE('',#1465,#1680,#1682,.T.);
#1680 = VERTEX_POINT('',#1681);
#1681 = CARTESIAN_POINT('',(-0.675,0.75,0.725));
#1682 = LINE('',#1683,#1684);
#1683 = CARTESIAN_POINT('',(-0.7,0.75,0.725));
#1684 = VECTOR('',#1685,1.);
#1685 = DIRECTION('',(1.,-1.144237745222E-17,0.));
#1686 = ORIENTED_EDGE('',*,*,#1687,.T.);
#1687 = EDGE_CURVE('',#1465,#1355,#1688,.T.);
#1688 = LINE('',#1689,#1690);
#1689 = CARTESIAN_POINT('',(-0.7,0.75,0.725));
#1690 = VECTOR('',#1691,1.);
#1691 = DIRECTION('',(1.144237745222E-17,1.,0.));
#1692 = ORIENTED_EDGE('',*,*,#1354,.T.);
#1693 = ORIENTED_EDGE('',*,*,#1694,.F.);
#1694 = EDGE_CURVE('',#1680,#1347,#1695,.T.);
#1695 = LINE('',#1696,#1697);
#1696 = CARTESIAN_POINT('',(-0.675,-1.3925,0.725));
#1697 = VECTOR('',#1698,1.);
#1698 = DIRECTION('',(-1.110223024625E-16,1.,0.));
#1699 = PLANE('',#1700);
#1700 = AXIS2_PLACEMENT_3D('',#1701,#1702,#1703);
#1701 = CARTESIAN_POINT('',(-0.7,0.75,0.725));
#1702 = DIRECTION('',(0.,0.,-1.));
#1703 = DIRECTION('',(1.,-1.144237745222E-17,0.));
#1704 = ADVANCED_FACE('',(#1705),#1753,.F.);
#1705 = FACE_BOUND('',#1706,.F.);
#1706 = EDGE_LOOP('',(#1707,#1717,#1725,#1731,#1732,#1733,#1740,#1748));
#1707 = ORIENTED_EDGE('',*,*,#1708,.T.);
#1708 = EDGE_CURVE('',#1709,#1711,#1713,.T.);
#1709 = VERTEX_POINT('',#1710);
#1710 = CARTESIAN_POINT('',(-0.675,-1.3925,0.725));
#1711 = VERTEX_POINT('',#1712);
#1712 = CARTESIAN_POINT('',(-0.675,-1.15,0.725));
#1713 = LINE('',#1714,#1715);
#1714 = CARTESIAN_POINT('',(-0.675,-1.3925,0.725));
#1715 = VECTOR('',#1716,1.);
#1716 = DIRECTION('',(-1.110223024625E-16,1.,0.));
#1717 = ORIENTED_EDGE('',*,*,#1718,.T.);
#1718 = EDGE_CURVE('',#1711,#1719,#1721,.T.);
#1719 = VERTEX_POINT('',#1720);
#1720 = CARTESIAN_POINT('',(-0.675,-0.75,0.725));
#1721 = LINE('',#1722,#1723);
#1722 = CARTESIAN_POINT('',(-0.675,-1.3925,0.725));
#1723 = VECTOR('',#1724,1.);
#1724 = DIRECTION('',(-1.110223024625E-16,1.,0.));
#1725 = ORIENTED_EDGE('',*,*,#1726,.T.);
#1726 = EDGE_CURVE('',#1719,#1680,#1727,.T.);
#1727 = LINE('',#1728,#1729);
#1728 = CARTESIAN_POINT('',(-0.675,-1.3925,0.725));
#1729 = VECTOR('',#1730,1.);
#1730 = DIRECTION('',(-1.110223024625E-16,1.,0.));
#1731 = ORIENTED_EDGE('',*,*,#1694,.T.);
#1732 = ORIENTED_EDGE('',*,*,#1346,.T.);
#1733 = ORIENTED_EDGE('',*,*,#1734,.T.);
#1734 = EDGE_CURVE('',#1339,#1735,#1737,.T.);
#1735 = VERTEX_POINT('',#1736);
#1736 = CARTESIAN_POINT('',(-0.608243103516,1.359121551758,1.2));
#1737 = B_SPLINE_CURVE_WITH_KNOTS('',1,(#1738,#1739),.UNSPECIFIED.,.F.,
  .F.,(2,2),(0.,1.),.PIECEWISE_BEZIER_KNOTS.);
#1738 = CARTESIAN_POINT('',(-0.675,1.3925,0.725));
#1739 = CARTESIAN_POINT('',(-0.608243103516,1.359121551758,1.2));
#1740 = ORIENTED_EDGE('',*,*,#1741,.F.);
#1741 = EDGE_CURVE('',#1742,#1735,#1744,.T.);
#1742 = VERTEX_POINT('',#1743);
#1743 = CARTESIAN_POINT('',(-0.608243103516,-1.359121551758,1.2));
#1744 = LINE('',#1745,#1746);
#1745 = CARTESIAN_POINT('',(-0.608243103516,-1.359121551758,1.2));
#1746 = VECTOR('',#1747,1.);
#1747 = DIRECTION('',(-1.110223024625E-16,1.,0.));
#1748 = ORIENTED_EDGE('',*,*,#1749,.F.);
#1749 = EDGE_CURVE('',#1709,#1742,#1750,.T.);
#1750 = B_SPLINE_CURVE_WITH_KNOTS('',1,(#1751,#1752),.UNSPECIFIED.,.F.,
  .F.,(2,2),(0.,1.),.PIECEWISE_BEZIER_KNOTS.);
#1751 = CARTESIAN_POINT('',(-0.675,-1.3925,0.725));
#1752 = CARTESIAN_POINT('',(-0.608243103516,-1.359121551758,1.2));
#1753 = B_SPLINE_SURFACE_WITH_KNOTS('',1,1,(
    (#1754,#1755)
    ,(#1756,#1757
    )),.UNSPECIFIED.,.F.,.F.,.F.,(2,2),(2,2),(0.,2.785),(0.,1.),
  .PIECEWISE_BEZIER_KNOTS.);
#1754 = CARTESIAN_POINT('',(-0.675,-1.3925,0.725));
#1755 = CARTESIAN_POINT('',(-0.608243103516,-1.359121551758,1.2));
#1756 = CARTESIAN_POINT('',(-0.675,1.3925,0.725));
#1757 = CARTESIAN_POINT('',(-0.608243103516,1.359121551758,1.2));
#1758 = ADVANCED_FACE('',(#1759),#1776,.F.);
#1759 = FACE_BOUND('',#1760,.F.);
#1760 = EDGE_LOOP('',(#1761,#1762,#1769,#1775));
#1761 = ORIENTED_EDGE('',*,*,#1338,.T.);
#1762 = ORIENTED_EDGE('',*,*,#1763,.T.);
#1763 = EDGE_CURVE('',#1331,#1764,#1766,.T.);
#1764 = VERTEX_POINT('',#1765);
#1765 = CARTESIAN_POINT('',(-0.559121551758,1.408243103516,1.2));
#1766 = B_SPLINE_CURVE_WITH_KNOTS('',1,(#1767,#1768),.UNSPECIFIED.,.F.,
  .F.,(2,2),(0.,1.),.PIECEWISE_BEZIER_KNOTS.);
#1767 = CARTESIAN_POINT('',(-0.5925,1.475,0.725));
#1768 = CARTESIAN_POINT('',(-0.559121551758,1.408243103516,1.2));
#1769 = ORIENTED_EDGE('',*,*,#1770,.F.);
#1770 = EDGE_CURVE('',#1735,#1764,#1771,.T.);
#1771 = LINE('',#1772,#1773);
#1772 = CARTESIAN_POINT('',(-0.608243103516,1.359121551758,1.2));
#1773 = VECTOR('',#1774,1.);
#1774 = DIRECTION('',(0.707106781187,0.707106781187,0.));
#1775 = ORIENTED_EDGE('',*,*,#1734,.F.);
#1776 = B_SPLINE_SURFACE_WITH_KNOTS('',1,1,(
    (#1777,#1778)
    ,(#1779,#1780
    )),.UNSPECIFIED.,.F.,.F.,.F.,(2,2),(2,2),(0.,0.116672618896),(0.,1.)
  ,.PIECEWISE_BEZIER_KNOTS.);
#1777 = CARTESIAN_POINT('',(-0.675,1.3925,0.725));
#1778 = CARTESIAN_POINT('',(-0.608243103516,1.359121551758,1.2));
#1779 = CARTESIAN_POINT('',(-0.5925,1.475,0.725));
#1780 = CARTESIAN_POINT('',(-0.559121551758,1.408243103516,1.2));
#1781 = ADVANCED_FACE('',(#1782),#1799,.F.);
#1782 = FACE_BOUND('',#1783,.F.);
#1783 = EDGE_LOOP('',(#1784,#1785,#1792,#1798));
#1784 = ORIENTED_EDGE('',*,*,#1330,.T.);
#1785 = ORIENTED_EDGE('',*,*,#1786,.T.);
#1786 = EDGE_CURVE('',#1323,#1787,#1789,.T.);
#1787 = VERTEX_POINT('',#1788);
#1788 = CARTESIAN_POINT('',(0.559121551758,1.408243103516,1.2));
#1789 = B_SPLINE_CURVE_WITH_KNOTS('',1,(#1790,#1791),.UNSPECIFIED.,.F.,
  .F.,(2,2),(0.,1.),.PIECEWISE_BEZIER_KNOTS.);
#1790 = CARTESIAN_POINT('',(0.5925,1.475,0.725));
#1791 = CARTESIAN_POINT('',(0.559121551758,1.408243103516,1.2));
#1792 = ORIENTED_EDGE('',*,*,#1793,.F.);
#1793 = EDGE_CURVE('',#1764,#1787,#1794,.T.);
#1794 = LINE('',#1795,#1796);
#1795 = CARTESIAN_POINT('',(-0.559121551758,1.408243103516,1.2));
#1796 = VECTOR('',#1797,1.);
#1797 = DIRECTION('',(1.,1.110223024625E-16,0.));
#1798 = ORIENTED_EDGE('',*,*,#1763,.F.);
#1799 = B_SPLINE_SURFACE_WITH_KNOTS('',1,1,(
    (#1800,#1801)
    ,(#1802,#1803
    )),.UNSPECIFIED.,.F.,.F.,.F.,(2,2),(2,2),(0.,1.185),(0.,1.),
  .PIECEWISE_BEZIER_KNOTS.);
#1800 = CARTESIAN_POINT('',(-0.5925,1.475,0.725));
#1801 = CARTESIAN_POINT('',(-0.559121551758,1.408243103516,1.2));
#1802 = CARTESIAN_POINT('',(0.5925,1.475,0.725));
#1803 = CARTESIAN_POINT('',(0.559121551758,1.408243103516,1.2));
#1804 = ADVANCED_FACE('',(#1805),#1822,.F.);
#1805 = FACE_BOUND('',#1806,.F.);
#1806 = EDGE_LOOP('',(#1807,#1808,#1815,#1821));
#1807 = ORIENTED_EDGE('',*,*,#1322,.T.);
#1808 = ORIENTED_EDGE('',*,*,#1809,.T.);
#1809 = EDGE_CURVE('',#1315,#1810,#1812,.T.);
#1810 = VERTEX_POINT('',#1811);
#1811 = CARTESIAN_POINT('',(0.608243103516,1.359121551758,1.2));
#1812 = B_SPLINE_CURVE_WITH_KNOTS('',1,(#1813,#1814),.UNSPECIFIED.,.F.,
  .F.,(2,2),(0.,1.),.PIECEWISE_BEZIER_KNOTS.);
#1813 = CARTESIAN_POINT('',(0.675,1.3925,0.725));
#1814 = CARTESIAN_POINT('',(0.608243103516,1.359121551758,1.2));
#1815 = ORIENTED_EDGE('',*,*,#1816,.F.);
#1816 = EDGE_CURVE('',#1787,#1810,#1817,.T.);
#1817 = LINE('',#1818,#1819);
#1818 = CARTESIAN_POINT('',(0.559121551758,1.408243103516,1.2));
#1819 = VECTOR('',#1820,1.);
#1820 = DIRECTION('',(0.707106781187,-0.707106781187,0.));
#1821 = ORIENTED_EDGE('',*,*,#1786,.F.);
#1822 = B_SPLINE_SURFACE_WITH_KNOTS('',1,1,(
    (#1823,#1824)
    ,(#1825,#1826
    )),.UNSPECIFIED.,.F.,.F.,.F.,(2,2),(2,2),(0.,0.116672618896),(0.,1.)
  ,.PIECEWISE_BEZIER_KNOTS.);
#1823 = CARTESIAN_POINT('',(0.5925,1.475,0.725));
#1824 = CARTESIAN_POINT('',(0.559121551758,1.408243103516,1.2));
#1825 = CARTESIAN_POINT('',(0.675,1.3925,0.725));
#1826 = CARTESIAN_POINT('',(0.608243103516,1.359121551758,1.2));
#1827 = ADVANCED_FACE('',(#1828),#1861,.F.);
#1828 = FACE_BOUND('',#1829,.F.);
#1829 = EDGE_LOOP('',(#1830,#1831,#1839,#1847,#1854,#1860));
#1830 = ORIENTED_EDGE('',*,*,#1314,.T.);
#1831 = ORIENTED_EDGE('',*,*,#1832,.T.);
#1832 = EDGE_CURVE('',#1307,#1833,#1835,.T.);
#1833 = VERTEX_POINT('',#1834);
#1834 = CARTESIAN_POINT('',(0.675,-0.2,0.725));
#1835 = LINE('',#1836,#1837);
#1836 = CARTESIAN_POINT('',(0.675,1.3925,0.725));
#1837 = VECTOR('',#1838,1.);
#1838 = DIRECTION('',(1.110223024625E-16,-1.,0.));
#1839 = ORIENTED_EDGE('',*,*,#1840,.T.);
#1840 = EDGE_CURVE('',#1833,#1841,#1843,.T.);
#1841 = VERTEX_POINT('',#1842);
#1842 = CARTESIAN_POINT('',(0.675,-1.3925,0.725));
#1843 = LINE('',#1844,#1845);
#1844 = CARTESIAN_POINT('',(0.675,1.3925,0.725));
#1845 = VECTOR('',#1846,1.);
#1846 = DIRECTION('',(1.110223024625E-16,-1.,0.));
#1847 = ORIENTED_EDGE('',*,*,#1848,.T.);
#1848 = EDGE_CURVE('',#1841,#1849,#1851,.T.);
#1849 = VERTEX_POINT('',#1850);
#1850 = CARTESIAN_POINT('',(0.608243103516,-1.359121551758,1.2));
#1851 = B_SPLINE_CURVE_WITH_KNOTS('',1,(#1852,#1853),.UNSPECIFIED.,.F.,
  .F.,(2,2),(0.,1.),.PIECEWISE_BEZIER_KNOTS.);
#1852 = CARTESIAN_POINT('',(0.675,-1.3925,0.725));
#1853 = CARTESIAN_POINT('',(0.608243103516,-1.359121551758,1.2));
#1854 = ORIENTED_EDGE('',*,*,#1855,.F.);
#1855 = EDGE_CURVE('',#1810,#1849,#1856,.T.);
#1856 = LINE('',#1857,#1858);
#1857 = CARTESIAN_POINT('',(0.608243103516,1.359121551758,1.2));
#1858 = VECTOR('',#1859,1.);
#1859 = DIRECTION('',(1.110223024625E-16,-1.,0.));
#1860 = ORIENTED_EDGE('',*,*,#1809,.F.);
#1861 = B_SPLINE_SURFACE_WITH_KNOTS('',1,1,(
    (#1862,#1863)
    ,(#1864,#1865
    )),.UNSPECIFIED.,.F.,.F.,.F.,(2,2),(2,2),(0.,2.785),(0.,1.),
  .PIECEWISE_BEZIER_KNOTS.);
#1862 = CARTESIAN_POINT('',(0.675,1.3925,0.725));
#1863 = CARTESIAN_POINT('',(0.608243103516,1.359121551758,1.2));
#1864 = CARTESIAN_POINT('',(0.675,-1.3925,0.725));
#1865 = CARTESIAN_POINT('',(0.608243103516,-1.359121551758,1.2));
#1866 = ADVANCED_FACE('',(#1867),#1883,.F.);
#1867 = FACE_BOUND('',#1868,.F.);
#1868 = EDGE_LOOP('',(#1869,#1870,#1876,#1882));
#1869 = ORIENTED_EDGE('',*,*,#1306,.F.);
#1870 = ORIENTED_EDGE('',*,*,#1871,.T.);
#1871 = EDGE_CURVE('',#1299,#1587,#1872,.T.);
#1872 = LINE('',#1873,#1874);
#1873 = CARTESIAN_POINT('',(0.7,0.2,0.725));
#1874 = VECTOR('',#1875,1.);
#1875 = DIRECTION('',(1.110223024625E-16,-1.,0.));
#1876 = ORIENTED_EDGE('',*,*,#1877,.T.);
#1877 = EDGE_CURVE('',#1587,#1833,#1878,.T.);
#1878 = LINE('',#1879,#1880);
#1879 = CARTESIAN_POINT('',(0.7,-0.2,0.725));
#1880 = VECTOR('',#1881,1.);
#1881 = DIRECTION('',(-1.,-1.110223024625E-16,0.));
#1882 = ORIENTED_EDGE('',*,*,#1832,.F.);
#1883 = PLANE('',#1884);
#1884 = AXIS2_PLACEMENT_3D('',#1885,#1886,#1887);
#1885 = CARTESIAN_POINT('',(0.7,0.2,0.725));
#1886 = DIRECTION('',(0.,0.,-1.));
#1887 = DIRECTION('',(-1.,-1.110223024625E-16,-0.));
#1888 = ADVANCED_FACE('',(#1889),#1927,.F.);
#1889 = FACE_BOUND('',#1890,.F.);
#1890 = EDGE_LOOP('',(#1891,#1892,#1893,#1894,#1895,#1896,#1897,#1903,
    #1904,#1912,#1920,#1926));
#1891 = ORIENTED_EDGE('',*,*,#1877,.F.);
#1892 = ORIENTED_EDGE('',*,*,#1602,.T.);
#1893 = ORIENTED_EDGE('',*,*,#1647,.T.);
#1894 = ORIENTED_EDGE('',*,*,#1664,.T.);
#1895 = ORIENTED_EDGE('',*,*,#1618,.T.);
#1896 = ORIENTED_EDGE('',*,*,#1408,.T.);
#1897 = ORIENTED_EDGE('',*,*,#1898,.T.);
#1898 = EDGE_CURVE('',#1401,#1711,#1899,.T.);
#1899 = LINE('',#1900,#1901);
#1900 = CARTESIAN_POINT('',(-0.7,-1.15,0.725));
#1901 = VECTOR('',#1902,1.);
#1902 = DIRECTION('',(1.,-1.144237745222E-17,0.));
#1903 = ORIENTED_EDGE('',*,*,#1708,.F.);
#1904 = ORIENTED_EDGE('',*,*,#1905,.F.);
#1905 = EDGE_CURVE('',#1906,#1709,#1908,.T.);
#1906 = VERTEX_POINT('',#1907);
#1907 = CARTESIAN_POINT('',(-0.5925,-1.475,0.725));
#1908 = LINE('',#1909,#1910);
#1909 = CARTESIAN_POINT('',(-0.5925,-1.475,0.725));
#1910 = VECTOR('',#1911,1.);
#1911 = DIRECTION('',(-0.707106781187,0.707106781187,0.));
#1912 = ORIENTED_EDGE('',*,*,#1913,.F.);
#1913 = EDGE_CURVE('',#1914,#1906,#1916,.T.);
#1914 = VERTEX_POINT('',#1915);
#1915 = CARTESIAN_POINT('',(0.5925,-1.475,0.725));
#1916 = LINE('',#1917,#1918);
#1917 = CARTESIAN_POINT('',(0.5925,-1.475,0.725));
#1918 = VECTOR('',#1919,1.);
#1919 = DIRECTION('',(-1.,-1.110223024625E-16,0.));
#1920 = ORIENTED_EDGE('',*,*,#1921,.F.);
#1921 = EDGE_CURVE('',#1841,#1914,#1922,.T.);
#1922 = LINE('',#1923,#1924);
#1923 = CARTESIAN_POINT('',(0.675,-1.3925,0.725));
#1924 = VECTOR('',#1925,1.);
#1925 = DIRECTION('',(-0.707106781187,-0.707106781187,0.));
#1926 = ORIENTED_EDGE('',*,*,#1840,.F.);
#1927 = PLANE('',#1928);
#1928 = AXIS2_PLACEMENT_3D('',#1929,#1930,#1931);
#1929 = CARTESIAN_POINT('',(-1.486299604971E-16,1.4875,0.725));
#1930 = DIRECTION('',(1.022886882533E-31,-6.310887241768E-27,-1.));
#1931 = DIRECTION('',(1.,1.217738924546E-16,1.022886882525E-31));
#1932 = ADVANCED_FACE('',(#1933),#2002,.F.);
#1933 = FACE_BOUND('',#1934,.F.);
#1934 = EDGE_LOOP('',(#1935,#1936,#1937,#1945,#1954,#1962,#1970,#1978,
    #1987,#1995));
#1935 = ORIENTED_EDGE('',*,*,#1400,.F.);
#1936 = ORIENTED_EDGE('',*,*,#1440,.T.);
#1937 = ORIENTED_EDGE('',*,*,#1938,.T.);
#1938 = EDGE_CURVE('',#1433,#1939,#1941,.T.);
#1939 = VERTEX_POINT('',#1940);
#1940 = CARTESIAN_POINT('',(-0.843471632406,-1.15,0.206587955583));
#1941 = LINE('',#1942,#1943);
#1942 = CARTESIAN_POINT('',(-0.798480775301,-1.15,0.492364817767));
#1943 = VECTOR('',#1944,1.);
#1944 = DIRECTION('',(-0.155518033909,1.779496044609E-18,-0.987833053268
    ));
#1945 = ORIENTED_EDGE('',*,*,#1946,.T.);
#1946 = EDGE_CURVE('',#1939,#1947,#1949,.T.);
#1947 = VERTEX_POINT('',#1948);
#1948 = CARTESIAN_POINT('',(-1.089673570659,-1.15,5.551115123126E-17));
#1949 = CIRCLE('',#1950,0.25);
#1950 = AXIS2_PLACEMENT_3D('',#1951,#1952,#1953);
#1951 = CARTESIAN_POINT('',(-1.089673570659,-1.15,0.25));
#1952 = DIRECTION('',(1.144237745222E-17,1.,3.851859888774E-34));
#1953 = DIRECTION('',(0.984807753012,-1.126854202784E-17,-0.173648177667
    ));
#1954 = ORIENTED_EDGE('',*,*,#1955,.T.);
#1955 = EDGE_CURVE('',#1947,#1956,#1958,.T.);
#1956 = VERTEX_POINT('',#1957);
#1957 = CARTESIAN_POINT('',(-1.25,-1.15,5.551115123126E-17));
#1958 = LINE('',#1959,#1960);
#1959 = CARTESIAN_POINT('',(-1.089673570659,-1.15,5.551115123126E-17));
#1960 = VECTOR('',#1961,1.);
#1961 = DIRECTION('',(-1.,1.144237745222E-17,0.));
#1962 = ORIENTED_EDGE('',*,*,#1963,.T.);
#1963 = EDGE_CURVE('',#1956,#1964,#1966,.T.);
#1964 = VERTEX_POINT('',#1965);
#1965 = CARTESIAN_POINT('',(-1.25,-1.15,0.15));
#1966 = LINE('',#1967,#1968);
#1967 = CARTESIAN_POINT('',(-1.25,-1.15,5.551115123126E-17));
#1968 = VECTOR('',#1969,1.);
#1969 = DIRECTION('',(0.,0.,1.));
#1970 = ORIENTED_EDGE('',*,*,#1971,.T.);
#1971 = EDGE_CURVE('',#1964,#1972,#1974,.T.);
#1972 = VERTEX_POINT('',#1973);
#1973 = CARTESIAN_POINT('',(-1.089673570659,-1.15,0.15));
#1974 = LINE('',#1975,#1976);
#1975 = CARTESIAN_POINT('',(-1.25,-1.15,0.15));
#1976 = VECTOR('',#1977,1.);
#1977 = DIRECTION('',(1.,-1.144237745222E-17,0.));
#1978 = ORIENTED_EDGE('',*,*,#1979,.T.);
#1979 = EDGE_CURVE('',#1972,#1980,#1982,.T.);
#1980 = VERTEX_POINT('',#1981);
#1981 = CARTESIAN_POINT('',(-0.991192795358,-1.15,0.232635182233));
#1982 = CIRCLE('',#1983,0.1);
#1983 = AXIS2_PLACEMENT_3D('',#1984,#1985,#1986);
#1984 = CARTESIAN_POINT('',(-1.089673570659,-1.15,0.25));
#1985 = DIRECTION('',(-1.144237745222E-17,-1.,1.094764425254E-47));
#1986 = DIRECTION('',(-2.22044604925E-15,2.540718180781E-32,-1.));
#1987 = ORIENTED_EDGE('',*,*,#1988,.T.);
#1988 = EDGE_CURVE('',#1980,#1989,#1991,.T.);
#1989 = VERTEX_POINT('',#1990);
#1990 = CARTESIAN_POINT('',(-0.946201938253,-1.15,0.518412044417));
#1991 = LINE('',#1992,#1993);
#1992 = CARTESIAN_POINT('',(-0.991192795358,-1.15,0.232635182233));
#1993 = VECTOR('',#1994,1.);
#1994 = DIRECTION('',(0.155518033909,-1.779496044609E-18,0.987833053268)
  );
#1995 = ORIENTED_EDGE('',*,*,#1996,.T.);
#1996 = EDGE_CURVE('',#1989,#1401,#1997,.T.);
#1997 = CIRCLE('',#1998,0.25);
#1998 = AXIS2_PLACEMENT_3D('',#1999,#2000,#2001);
#1999 = CARTESIAN_POINT('',(-0.7,-1.15,0.475));
#2000 = DIRECTION('',(1.144237745222E-17,1.,0.));
#2001 = DIRECTION('',(-0.984807753012,1.126854202784E-17,0.173648177667)
  );
#2002 = PLANE('',#2003);
#2003 = AXIS2_PLACEMENT_3D('',#2004,#2005,#2006);
#2004 = CARTESIAN_POINT('',(-0.931323080229,-1.15,0.33452717391));
#2005 = DIRECTION('',(1.144237745222E-17,1.,0.));
#2006 = DIRECTION('',(0.,-0.,1.));
#2007 = ADVANCED_FACE('',(#2008),#2026,.F.);
#2008 = FACE_BOUND('',#2009,.F.);
#2009 = EDGE_LOOP('',(#2010,#2011,#2019,#2025));
#2010 = ORIENTED_EDGE('',*,*,#1432,.T.);
#2011 = ORIENTED_EDGE('',*,*,#2012,.T.);
#2012 = EDGE_CURVE('',#1424,#2013,#2015,.T.);
#2013 = VERTEX_POINT('',#2014);
#2014 = CARTESIAN_POINT('',(-0.843471632406,-0.75,0.206587955583));
#2015 = LINE('',#2016,#2017);
#2016 = CARTESIAN_POINT('',(-0.798480775301,-0.75,0.492364817767));
#2017 = VECTOR('',#2018,1.);
#2018 = DIRECTION('',(-0.155518033909,1.779496044609E-18,-0.987833053268
    ));
#2019 = ORIENTED_EDGE('',*,*,#2020,.F.);
#2020 = EDGE_CURVE('',#1939,#2013,#2021,.T.);
#2021 = LINE('',#2022,#2023);
#2022 = CARTESIAN_POINT('',(-0.843471632406,-1.15,0.206587955583));
#2023 = VECTOR('',#2024,1.);
#2024 = DIRECTION('',(1.144237745222E-17,1.,0.));
#2025 = ORIENTED_EDGE('',*,*,#1938,.F.);
#2026 = PLANE('',#2027);
#2027 = AXIS2_PLACEMENT_3D('',#2028,#2029,#2030);
#2028 = CARTESIAN_POINT('',(-0.798480775301,-1.15,0.492364817767));
#2029 = DIRECTION('',(-0.987833053268,1.130315865527E-17,0.155518033909)
  );
#2030 = DIRECTION('',(-0.155518033909,1.779496044609E-18,-0.987833053268
    ));
#2031 = ADVANCED_FACE('',(#2032),#2094,.T.);
#2032 = FACE_BOUND('',#2033,.T.);
#2033 = EDGE_LOOP('',(#2034,#2035,#2036,#2037,#2046,#2054,#2062,#2070,
    #2079,#2087));
#2034 = ORIENTED_EDGE('',*,*,#1455,.F.);
#2035 = ORIENTED_EDGE('',*,*,#1423,.T.);
#2036 = ORIENTED_EDGE('',*,*,#2012,.T.);
#2037 = ORIENTED_EDGE('',*,*,#2038,.T.);
#2038 = EDGE_CURVE('',#2013,#2039,#2041,.T.);
#2039 = VERTEX_POINT('',#2040);
#2040 = CARTESIAN_POINT('',(-1.089673570659,-0.75,5.551115123126E-17));
#2041 = CIRCLE('',#2042,0.25);
#2042 = AXIS2_PLACEMENT_3D('',#2043,#2044,#2045);
#2043 = CARTESIAN_POINT('',(-1.089673570659,-0.75,0.25));
#2044 = DIRECTION('',(1.144237745222E-17,1.,3.851859888774E-34));
#2045 = DIRECTION('',(0.984807753012,-1.126854202784E-17,-0.173648177667
    ));
#2046 = ORIENTED_EDGE('',*,*,#2047,.T.);
#2047 = EDGE_CURVE('',#2039,#2048,#2050,.T.);
#2048 = VERTEX_POINT('',#2049);
#2049 = CARTESIAN_POINT('',(-1.25,-0.75,5.551115123126E-17));
#2050 = LINE('',#2051,#2052);
#2051 = CARTESIAN_POINT('',(-1.089673570659,-0.75,5.551115123126E-17));
#2052 = VECTOR('',#2053,1.);
#2053 = DIRECTION('',(-1.,1.144237745222E-17,0.));
#2054 = ORIENTED_EDGE('',*,*,#2055,.T.);
#2055 = EDGE_CURVE('',#2048,#2056,#2058,.T.);
#2056 = VERTEX_POINT('',#2057);
#2057 = CARTESIAN_POINT('',(-1.25,-0.75,0.15));
#2058 = LINE('',#2059,#2060);
#2059 = CARTESIAN_POINT('',(-1.25,-0.75,5.551115123126E-17));
#2060 = VECTOR('',#2061,1.);
#2061 = DIRECTION('',(0.,0.,1.));
#2062 = ORIENTED_EDGE('',*,*,#2063,.T.);
#2063 = EDGE_CURVE('',#2056,#2064,#2066,.T.);
#2064 = VERTEX_POINT('',#2065);
#2065 = CARTESIAN_POINT('',(-1.089673570659,-0.75,0.15));
#2066 = LINE('',#2067,#2068);
#2067 = CARTESIAN_POINT('',(-1.25,-0.75,0.15));
#2068 = VECTOR('',#2069,1.);
#2069 = DIRECTION('',(1.,-1.144237745222E-17,0.));
#2070 = ORIENTED_EDGE('',*,*,#2071,.T.);
#2071 = EDGE_CURVE('',#2064,#2072,#2074,.T.);
#2072 = VERTEX_POINT('',#2073);
#2073 = CARTESIAN_POINT('',(-0.991192795358,-0.75,0.232635182233));
#2074 = CIRCLE('',#2075,0.1);
#2075 = AXIS2_PLACEMENT_3D('',#2076,#2077,#2078);
#2076 = CARTESIAN_POINT('',(-1.089673570659,-0.75,0.25));
#2077 = DIRECTION('',(-1.144237745222E-17,-1.,1.094764425254E-47));
#2078 = DIRECTION('',(-2.22044604925E-15,2.540718180781E-32,-1.));
#2079 = ORIENTED_EDGE('',*,*,#2080,.T.);
#2080 = EDGE_CURVE('',#2072,#2081,#2083,.T.);
#2081 = VERTEX_POINT('',#2082);
#2082 = CARTESIAN_POINT('',(-0.946201938253,-0.75,0.518412044417));
#2083 = LINE('',#2084,#2085);
#2084 = CARTESIAN_POINT('',(-0.991192795358,-0.75,0.232635182233));
#2085 = VECTOR('',#2086,1.);
#2086 = DIRECTION('',(0.155518033909,-1.779496044609E-18,0.987833053268)
  );
#2087 = ORIENTED_EDGE('',*,*,#2088,.T.);
#2088 = EDGE_CURVE('',#2081,#1456,#2089,.T.);
#2089 = CIRCLE('',#2090,0.25);
#2090 = AXIS2_PLACEMENT_3D('',#2091,#2092,#2093);
#2091 = CARTESIAN_POINT('',(-0.7,-0.75,0.475));
#2092 = DIRECTION('',(1.144237745222E-17,1.,0.));
#2093 = DIRECTION('',(-0.984807753012,1.126854202784E-17,0.173648177667)
  );
#2094 = PLANE('',#2095);
#2095 = AXIS2_PLACEMENT_3D('',#2096,#2097,#2098);
#2096 = CARTESIAN_POINT('',(-0.931323080229,-0.75,0.33452717391));
#2097 = DIRECTION('',(1.144237745222E-17,1.,0.));
#2098 = DIRECTION('',(0.,-0.,1.));
#2099 = ADVANCED_FACE('',(#2100),#2111,.F.);
#2100 = FACE_BOUND('',#2101,.F.);
#2101 = EDGE_LOOP('',(#2102,#2103,#2104,#2105));
#2102 = ORIENTED_EDGE('',*,*,#1472,.T.);
#2103 = ORIENTED_EDGE('',*,*,#1679,.T.);
#2104 = ORIENTED_EDGE('',*,*,#1726,.F.);
#2105 = ORIENTED_EDGE('',*,*,#2106,.F.);
#2106 = EDGE_CURVE('',#1456,#1719,#2107,.T.);
#2107 = LINE('',#2108,#2109);
#2108 = CARTESIAN_POINT('',(-0.7,-0.75,0.725));
#2109 = VECTOR('',#2110,1.);
#2110 = DIRECTION('',(1.,-1.144237745222E-17,0.));
#2111 = PLANE('',#2112);
#2112 = AXIS2_PLACEMENT_3D('',#2113,#2114,#2115);
#2113 = CARTESIAN_POINT('',(-1.486299604971E-16,1.4875,0.725));
#2114 = DIRECTION('',(1.022886882533E-31,-6.310887241768E-27,-1.));
#2115 = DIRECTION('',(1.,1.217738924546E-16,1.022886882525E-31));
#2116 = ADVANCED_FACE('',(#2117),#2186,.F.);
#2117 = FACE_BOUND('',#2118,.F.);
#2118 = EDGE_LOOP('',(#2119,#2120,#2121,#2129,#2138,#2146,#2154,#2162,
    #2171,#2179));
#2119 = ORIENTED_EDGE('',*,*,#1464,.F.);
#2120 = ORIENTED_EDGE('',*,*,#1504,.T.);
#2121 = ORIENTED_EDGE('',*,*,#2122,.T.);
#2122 = EDGE_CURVE('',#1497,#2123,#2125,.T.);
#2123 = VERTEX_POINT('',#2124);
#2124 = CARTESIAN_POINT('',(-0.843471632406,0.75,0.206587955583));
#2125 = LINE('',#2126,#2127);
#2126 = CARTESIAN_POINT('',(-0.798480775301,0.75,0.492364817767));
#2127 = VECTOR('',#2128,1.);
#2128 = DIRECTION('',(-0.155518033909,1.779496044609E-18,-0.987833053268
    ));
#2129 = ORIENTED_EDGE('',*,*,#2130,.T.);
#2130 = EDGE_CURVE('',#2123,#2131,#2133,.T.);
#2131 = VERTEX_POINT('',#2132);
#2132 = CARTESIAN_POINT('',(-1.089673570659,0.75,5.551115123126E-17));
#2133 = CIRCLE('',#2134,0.25);
#2134 = AXIS2_PLACEMENT_3D('',#2135,#2136,#2137);
#2135 = CARTESIAN_POINT('',(-1.089673570659,0.75,0.25));
#2136 = DIRECTION('',(1.144237745222E-17,1.,3.851859888774E-34));
#2137 = DIRECTION('',(0.984807753012,-1.126854202784E-17,-0.173648177667
    ));
#2138 = ORIENTED_EDGE('',*,*,#2139,.T.);
#2139 = EDGE_CURVE('',#2131,#2140,#2142,.T.);
#2140 = VERTEX_POINT('',#2141);
#2141 = CARTESIAN_POINT('',(-1.25,0.75,5.551115123126E-17));
#2142 = LINE('',#2143,#2144);
#2143 = CARTESIAN_POINT('',(-1.089673570659,0.75,5.551115123126E-17));
#2144 = VECTOR('',#2145,1.);
#2145 = DIRECTION('',(-1.,1.144237745222E-17,0.));
#2146 = ORIENTED_EDGE('',*,*,#2147,.T.);
#2147 = EDGE_CURVE('',#2140,#2148,#2150,.T.);
#2148 = VERTEX_POINT('',#2149);
#2149 = CARTESIAN_POINT('',(-1.25,0.75,0.15));
#2150 = LINE('',#2151,#2152);
#2151 = CARTESIAN_POINT('',(-1.25,0.75,5.551115123126E-17));
#2152 = VECTOR('',#2153,1.);
#2153 = DIRECTION('',(0.,0.,1.));
#2154 = ORIENTED_EDGE('',*,*,#2155,.T.);
#2155 = EDGE_CURVE('',#2148,#2156,#2158,.T.);
#2156 = VERTEX_POINT('',#2157);
#2157 = CARTESIAN_POINT('',(-1.089673570659,0.75,0.15));
#2158 = LINE('',#2159,#2160);
#2159 = CARTESIAN_POINT('',(-1.25,0.75,0.15));
#2160 = VECTOR('',#2161,1.);
#2161 = DIRECTION('',(1.,-1.144237745222E-17,0.));
#2162 = ORIENTED_EDGE('',*,*,#2163,.T.);
#2163 = EDGE_CURVE('',#2156,#2164,#2166,.T.);
#2164 = VERTEX_POINT('',#2165);
#2165 = CARTESIAN_POINT('',(-0.991192795358,0.75,0.232635182233));
#2166 = CIRCLE('',#2167,0.1);
#2167 = AXIS2_PLACEMENT_3D('',#2168,#2169,#2170);
#2168 = CARTESIAN_POINT('',(-1.089673570659,0.75,0.25));
#2169 = DIRECTION('',(-1.144237745222E-17,-1.,1.094764425254E-47));
#2170 = DIRECTION('',(-2.22044604925E-15,2.540718180781E-32,-1.));
#2171 = ORIENTED_EDGE('',*,*,#2172,.T.);
#2172 = EDGE_CURVE('',#2164,#2173,#2175,.T.);
#2173 = VERTEX_POINT('',#2174);
#2174 = CARTESIAN_POINT('',(-0.946201938253,0.75,0.518412044417));
#2175 = LINE('',#2176,#2177);
#2176 = CARTESIAN_POINT('',(-0.991192795358,0.75,0.232635182233));
#2177 = VECTOR('',#2178,1.);
#2178 = DIRECTION('',(0.155518033909,-1.779496044609E-18,0.987833053268)
  );
#2179 = ORIENTED_EDGE('',*,*,#2180,.T.);
#2180 = EDGE_CURVE('',#2173,#1465,#2181,.T.);
#2181 = CIRCLE('',#2182,0.25);
#2182 = AXIS2_PLACEMENT_3D('',#2183,#2184,#2185);
#2183 = CARTESIAN_POINT('',(-0.7,0.75,0.475));
#2184 = DIRECTION('',(1.144237745222E-17,1.,0.));
#2185 = DIRECTION('',(-0.984807753012,1.126854202784E-17,0.173648177667)
  );
#2186 = PLANE('',#2187);
#2187 = AXIS2_PLACEMENT_3D('',#2188,#2189,#2190);
#2188 = CARTESIAN_POINT('',(-0.931323080229,0.75,0.33452717391));
#2189 = DIRECTION('',(1.144237745222E-17,1.,0.));
#2190 = DIRECTION('',(0.,-0.,1.));
#2191 = ADVANCED_FACE('',(#2192),#2210,.F.);
#2192 = FACE_BOUND('',#2193,.F.);
#2193 = EDGE_LOOP('',(#2194,#2195,#2203,#2209));
#2194 = ORIENTED_EDGE('',*,*,#1496,.T.);
#2195 = ORIENTED_EDGE('',*,*,#2196,.T.);
#2196 = EDGE_CURVE('',#1488,#2197,#2199,.T.);
#2197 = VERTEX_POINT('',#2198);
#2198 = CARTESIAN_POINT('',(-0.843471632406,1.15,0.206587955583));
#2199 = LINE('',#2200,#2201);
#2200 = CARTESIAN_POINT('',(-0.798480775301,1.15,0.492364817767));
#2201 = VECTOR('',#2202,1.);
#2202 = DIRECTION('',(-0.155518033909,1.779496044609E-18,-0.987833053268
    ));
#2203 = ORIENTED_EDGE('',*,*,#2204,.F.);
#2204 = EDGE_CURVE('',#2123,#2197,#2205,.T.);
#2205 = LINE('',#2206,#2207);
#2206 = CARTESIAN_POINT('',(-0.843471632406,0.75,0.206587955583));
#2207 = VECTOR('',#2208,1.);
#2208 = DIRECTION('',(1.144237745222E-17,1.,0.));
#2209 = ORIENTED_EDGE('',*,*,#2122,.F.);
#2210 = PLANE('',#2211);
#2211 = AXIS2_PLACEMENT_3D('',#2212,#2213,#2214);
#2212 = CARTESIAN_POINT('',(-0.798480775301,0.75,0.492364817767));
#2213 = DIRECTION('',(-0.987833053268,1.130315865527E-17,0.155518033909)
  );
#2214 = DIRECTION('',(-0.155518033909,1.779496044609E-18,-0.987833053268
    ));
#2215 = ADVANCED_FACE('',(#2216),#2278,.T.);
#2216 = FACE_BOUND('',#2217,.T.);
#2217 = EDGE_LOOP('',(#2218,#2219,#2220,#2221,#2230,#2238,#2246,#2254,
    #2263,#2271));
#2218 = ORIENTED_EDGE('',*,*,#1519,.F.);
#2219 = ORIENTED_EDGE('',*,*,#1487,.T.);
#2220 = ORIENTED_EDGE('',*,*,#2196,.T.);
#2221 = ORIENTED_EDGE('',*,*,#2222,.T.);
#2222 = EDGE_CURVE('',#2197,#2223,#2225,.T.);
#2223 = VERTEX_POINT('',#2224);
#2224 = CARTESIAN_POINT('',(-1.089673570659,1.15,5.551115123126E-17));
#2225 = CIRCLE('',#2226,0.25);
#2226 = AXIS2_PLACEMENT_3D('',#2227,#2228,#2229);
#2227 = CARTESIAN_POINT('',(-1.089673570659,1.15,0.25));
#2228 = DIRECTION('',(1.144237745222E-17,1.,3.851859888774E-34));
#2229 = DIRECTION('',(0.984807753012,-1.126854202784E-17,-0.173648177667
    ));
#2230 = ORIENTED_EDGE('',*,*,#2231,.T.);
#2231 = EDGE_CURVE('',#2223,#2232,#2234,.T.);
#2232 = VERTEX_POINT('',#2233);
#2233 = CARTESIAN_POINT('',(-1.25,1.15,5.551115123126E-17));
#2234 = LINE('',#2235,#2236);
#2235 = CARTESIAN_POINT('',(-1.089673570659,1.15,5.551115123126E-17));
#2236 = VECTOR('',#2237,1.);
#2237 = DIRECTION('',(-1.,1.144237745222E-17,0.));
#2238 = ORIENTED_EDGE('',*,*,#2239,.T.);
#2239 = EDGE_CURVE('',#2232,#2240,#2242,.T.);
#2240 = VERTEX_POINT('',#2241);
#2241 = CARTESIAN_POINT('',(-1.25,1.15,0.15));
#2242 = LINE('',#2243,#2244);
#2243 = CARTESIAN_POINT('',(-1.25,1.15,5.551115123126E-17));
#2244 = VECTOR('',#2245,1.);
#2245 = DIRECTION('',(0.,0.,1.));
#2246 = ORIENTED_EDGE('',*,*,#2247,.T.);
#2247 = EDGE_CURVE('',#2240,#2248,#2250,.T.);
#2248 = VERTEX_POINT('',#2249);
#2249 = CARTESIAN_POINT('',(-1.089673570659,1.15,0.15));
#2250 = LINE('',#2251,#2252);
#2251 = CARTESIAN_POINT('',(-1.25,1.15,0.15));
#2252 = VECTOR('',#2253,1.);
#2253 = DIRECTION('',(1.,-1.144237745222E-17,0.));
#2254 = ORIENTED_EDGE('',*,*,#2255,.T.);
#2255 = EDGE_CURVE('',#2248,#2256,#2258,.T.);
#2256 = VERTEX_POINT('',#2257);
#2257 = CARTESIAN_POINT('',(-0.991192795358,1.15,0.232635182233));
#2258 = CIRCLE('',#2259,0.1);
#2259 = AXIS2_PLACEMENT_3D('',#2260,#2261,#2262);
#2260 = CARTESIAN_POINT('',(-1.089673570659,1.15,0.25));
#2261 = DIRECTION('',(-1.144237745222E-17,-1.,1.094764425254E-47));
#2262 = DIRECTION('',(-2.22044604925E-15,2.540718180781E-32,-1.));
#2263 = ORIENTED_EDGE('',*,*,#2264,.T.);
#2264 = EDGE_CURVE('',#2256,#2265,#2267,.T.);
#2265 = VERTEX_POINT('',#2266);
#2266 = CARTESIAN_POINT('',(-0.946201938253,1.15,0.518412044417));
#2267 = LINE('',#2268,#2269);
#2268 = CARTESIAN_POINT('',(-0.991192795358,1.15,0.232635182233));
#2269 = VECTOR('',#2270,1.);
#2270 = DIRECTION('',(0.155518033909,-1.779496044609E-18,0.987833053268)
  );
#2271 = ORIENTED_EDGE('',*,*,#2272,.T.);
#2272 = EDGE_CURVE('',#2265,#1355,#2273,.T.);
#2273 = CIRCLE('',#2274,0.25);
#2274 = AXIS2_PLACEMENT_3D('',#2275,#2276,#2277);
#2275 = CARTESIAN_POINT('',(-0.7,1.15,0.475));
#2276 = DIRECTION('',(1.144237745222E-17,1.,0.));
#2277 = DIRECTION('',(-0.984807753012,1.126854202784E-17,0.173648177667)
  );
#2278 = PLANE('',#2279);
#2279 = AXIS2_PLACEMENT_3D('',#2280,#2281,#2282);
#2280 = CARTESIAN_POINT('',(-0.931323080229,1.15,0.33452717391));
#2281 = DIRECTION('',(1.144237745222E-17,1.,0.));
#2282 = DIRECTION('',(0.,-0.,1.));
#2283 = ADVANCED_FACE('',(#2284),#2353,.F.);
#2284 = FACE_BOUND('',#2285,.F.);
#2285 = EDGE_LOOP('',(#2286,#2287,#2288,#2296,#2305,#2313,#2321,#2329,
    #2338,#2346));
#2286 = ORIENTED_EDGE('',*,*,#1538,.F.);
#2287 = ORIENTED_EDGE('',*,*,#1571,.T.);
#2288 = ORIENTED_EDGE('',*,*,#2289,.T.);
#2289 = EDGE_CURVE('',#1564,#2290,#2292,.T.);
#2290 = VERTEX_POINT('',#2291);
#2291 = CARTESIAN_POINT('',(0.843471632406,0.2,0.206587955583));
#2292 = LINE('',#2293,#2294);
#2293 = CARTESIAN_POINT('',(0.798480775301,0.2,0.492364817767));
#2294 = VECTOR('',#2295,1.);
#2295 = DIRECTION('',(0.155518033909,1.726597019897E-17,-0.987833053268)
  );
#2296 = ORIENTED_EDGE('',*,*,#2297,.T.);
#2297 = EDGE_CURVE('',#2290,#2298,#2300,.T.);
#2298 = VERTEX_POINT('',#2299);
#2299 = CARTESIAN_POINT('',(1.089673570659,0.2,5.551115123126E-17));
#2300 = CIRCLE('',#2301,0.25);
#2301 = AXIS2_PLACEMENT_3D('',#2302,#2303,#2304);
#2302 = CARTESIAN_POINT('',(1.089673570659,0.2,0.25));
#2303 = DIRECTION('',(1.110223024625E-16,-1.,0.));
#2304 = DIRECTION('',(-0.984807753012,-1.093356242223E-16,
    -0.173648177667));
#2305 = ORIENTED_EDGE('',*,*,#2306,.T.);
#2306 = EDGE_CURVE('',#2298,#2307,#2309,.T.);
#2307 = VERTEX_POINT('',#2308);
#2308 = CARTESIAN_POINT('',(1.25,0.2,5.551115123126E-17));
#2309 = LINE('',#2310,#2311);
#2310 = CARTESIAN_POINT('',(1.089673570659,0.2,5.551115123126E-17));
#2311 = VECTOR('',#2312,1.);
#2312 = DIRECTION('',(1.,1.110223024625E-16,0.));
#2313 = ORIENTED_EDGE('',*,*,#2314,.T.);
#2314 = EDGE_CURVE('',#2307,#2315,#2317,.T.);
#2315 = VERTEX_POINT('',#2316);
#2316 = CARTESIAN_POINT('',(1.25,0.2,0.15));
#2317 = LINE('',#2318,#2319);
#2318 = CARTESIAN_POINT('',(1.25,0.2,5.551115123126E-17));
#2319 = VECTOR('',#2320,1.);
#2320 = DIRECTION('',(0.,0.,1.));
#2321 = ORIENTED_EDGE('',*,*,#2322,.T.);
#2322 = EDGE_CURVE('',#2315,#2323,#2325,.T.);
#2323 = VERTEX_POINT('',#2324);
#2324 = CARTESIAN_POINT('',(1.089673570659,0.2,0.15));
#2325 = LINE('',#2326,#2327);
#2326 = CARTESIAN_POINT('',(1.25,0.2,0.15));
#2327 = VECTOR('',#2328,1.);
#2328 = DIRECTION('',(-1.,-1.110223024625E-16,0.));
#2329 = ORIENTED_EDGE('',*,*,#2330,.T.);
#2330 = EDGE_CURVE('',#2323,#2331,#2333,.T.);
#2331 = VERTEX_POINT('',#2332);
#2332 = CARTESIAN_POINT('',(0.991192795358,0.2,0.232635182233));
#2333 = CIRCLE('',#2334,0.1);
#2334 = AXIS2_PLACEMENT_3D('',#2335,#2336,#2337);
#2335 = CARTESIAN_POINT('',(1.089673570659,0.2,0.25));
#2336 = DIRECTION('',(-1.110223024625E-16,1.,0.));
#2337 = DIRECTION('',(2.22044604925E-15,2.465190328815E-31,-1.));
#2338 = ORIENTED_EDGE('',*,*,#2339,.T.);
#2339 = EDGE_CURVE('',#2331,#2340,#2342,.T.);
#2340 = VERTEX_POINT('',#2341);
#2341 = CARTESIAN_POINT('',(0.946201938253,0.2,0.518412044417));
#2342 = LINE('',#2343,#2344);
#2343 = CARTESIAN_POINT('',(0.991192795358,0.2,0.232635182233));
#2344 = VECTOR('',#2345,1.);
#2345 = DIRECTION('',(-0.155518033909,-1.726597019897E-17,0.987833053268
    ));
#2346 = ORIENTED_EDGE('',*,*,#2347,.T.);
#2347 = EDGE_CURVE('',#2340,#1299,#2348,.T.);
#2348 = CIRCLE('',#2349,0.25);
#2349 = AXIS2_PLACEMENT_3D('',#2350,#2351,#2352);
#2350 = CARTESIAN_POINT('',(0.7,0.2,0.475));
#2351 = DIRECTION('',(1.110223024625E-16,-1.,0.));
#2352 = DIRECTION('',(0.984807753012,1.093356242223E-16,0.173648177667)
  );
#2353 = PLANE('',#2354);
#2354 = AXIS2_PLACEMENT_3D('',#2355,#2356,#2357);
#2355 = CARTESIAN_POINT('',(0.931323080229,0.2,0.33452717391));
#2356 = DIRECTION('',(1.110223024625E-16,-1.,0.));
#2357 = DIRECTION('',(0.,0.,1.));
#2358 = ADVANCED_FACE('',(#2359),#2377,.F.);
#2359 = FACE_BOUND('',#2360,.F.);
#2360 = EDGE_LOOP('',(#2361,#2362,#2370,#2376));
#2361 = ORIENTED_EDGE('',*,*,#1563,.T.);
#2362 = ORIENTED_EDGE('',*,*,#2363,.T.);
#2363 = EDGE_CURVE('',#1555,#2364,#2366,.T.);
#2364 = VERTEX_POINT('',#2365);
#2365 = CARTESIAN_POINT('',(0.843471632406,-0.2,0.206587955583));
#2366 = LINE('',#2367,#2368);
#2367 = CARTESIAN_POINT('',(0.798480775301,-0.2,0.492364817767));
#2368 = VECTOR('',#2369,1.);
#2369 = DIRECTION('',(0.155518033909,1.726597019897E-17,-0.987833053268)
  );
#2370 = ORIENTED_EDGE('',*,*,#2371,.F.);
#2371 = EDGE_CURVE('',#2290,#2364,#2372,.T.);
#2372 = LINE('',#2373,#2374);
#2373 = CARTESIAN_POINT('',(0.843471632406,0.2,0.206587955583));
#2374 = VECTOR('',#2375,1.);
#2375 = DIRECTION('',(1.110223024625E-16,-1.,0.));
#2376 = ORIENTED_EDGE('',*,*,#2289,.F.);
#2377 = PLANE('',#2378);
#2378 = AXIS2_PLACEMENT_3D('',#2379,#2380,#2381);
#2379 = CARTESIAN_POINT('',(0.798480775301,0.2,0.492364817767));
#2380 = DIRECTION('',(0.987833053268,1.096715000224E-16,0.155518033909)
  );
#2381 = DIRECTION('',(0.155518033909,1.726597019897E-17,-0.987833053268)
  );
#2382 = ADVANCED_FACE('',(#2383),#2445,.T.);
#2383 = FACE_BOUND('',#2384,.T.);
#2384 = EDGE_LOOP('',(#2385,#2386,#2387,#2388,#2397,#2405,#2413,#2421,
    #2430,#2438));
#2385 = ORIENTED_EDGE('',*,*,#1586,.F.);
#2386 = ORIENTED_EDGE('',*,*,#1554,.T.);
#2387 = ORIENTED_EDGE('',*,*,#2363,.T.);
#2388 = ORIENTED_EDGE('',*,*,#2389,.T.);
#2389 = EDGE_CURVE('',#2364,#2390,#2392,.T.);
#2390 = VERTEX_POINT('',#2391);
#2391 = CARTESIAN_POINT('',(1.089673570659,-0.2,5.551115123126E-17));
#2392 = CIRCLE('',#2393,0.25);
#2393 = AXIS2_PLACEMENT_3D('',#2394,#2395,#2396);
#2394 = CARTESIAN_POINT('',(1.089673570659,-0.2,0.25));
#2395 = DIRECTION('',(1.110223024625E-16,-1.,0.));
#2396 = DIRECTION('',(-0.984807753012,-1.093356242223E-16,
    -0.173648177667));
#2397 = ORIENTED_EDGE('',*,*,#2398,.T.);
#2398 = EDGE_CURVE('',#2390,#2399,#2401,.T.);
#2399 = VERTEX_POINT('',#2400);
#2400 = CARTESIAN_POINT('',(1.25,-0.2,5.551115123126E-17));
#2401 = LINE('',#2402,#2403);
#2402 = CARTESIAN_POINT('',(1.089673570659,-0.2,5.551115123126E-17));
#2403 = VECTOR('',#2404,1.);
#2404 = DIRECTION('',(1.,1.110223024625E-16,0.));
#2405 = ORIENTED_EDGE('',*,*,#2406,.T.);
#2406 = EDGE_CURVE('',#2399,#2407,#2409,.T.);
#2407 = VERTEX_POINT('',#2408);
#2408 = CARTESIAN_POINT('',(1.25,-0.2,0.15));
#2409 = LINE('',#2410,#2411);
#2410 = CARTESIAN_POINT('',(1.25,-0.2,5.551115123126E-17));
#2411 = VECTOR('',#2412,1.);
#2412 = DIRECTION('',(0.,0.,1.));
#2413 = ORIENTED_EDGE('',*,*,#2414,.T.);
#2414 = EDGE_CURVE('',#2407,#2415,#2417,.T.);
#2415 = VERTEX_POINT('',#2416);
#2416 = CARTESIAN_POINT('',(1.089673570659,-0.2,0.15));
#2417 = LINE('',#2418,#2419);
#2418 = CARTESIAN_POINT('',(1.25,-0.2,0.15));
#2419 = VECTOR('',#2420,1.);
#2420 = DIRECTION('',(-1.,-1.110223024625E-16,0.));
#2421 = ORIENTED_EDGE('',*,*,#2422,.T.);
#2422 = EDGE_CURVE('',#2415,#2423,#2425,.T.);
#2423 = VERTEX_POINT('',#2424);
#2424 = CARTESIAN_POINT('',(0.991192795358,-0.2,0.232635182233));
#2425 = CIRCLE('',#2426,0.1);
#2426 = AXIS2_PLACEMENT_3D('',#2427,#2428,#2429);
#2427 = CARTESIAN_POINT('',(1.089673570659,-0.2,0.25));
#2428 = DIRECTION('',(-1.110223024625E-16,1.,0.));
#2429 = DIRECTION('',(2.22044604925E-15,2.465190328815E-31,-1.));
#2430 = ORIENTED_EDGE('',*,*,#2431,.T.);
#2431 = EDGE_CURVE('',#2423,#2432,#2434,.T.);
#2432 = VERTEX_POINT('',#2433);
#2433 = CARTESIAN_POINT('',(0.946201938253,-0.2,0.518412044417));
#2434 = LINE('',#2435,#2436);
#2435 = CARTESIAN_POINT('',(0.991192795358,-0.2,0.232635182233));
#2436 = VECTOR('',#2437,1.);
#2437 = DIRECTION('',(-0.155518033909,-1.726597019897E-17,0.987833053268
    ));
#2438 = ORIENTED_EDGE('',*,*,#2439,.T.);
#2439 = EDGE_CURVE('',#2432,#1587,#2440,.T.);
#2440 = CIRCLE('',#2441,0.25);
#2441 = AXIS2_PLACEMENT_3D('',#2442,#2443,#2444);
#2442 = CARTESIAN_POINT('',(0.7,-0.2,0.475));
#2443 = DIRECTION('',(1.110223024625E-16,-1.,0.));
#2444 = DIRECTION('',(0.984807753012,1.093356242223E-16,0.173648177667)
  );
#2445 = PLANE('',#2446);
#2446 = AXIS2_PLACEMENT_3D('',#2447,#2448,#2449);
#2447 = CARTESIAN_POINT('',(0.931323080229,-0.2,0.33452717391));
#2448 = DIRECTION('',(1.110223024625E-16,-1.,0.));
#2449 = DIRECTION('',(0.,0.,1.));
#2450 = ADVANCED_FACE('',(#2451),#2462,.T.);
#2451 = FACE_BOUND('',#2452,.T.);
#2452 = EDGE_LOOP('',(#2453,#2454,#2455,#2456));
#2453 = ORIENTED_EDGE('',*,*,#2180,.T.);
#2454 = ORIENTED_EDGE('',*,*,#1687,.T.);
#2455 = ORIENTED_EDGE('',*,*,#2272,.F.);
#2456 = ORIENTED_EDGE('',*,*,#2457,.F.);
#2457 = EDGE_CURVE('',#2173,#2265,#2458,.T.);
#2458 = LINE('',#2459,#2460);
#2459 = CARTESIAN_POINT('',(-0.946201938253,0.75,0.518412044417));
#2460 = VECTOR('',#2461,1.);
#2461 = DIRECTION('',(1.144237745222E-17,1.,0.));
#2462 = CYLINDRICAL_SURFACE('',#2463,0.25);
#2463 = AXIS2_PLACEMENT_3D('',#2464,#2465,#2466);
#2464 = CARTESIAN_POINT('',(-0.7,0.75,0.475));
#2465 = DIRECTION('',(-1.144237745222E-17,-1.,0.));
#2466 = DIRECTION('',(-0.984807753012,1.126854202784E-17,0.173648177667)
  );
#2467 = ADVANCED_FACE('',(#2468),#2479,.F.);
#2468 = FACE_BOUND('',#2469,.F.);
#2469 = EDGE_LOOP('',(#2470,#2471,#2477,#2478));
#2470 = ORIENTED_EDGE('',*,*,#1898,.F.);
#2471 = ORIENTED_EDGE('',*,*,#2472,.T.);
#2472 = EDGE_CURVE('',#1401,#1456,#2473,.T.);
#2473 = LINE('',#2474,#2475);
#2474 = CARTESIAN_POINT('',(-0.7,-1.15,0.725));
#2475 = VECTOR('',#2476,1.);
#2476 = DIRECTION('',(1.144237745222E-17,1.,0.));
#2477 = ORIENTED_EDGE('',*,*,#2106,.T.);
#2478 = ORIENTED_EDGE('',*,*,#1718,.F.);
#2479 = PLANE('',#2480);
#2480 = AXIS2_PLACEMENT_3D('',#2481,#2482,#2483);
#2481 = CARTESIAN_POINT('',(-0.7,-1.15,0.725));
#2482 = DIRECTION('',(0.,0.,-1.));
#2483 = DIRECTION('',(1.,-1.144237745222E-17,0.));
#2484 = ADVANCED_FACE('',(#2485,#2514),#2525,.T.);
#2485 = FACE_BOUND('',#2486,.T.);
#2486 = EDGE_LOOP('',(#2487,#2488,#2489,#2490,#2498,#2506,#2512,#2513));
#2487 = ORIENTED_EDGE('',*,*,#1793,.F.);
#2488 = ORIENTED_EDGE('',*,*,#1770,.F.);
#2489 = ORIENTED_EDGE('',*,*,#1741,.F.);
#2490 = ORIENTED_EDGE('',*,*,#2491,.F.);
#2491 = EDGE_CURVE('',#2492,#1742,#2494,.T.);
#2492 = VERTEX_POINT('',#2493);
#2493 = CARTESIAN_POINT('',(-0.559121551758,-1.408243103516,1.2));
#2494 = LINE('',#2495,#2496);
#2495 = CARTESIAN_POINT('',(-0.559121551758,-1.408243103516,1.2));
#2496 = VECTOR('',#2497,1.);
#2497 = DIRECTION('',(-0.707106781187,0.707106781187,0.));
#2498 = ORIENTED_EDGE('',*,*,#2499,.F.);
#2499 = EDGE_CURVE('',#2500,#2492,#2502,.T.);
#2500 = VERTEX_POINT('',#2501);
#2501 = CARTESIAN_POINT('',(0.559121551758,-1.408243103516,1.2));
#2502 = LINE('',#2503,#2504);
#2503 = CARTESIAN_POINT('',(0.559121551758,-1.408243103516,1.2));
#2504 = VECTOR('',#2505,1.);
#2505 = DIRECTION('',(-1.,-1.110223024625E-16,0.));
#2506 = ORIENTED_EDGE('',*,*,#2507,.F.);
#2507 = EDGE_CURVE('',#1849,#2500,#2508,.T.);
#2508 = LINE('',#2509,#2510);
#2509 = CARTESIAN_POINT('',(0.608243103516,-1.359121551758,1.2));
#2510 = VECTOR('',#2511,1.);
#2511 = DIRECTION('',(-0.707106781187,-0.707106781187,0.));
#2512 = ORIENTED_EDGE('',*,*,#1855,.F.);
#2513 = ORIENTED_EDGE('',*,*,#1816,.F.);
#2514 = FACE_BOUND('',#2515,.T.);
#2515 = EDGE_LOOP('',(#2516));
#2516 = ORIENTED_EDGE('',*,*,#2517,.T.);
#2517 = EDGE_CURVE('',#2518,#2518,#2520,.T.);
#2518 = VERTEX_POINT('',#2519);
#2519 = CARTESIAN_POINT('',(-0.428243103516,1.178243103516,1.2));
#2520 = CIRCLE('',#2521,5.E-02);
#2521 = AXIS2_PLACEMENT_3D('',#2522,#2523,#2524);
#2522 = CARTESIAN_POINT('',(-0.428243103516,1.228243103516,1.2));
#2523 = DIRECTION('',(0.,-0.,-1.));
#2524 = DIRECTION('',(1.110223024625E-16,-1.,0.));
#2525 = PLANE('',#2526);
#2526 = AXIS2_PLACEMENT_3D('',#2527,#2528,#2529);
#2527 = CARTESIAN_POINT('',(-0.559121551758,1.408243103516,1.2));
#2528 = DIRECTION('',(0.,0.,1.));
#2529 = DIRECTION('',(0.369013679242,-0.929423963825,0.));
#2530 = ADVANCED_FACE('',(#2531),#2541,.F.);
#2531 = FACE_BOUND('',#2532,.F.);
#2532 = EDGE_LOOP('',(#2533,#2534,#2535,#2536));
#2533 = ORIENTED_EDGE('',*,*,#1905,.T.);
#2534 = ORIENTED_EDGE('',*,*,#1749,.T.);
#2535 = ORIENTED_EDGE('',*,*,#2491,.F.);
#2536 = ORIENTED_EDGE('',*,*,#2537,.F.);
#2537 = EDGE_CURVE('',#1906,#2492,#2538,.T.);
#2538 = B_SPLINE_CURVE_WITH_KNOTS('',1,(#2539,#2540),.UNSPECIFIED.,.F.,
  .F.,(2,2),(0.,1.),.PIECEWISE_BEZIER_KNOTS.);
#2539 = CARTESIAN_POINT('',(-0.5925,-1.475,0.725));
#2540 = CARTESIAN_POINT('',(-0.559121551758,-1.408243103516,1.2));
#2541 = B_SPLINE_SURFACE_WITH_KNOTS('',1,1,(
    (#2542,#2543)
    ,(#2544,#2545
    )),.UNSPECIFIED.,.F.,.F.,.F.,(2,2),(2,2),(0.,0.116672618896),(0.,1.)
  ,.PIECEWISE_BEZIER_KNOTS.);
#2542 = CARTESIAN_POINT('',(-0.5925,-1.475,0.725));
#2543 = CARTESIAN_POINT('',(-0.559121551758,-1.408243103516,1.2));
#2544 = CARTESIAN_POINT('',(-0.675,-1.3925,0.725));
#2545 = CARTESIAN_POINT('',(-0.608243103516,-1.359121551758,1.2));
#2546 = ADVANCED_FACE('',(#2547),#2557,.F.);
#2547 = FACE_BOUND('',#2548,.F.);
#2548 = EDGE_LOOP('',(#2549,#2550,#2555,#2556));
#2549 = ORIENTED_EDGE('',*,*,#1921,.T.);
#2550 = ORIENTED_EDGE('',*,*,#2551,.T.);
#2551 = EDGE_CURVE('',#1914,#2500,#2552,.T.);
#2552 = B_SPLINE_CURVE_WITH_KNOTS('',1,(#2553,#2554),.UNSPECIFIED.,.F.,
  .F.,(2,2),(0.,1.),.PIECEWISE_BEZIER_KNOTS.);
#2553 = CARTESIAN_POINT('',(0.5925,-1.475,0.725));
#2554 = CARTESIAN_POINT('',(0.559121551758,-1.408243103516,1.2));
#2555 = ORIENTED_EDGE('',*,*,#2507,.F.);
#2556 = ORIENTED_EDGE('',*,*,#1848,.F.);
#2557 = B_SPLINE_SURFACE_WITH_KNOTS('',1,1,(
    (#2558,#2559)
    ,(#2560,#2561
    )),.UNSPECIFIED.,.F.,.F.,.F.,(2,2),(2,2),(0.,0.116672618896),(0.,1.)
  ,.PIECEWISE_BEZIER_KNOTS.);
#2558 = CARTESIAN_POINT('',(0.675,-1.3925,0.725));
#2559 = CARTESIAN_POINT('',(0.608243103516,-1.359121551758,1.2));
#2560 = CARTESIAN_POINT('',(0.5925,-1.475,0.725));
#2561 = CARTESIAN_POINT('',(0.559121551758,-1.408243103516,1.2));
#2562 = ADVANCED_FACE('',(#2563),#2574,.T.);
#2563 = FACE_BOUND('',#2564,.T.);
#2564 = EDGE_LOOP('',(#2565,#2566,#2567,#2568));
#2565 = ORIENTED_EDGE('',*,*,#2347,.T.);
#2566 = ORIENTED_EDGE('',*,*,#1871,.T.);
#2567 = ORIENTED_EDGE('',*,*,#2439,.F.);
#2568 = ORIENTED_EDGE('',*,*,#2569,.F.);
#2569 = EDGE_CURVE('',#2340,#2432,#2570,.T.);
#2570 = LINE('',#2571,#2572);
#2571 = CARTESIAN_POINT('',(0.946201938253,0.2,0.518412044417));
#2572 = VECTOR('',#2573,1.);
#2573 = DIRECTION('',(1.110223024625E-16,-1.,0.));
#2574 = CYLINDRICAL_SURFACE('',#2575,0.25);
#2575 = AXIS2_PLACEMENT_3D('',#2576,#2577,#2578);
#2576 = CARTESIAN_POINT('',(0.7,0.2,0.475));
#2577 = DIRECTION('',(-1.110223024625E-16,1.,0.));
#2578 = DIRECTION('',(0.984807753012,1.093356242223E-16,0.173648177667)
  );
#2579 = ADVANCED_FACE('',(#2580),#2586,.F.);
#2580 = FACE_BOUND('',#2581,.F.);
#2581 = EDGE_LOOP('',(#2582,#2583,#2584,#2585));
#2582 = ORIENTED_EDGE('',*,*,#1913,.T.);
#2583 = ORIENTED_EDGE('',*,*,#2537,.T.);
#2584 = ORIENTED_EDGE('',*,*,#2499,.F.);
#2585 = ORIENTED_EDGE('',*,*,#2551,.F.);
#2586 = B_SPLINE_SURFACE_WITH_KNOTS('',1,1,(
    (#2587,#2588)
    ,(#2589,#2590
    )),.UNSPECIFIED.,.F.,.F.,.F.,(2,2),(2,2),(0.,1.185),(0.,1.),
  .PIECEWISE_BEZIER_KNOTS.);
#2587 = CARTESIAN_POINT('',(0.5925,-1.475,0.725));
#2588 = CARTESIAN_POINT('',(0.559121551758,-1.408243103516,1.2));
#2589 = CARTESIAN_POINT('',(-0.5925,-1.475,0.725));
#2590 = CARTESIAN_POINT('',(-0.559121551758,-1.408243103516,1.2));
#2591 = ADVANCED_FACE('',(#2592),#2603,.T.);
#2592 = FACE_BOUND('',#2593,.T.);
#2593 = EDGE_LOOP('',(#2594,#2595,#2596,#2597));
#2594 = ORIENTED_EDGE('',*,*,#1996,.T.);
#2595 = ORIENTED_EDGE('',*,*,#2472,.T.);
#2596 = ORIENTED_EDGE('',*,*,#2088,.F.);
#2597 = ORIENTED_EDGE('',*,*,#2598,.F.);
#2598 = EDGE_CURVE('',#1989,#2081,#2599,.T.);
#2599 = LINE('',#2600,#2601);
#2600 = CARTESIAN_POINT('',(-0.946201938253,-1.15,0.518412044417));
#2601 = VECTOR('',#2602,1.);
#2602 = DIRECTION('',(1.144237745222E-17,1.,0.));
#2603 = CYLINDRICAL_SURFACE('',#2604,0.25);
#2604 = AXIS2_PLACEMENT_3D('',#2605,#2606,#2607);
#2605 = CARTESIAN_POINT('',(-0.7,-1.15,0.475));
#2606 = DIRECTION('',(-1.144237745222E-17,-1.,0.));
#2607 = DIRECTION('',(-0.984807753012,1.126854202784E-17,0.173648177667)
  );
#2608 = ADVANCED_FACE('',(#2609),#2620,.F.);
#2609 = FACE_BOUND('',#2610,.F.);
#2610 = EDGE_LOOP('',(#2611,#2617,#2618,#2619));
#2611 = ORIENTED_EDGE('',*,*,#2612,.T.);
#2612 = EDGE_CURVE('',#1980,#2072,#2613,.T.);
#2613 = LINE('',#2614,#2615);
#2614 = CARTESIAN_POINT('',(-0.991192795358,-1.15,0.232635182233));
#2615 = VECTOR('',#2616,1.);
#2616 = DIRECTION('',(1.144237745222E-17,1.,0.));
#2617 = ORIENTED_EDGE('',*,*,#2080,.T.);
#2618 = ORIENTED_EDGE('',*,*,#2598,.F.);
#2619 = ORIENTED_EDGE('',*,*,#1988,.F.);
#2620 = PLANE('',#2621);
#2621 = AXIS2_PLACEMENT_3D('',#2622,#2623,#2624);
#2622 = CARTESIAN_POINT('',(-0.991192795358,-1.15,0.232635182233));
#2623 = DIRECTION('',(0.987833053268,-1.130315865527E-17,-0.155518033909
    ));
#2624 = DIRECTION('',(0.155518033909,-1.779496044609E-18,0.987833053268)
  );
#2625 = ADVANCED_FACE('',(#2626),#2637,.F.);
#2626 = FACE_BOUND('',#2627,.F.);
#2627 = EDGE_LOOP('',(#2628,#2634,#2635,#2636));
#2628 = ORIENTED_EDGE('',*,*,#2629,.T.);
#2629 = EDGE_CURVE('',#1972,#2064,#2630,.T.);
#2630 = LINE('',#2631,#2632);
#2631 = CARTESIAN_POINT('',(-1.089673570659,-1.15,0.15));
#2632 = VECTOR('',#2633,1.);
#2633 = DIRECTION('',(1.144237745222E-17,1.,0.));
#2634 = ORIENTED_EDGE('',*,*,#2071,.T.);
#2635 = ORIENTED_EDGE('',*,*,#2612,.F.);
#2636 = ORIENTED_EDGE('',*,*,#1979,.F.);
#2637 = CYLINDRICAL_SURFACE('',#2638,0.1);
#2638 = AXIS2_PLACEMENT_3D('',#2639,#2640,#2641);
#2639 = CARTESIAN_POINT('',(-1.089673570659,-1.15,0.25));
#2640 = DIRECTION('',(-1.144237745222E-17,-1.,0.));
#2641 = DIRECTION('',(-2.22044604925E-15,2.540718180781E-32,-1.));
#2642 = ADVANCED_FACE('',(#2643),#2654,.F.);
#2643 = FACE_BOUND('',#2644,.F.);
#2644 = EDGE_LOOP('',(#2645,#2651,#2652,#2653));
#2645 = ORIENTED_EDGE('',*,*,#2646,.T.);
#2646 = EDGE_CURVE('',#1964,#2056,#2647,.T.);
#2647 = LINE('',#2648,#2649);
#2648 = CARTESIAN_POINT('',(-1.25,-1.15,0.15));
#2649 = VECTOR('',#2650,1.);
#2650 = DIRECTION('',(1.144237745222E-17,1.,0.));
#2651 = ORIENTED_EDGE('',*,*,#2063,.T.);
#2652 = ORIENTED_EDGE('',*,*,#2629,.F.);
#2653 = ORIENTED_EDGE('',*,*,#1971,.F.);
#2654 = PLANE('',#2655);
#2655 = AXIS2_PLACEMENT_3D('',#2656,#2657,#2658);
#2656 = CARTESIAN_POINT('',(-1.25,-1.15,0.15));
#2657 = DIRECTION('',(0.,0.,-1.));
#2658 = DIRECTION('',(1.,-1.144237745222E-17,0.));
#2659 = ADVANCED_FACE('',(#2660),#2671,.F.);
#2660 = FACE_BOUND('',#2661,.F.);
#2661 = EDGE_LOOP('',(#2662,#2668,#2669,#2670));
#2662 = ORIENTED_EDGE('',*,*,#2663,.T.);
#2663 = EDGE_CURVE('',#1956,#2048,#2664,.T.);
#2664 = LINE('',#2665,#2666);
#2665 = CARTESIAN_POINT('',(-1.25,-1.15,5.551115123126E-17));
#2666 = VECTOR('',#2667,1.);
#2667 = DIRECTION('',(1.144237745222E-17,1.,0.));
#2668 = ORIENTED_EDGE('',*,*,#2055,.T.);
#2669 = ORIENTED_EDGE('',*,*,#2646,.F.);
#2670 = ORIENTED_EDGE('',*,*,#1963,.F.);
#2671 = PLANE('',#2672);
#2672 = AXIS2_PLACEMENT_3D('',#2673,#2674,#2675);
#2673 = CARTESIAN_POINT('',(-1.25,-1.15,5.551115123126E-17));
#2674 = DIRECTION('',(1.,-1.144237745222E-17,0.));
#2675 = DIRECTION('',(0.,0.,1.));
#2676 = ADVANCED_FACE('',(#2677),#2688,.F.);
#2677 = FACE_BOUND('',#2678,.F.);
#2678 = EDGE_LOOP('',(#2679,#2685,#2686,#2687));
#2679 = ORIENTED_EDGE('',*,*,#2680,.T.);
#2680 = EDGE_CURVE('',#1947,#2039,#2681,.T.);
#2681 = LINE('',#2682,#2683);
#2682 = CARTESIAN_POINT('',(-1.089673570659,-1.15,5.551115123126E-17));
#2683 = VECTOR('',#2684,1.);
#2684 = DIRECTION('',(1.144237745222E-17,1.,0.));
#2685 = ORIENTED_EDGE('',*,*,#2047,.T.);
#2686 = ORIENTED_EDGE('',*,*,#2663,.F.);
#2687 = ORIENTED_EDGE('',*,*,#1955,.F.);
#2688 = PLANE('',#2689);
#2689 = AXIS2_PLACEMENT_3D('',#2690,#2691,#2692);
#2690 = CARTESIAN_POINT('',(-1.089673570659,-1.15,5.551115123126E-17));
#2691 = DIRECTION('',(0.,0.,1.));
#2692 = DIRECTION('',(-1.,1.144237745222E-17,0.));
#2693 = ADVANCED_FACE('',(#2694),#2700,.T.);
#2694 = FACE_BOUND('',#2695,.T.);
#2695 = EDGE_LOOP('',(#2696,#2697,#2698,#2699));
#2696 = ORIENTED_EDGE('',*,*,#1946,.T.);
#2697 = ORIENTED_EDGE('',*,*,#2680,.T.);
#2698 = ORIENTED_EDGE('',*,*,#2038,.F.);
#2699 = ORIENTED_EDGE('',*,*,#2020,.F.);
#2700 = CYLINDRICAL_SURFACE('',#2701,0.25);
#2701 = AXIS2_PLACEMENT_3D('',#2702,#2703,#2704);
#2702 = CARTESIAN_POINT('',(-1.089673570659,-1.15,0.25));
#2703 = DIRECTION('',(-1.144237745222E-17,-1.,0.));
#2704 = DIRECTION('',(0.984807753012,-1.126854202784E-17,-0.173648177667
    ));
#2705 = ADVANCED_FACE('',(#2706),#2717,.F.);
#2706 = FACE_BOUND('',#2707,.F.);
#2707 = EDGE_LOOP('',(#2708,#2714,#2715,#2716));
#2708 = ORIENTED_EDGE('',*,*,#2709,.T.);
#2709 = EDGE_CURVE('',#2164,#2256,#2710,.T.);
#2710 = LINE('',#2711,#2712);
#2711 = CARTESIAN_POINT('',(-0.991192795358,0.75,0.232635182233));
#2712 = VECTOR('',#2713,1.);
#2713 = DIRECTION('',(1.144237745222E-17,1.,0.));
#2714 = ORIENTED_EDGE('',*,*,#2264,.T.);
#2715 = ORIENTED_EDGE('',*,*,#2457,.F.);
#2716 = ORIENTED_EDGE('',*,*,#2172,.F.);
#2717 = PLANE('',#2718);
#2718 = AXIS2_PLACEMENT_3D('',#2719,#2720,#2721);
#2719 = CARTESIAN_POINT('',(-0.991192795358,0.75,0.232635182233));
#2720 = DIRECTION('',(0.987833053268,-1.130315865527E-17,-0.155518033909
    ));
#2721 = DIRECTION('',(0.155518033909,-1.779496044609E-18,0.987833053268)
  );
#2722 = ADVANCED_FACE('',(#2723),#2734,.F.);
#2723 = FACE_BOUND('',#2724,.F.);
#2724 = EDGE_LOOP('',(#2725,#2731,#2732,#2733));
#2725 = ORIENTED_EDGE('',*,*,#2726,.T.);
#2726 = EDGE_CURVE('',#2156,#2248,#2727,.T.);
#2727 = LINE('',#2728,#2729);
#2728 = CARTESIAN_POINT('',(-1.089673570659,0.75,0.15));
#2729 = VECTOR('',#2730,1.);
#2730 = DIRECTION('',(1.144237745222E-17,1.,0.));
#2731 = ORIENTED_EDGE('',*,*,#2255,.T.);
#2732 = ORIENTED_EDGE('',*,*,#2709,.F.);
#2733 = ORIENTED_EDGE('',*,*,#2163,.F.);
#2734 = CYLINDRICAL_SURFACE('',#2735,0.1);
#2735 = AXIS2_PLACEMENT_3D('',#2736,#2737,#2738);
#2736 = CARTESIAN_POINT('',(-1.089673570659,0.75,0.25));
#2737 = DIRECTION('',(-1.144237745222E-17,-1.,0.));
#2738 = DIRECTION('',(-2.22044604925E-15,2.540718180781E-32,-1.));
#2739 = ADVANCED_FACE('',(#2740),#2751,.F.);
#2740 = FACE_BOUND('',#2741,.F.);
#2741 = EDGE_LOOP('',(#2742,#2748,#2749,#2750));
#2742 = ORIENTED_EDGE('',*,*,#2743,.T.);
#2743 = EDGE_CURVE('',#2148,#2240,#2744,.T.);
#2744 = LINE('',#2745,#2746);
#2745 = CARTESIAN_POINT('',(-1.25,0.75,0.15));
#2746 = VECTOR('',#2747,1.);
#2747 = DIRECTION('',(1.144237745222E-17,1.,0.));
#2748 = ORIENTED_EDGE('',*,*,#2247,.T.);
#2749 = ORIENTED_EDGE('',*,*,#2726,.F.);
#2750 = ORIENTED_EDGE('',*,*,#2155,.F.);
#2751 = PLANE('',#2752);
#2752 = AXIS2_PLACEMENT_3D('',#2753,#2754,#2755);
#2753 = CARTESIAN_POINT('',(-1.25,0.75,0.15));
#2754 = DIRECTION('',(0.,0.,-1.));
#2755 = DIRECTION('',(1.,-1.144237745222E-17,0.));
#2756 = ADVANCED_FACE('',(#2757),#2768,.F.);
#2757 = FACE_BOUND('',#2758,.F.);
#2758 = EDGE_LOOP('',(#2759,#2765,#2766,#2767));
#2759 = ORIENTED_EDGE('',*,*,#2760,.T.);
#2760 = EDGE_CURVE('',#2140,#2232,#2761,.T.);
#2761 = LINE('',#2762,#2763);
#2762 = CARTESIAN_POINT('',(-1.25,0.75,5.551115123126E-17));
#2763 = VECTOR('',#2764,1.);
#2764 = DIRECTION('',(1.144237745222E-17,1.,0.));
#2765 = ORIENTED_EDGE('',*,*,#2239,.T.);
#2766 = ORIENTED_EDGE('',*,*,#2743,.F.);
#2767 = ORIENTED_EDGE('',*,*,#2147,.F.);
#2768 = PLANE('',#2769);
#2769 = AXIS2_PLACEMENT_3D('',#2770,#2771,#2772);
#2770 = CARTESIAN_POINT('',(-1.25,0.75,5.551115123126E-17));
#2771 = DIRECTION('',(1.,-1.144237745222E-17,0.));
#2772 = DIRECTION('',(0.,0.,1.));
#2773 = ADVANCED_FACE('',(#2774),#2785,.F.);
#2774 = FACE_BOUND('',#2775,.F.);
#2775 = EDGE_LOOP('',(#2776,#2782,#2783,#2784));
#2776 = ORIENTED_EDGE('',*,*,#2777,.T.);
#2777 = EDGE_CURVE('',#2131,#2223,#2778,.T.);
#2778 = LINE('',#2779,#2780);
#2779 = CARTESIAN_POINT('',(-1.089673570659,0.75,5.551115123126E-17));
#2780 = VECTOR('',#2781,1.);
#2781 = DIRECTION('',(1.144237745222E-17,1.,0.));
#2782 = ORIENTED_EDGE('',*,*,#2231,.T.);
#2783 = ORIENTED_EDGE('',*,*,#2760,.F.);
#2784 = ORIENTED_EDGE('',*,*,#2139,.F.);
#2785 = PLANE('',#2786);
#2786 = AXIS2_PLACEMENT_3D('',#2787,#2788,#2789);
#2787 = CARTESIAN_POINT('',(-1.089673570659,0.75,5.551115123126E-17));
#2788 = DIRECTION('',(0.,0.,1.));
#2789 = DIRECTION('',(-1.,1.144237745222E-17,0.));
#2790 = ADVANCED_FACE('',(#2791),#2797,.T.);
#2791 = FACE_BOUND('',#2792,.T.);
#2792 = EDGE_LOOP('',(#2793,#2794,#2795,#2796));
#2793 = ORIENTED_EDGE('',*,*,#2130,.T.);
#2794 = ORIENTED_EDGE('',*,*,#2777,.T.);
#2795 = ORIENTED_EDGE('',*,*,#2222,.F.);
#2796 = ORIENTED_EDGE('',*,*,#2204,.F.);
#2797 = CYLINDRICAL_SURFACE('',#2798,0.25);
#2798 = AXIS2_PLACEMENT_3D('',#2799,#2800,#2801);
#2799 = CARTESIAN_POINT('',(-1.089673570659,0.75,0.25));
#2800 = DIRECTION('',(-1.144237745222E-17,-1.,0.));
#2801 = DIRECTION('',(0.984807753012,-1.126854202784E-17,-0.173648177667
    ));
#2802 = ADVANCED_FACE('',(#2803),#2814,.F.);
#2803 = FACE_BOUND('',#2804,.F.);
#2804 = EDGE_LOOP('',(#2805,#2811,#2812,#2813));
#2805 = ORIENTED_EDGE('',*,*,#2806,.T.);
#2806 = EDGE_CURVE('',#2331,#2423,#2807,.T.);
#2807 = LINE('',#2808,#2809);
#2808 = CARTESIAN_POINT('',(0.991192795358,0.2,0.232635182233));
#2809 = VECTOR('',#2810,1.);
#2810 = DIRECTION('',(1.110223024625E-16,-1.,0.));
#2811 = ORIENTED_EDGE('',*,*,#2431,.T.);
#2812 = ORIENTED_EDGE('',*,*,#2569,.F.);
#2813 = ORIENTED_EDGE('',*,*,#2339,.F.);
#2814 = PLANE('',#2815);
#2815 = AXIS2_PLACEMENT_3D('',#2816,#2817,#2818);
#2816 = CARTESIAN_POINT('',(0.991192795358,0.2,0.232635182233));
#2817 = DIRECTION('',(-0.987833053268,-1.096715000224E-16,
    -0.155518033909));
#2818 = DIRECTION('',(-0.155518033909,-1.726597019897E-17,0.987833053268
    ));
#2819 = ADVANCED_FACE('',(#2820),#2831,.F.);
#2820 = FACE_BOUND('',#2821,.F.);
#2821 = EDGE_LOOP('',(#2822,#2828,#2829,#2830));
#2822 = ORIENTED_EDGE('',*,*,#2823,.T.);
#2823 = EDGE_CURVE('',#2323,#2415,#2824,.T.);
#2824 = LINE('',#2825,#2826);
#2825 = CARTESIAN_POINT('',(1.089673570659,0.2,0.15));
#2826 = VECTOR('',#2827,1.);
#2827 = DIRECTION('',(1.110223024625E-16,-1.,0.));
#2828 = ORIENTED_EDGE('',*,*,#2422,.T.);
#2829 = ORIENTED_EDGE('',*,*,#2806,.F.);
#2830 = ORIENTED_EDGE('',*,*,#2330,.F.);
#2831 = CYLINDRICAL_SURFACE('',#2832,0.1);
#2832 = AXIS2_PLACEMENT_3D('',#2833,#2834,#2835);
#2833 = CARTESIAN_POINT('',(1.089673570659,0.2,0.25));
#2834 = DIRECTION('',(-1.110223024625E-16,1.,0.));
#2835 = DIRECTION('',(2.22044604925E-15,2.465190328815E-31,-1.));
#2836 = ADVANCED_FACE('',(#2837),#2848,.F.);
#2837 = FACE_BOUND('',#2838,.F.);
#2838 = EDGE_LOOP('',(#2839,#2845,#2846,#2847));
#2839 = ORIENTED_EDGE('',*,*,#2840,.T.);
#2840 = EDGE_CURVE('',#2315,#2407,#2841,.T.);
#2841 = LINE('',#2842,#2843);
#2842 = CARTESIAN_POINT('',(1.25,0.2,0.15));
#2843 = VECTOR('',#2844,1.);
#2844 = DIRECTION('',(1.110223024625E-16,-1.,0.));
#2845 = ORIENTED_EDGE('',*,*,#2414,.T.);
#2846 = ORIENTED_EDGE('',*,*,#2823,.F.);
#2847 = ORIENTED_EDGE('',*,*,#2322,.F.);
#2848 = PLANE('',#2849);
#2849 = AXIS2_PLACEMENT_3D('',#2850,#2851,#2852);
#2850 = CARTESIAN_POINT('',(1.25,0.2,0.15));
#2851 = DIRECTION('',(0.,0.,-1.));
#2852 = DIRECTION('',(-1.,-1.110223024625E-16,-0.));
#2853 = ADVANCED_FACE('',(#2854),#2865,.F.);
#2854 = FACE_BOUND('',#2855,.F.);
#2855 = EDGE_LOOP('',(#2856,#2862,#2863,#2864));
#2856 = ORIENTED_EDGE('',*,*,#2857,.T.);
#2857 = EDGE_CURVE('',#2307,#2399,#2858,.T.);
#2858 = LINE('',#2859,#2860);
#2859 = CARTESIAN_POINT('',(1.25,0.2,5.551115123126E-17));
#2860 = VECTOR('',#2861,1.);
#2861 = DIRECTION('',(1.110223024625E-16,-1.,0.));
#2862 = ORIENTED_EDGE('',*,*,#2406,.T.);
#2863 = ORIENTED_EDGE('',*,*,#2840,.F.);
#2864 = ORIENTED_EDGE('',*,*,#2314,.F.);
#2865 = PLANE('',#2866);
#2866 = AXIS2_PLACEMENT_3D('',#2867,#2868,#2869);
#2867 = CARTESIAN_POINT('',(1.25,0.2,5.551115123126E-17));
#2868 = DIRECTION('',(-1.,-1.110223024625E-16,0.));
#2869 = DIRECTION('',(0.,0.,1.));
#2870 = ADVANCED_FACE('',(#2871),#2882,.F.);
#2871 = FACE_BOUND('',#2872,.F.);
#2872 = EDGE_LOOP('',(#2873,#2879,#2880,#2881));
#2873 = ORIENTED_EDGE('',*,*,#2874,.T.);
#2874 = EDGE_CURVE('',#2298,#2390,#2875,.T.);
#2875 = LINE('',#2876,#2877);
#2876 = CARTESIAN_POINT('',(1.089673570659,0.2,5.551115123126E-17));
#2877 = VECTOR('',#2878,1.);
#2878 = DIRECTION('',(1.110223024625E-16,-1.,0.));
#2879 = ORIENTED_EDGE('',*,*,#2398,.T.);
#2880 = ORIENTED_EDGE('',*,*,#2857,.F.);
#2881 = ORIENTED_EDGE('',*,*,#2306,.F.);
#2882 = PLANE('',#2883);
#2883 = AXIS2_PLACEMENT_3D('',#2884,#2885,#2886);
#2884 = CARTESIAN_POINT('',(1.089673570659,0.2,5.551115123126E-17));
#2885 = DIRECTION('',(0.,0.,1.));
#2886 = DIRECTION('',(1.,1.110223024625E-16,-0.));
#2887 = ADVANCED_FACE('',(#2888),#2894,.T.);
#2888 = FACE_BOUND('',#2889,.T.);
#2889 = EDGE_LOOP('',(#2890,#2891,#2892,#2893));
#2890 = ORIENTED_EDGE('',*,*,#2297,.T.);
#2891 = ORIENTED_EDGE('',*,*,#2874,.T.);
#2892 = ORIENTED_EDGE('',*,*,#2389,.F.);
#2893 = ORIENTED_EDGE('',*,*,#2371,.F.);
#2894 = CYLINDRICAL_SURFACE('',#2895,0.25);
#2895 = AXIS2_PLACEMENT_3D('',#2896,#2897,#2898);
#2896 = CARTESIAN_POINT('',(1.089673570659,0.2,0.25));
#2897 = DIRECTION('',(-1.110223024625E-16,1.,0.));
#2898 = DIRECTION('',(-0.984807753012,-1.093356242223E-16,
    -0.173648177667));
#2899 = ADVANCED_FACE('',(#2900),#2903,.F.);
#2900 = FACE_BOUND('',#2901,.T.);
#2901 = EDGE_LOOP('',(#2902));
#2902 = ORIENTED_EDGE('',*,*,#2517,.F.);
#2903 = PLANE('',#2904);
#2904 = AXIS2_PLACEMENT_3D('',#2905,#2906,#2907);
#2905 = CARTESIAN_POINT('',(-0.428243103516,1.228243103516,1.2));
#2906 = DIRECTION('',(0.,0.,-1.));
#2907 = DIRECTION('',(1.110223024625E-16,-1.,0.));
#2908 = ( GEOMETRIC_REPRESENTATION_CONTEXT(3) 
GLOBAL_UNCERTAINTY_ASSIGNED_CONTEXT((#2912)) 
GLOBAL_UNIT_ASSIGNED_CONTEXT((#2909,#2910,#2911)) REPRESENTATION_CONTEXT
('Context #1','3D Context with UNIT and UNCERTAINTY') );
#2909 = ( LENGTH_UNIT() NAMED_UNIT(*) SI_UNIT(.MILLI.,.METRE.) );
#2910 = ( NAMED_UNIT(*) PLANE_ANGLE_UNIT() SI_UNIT($,.RADIAN.) );
#2911 = ( NAMED_UNIT(*) SI_UNIT($,.STERADIAN.) SOLID_ANGLE_UNIT() );
#2912 = UNCERTAINTY_MEASURE_WITH_UNIT(LENGTH_MEASURE(1.E-07),#2909,
  'distance_accuracy_value','confusion accuracy');
#2913 = CONTEXT_DEPENDENT_SHAPE_REPRESENTATION(#2914,#2916);
#2914 = ( REPRESENTATION_RELATIONSHIP('','',#925,#10) 
REPRESENTATION_RELATIONSHIP_WITH_TRANSFORMATION(#2915) 
SHAPE_REPRESENTATION_RELATIONSHIP() );
#2915 = ITEM_DEFINED_TRANSFORMATION('','',#11,#19);
#2916 = PRODUCT_DEFINITION_SHAPE('Placement','Placement of an item',
  #2917);
#2917 = NEXT_ASSEMBLY_USAGE_OCCURRENCE('2','U1','',#5,#920,$);
#2918 = PRODUCT_RELATED_PRODUCT_CATEGORY('part',$,(#922));
#2919 = SHAPE_DEFINITION_REPRESENTATION(#2920,#2926);
#2920 = PRODUCT_DEFINITION_SHAPE('','',#2921);
#2921 = PRODUCT_DEFINITION('design','',#2922,#2925);
#2922 = PRODUCT_DEFINITION_FORMATION('','',#2923);
#2923 = PRODUCT('Hall_Sensor_V1_copper','Hall_Sensor_V1_copper','',(
    #2924));
#2924 = PRODUCT_CONTEXT('',#2,'mechanical');
#2925 = PRODUCT_DEFINITION_CONTEXT('part definition',#2,'design');
#2926 = SHAPE_REPRESENTATION('',(#11,#2927,#3743,#4130),#4649);
#2927 = MANIFOLD_SOLID_BREP('',#2928);
#2928 = CLOSED_SHELL('',(#2929,#2971,#3002,#3033,#3064,#3095,#3126,#3157
    ,#3188,#3219,#3250,#3281,#3312,#3343,#3376,#3407,#3438,#3469,#3500,
    #3531,#3564,#3595,#3626,#3657,#3679,#3711));
#2929 = ADVANCED_FACE('',(#2930),#2966,.T.);
#2930 = FACE_BOUND('',#2931,.T.);
#2931 = EDGE_LOOP('',(#2932,#2942,#2951,#2959));
#2932 = ORIENTED_EDGE('',*,*,#2933,.T.);
#2933 = EDGE_CURVE('',#2934,#2936,#2938,.T.);
#2934 = VERTEX_POINT('',#2935);
#2935 = CARTESIAN_POINT('',(125.194443,-61.916853,1.51));
#2936 = VERTEX_POINT('',#2937);
#2937 = CARTESIAN_POINT('',(125.194443,-61.916853,1.545));
#2938 = LINE('',#2939,#2940);
#2939 = CARTESIAN_POINT('',(125.194443,-61.916853,1.51));
#2940 = VECTOR('',#2941,1.);
#2941 = DIRECTION('',(0.,0.,1.));
#2942 = ORIENTED_EDGE('',*,*,#2943,.T.);
#2943 = EDGE_CURVE('',#2936,#2944,#2946,.T.);
#2944 = VERTEX_POINT('',#2945);
#2945 = CARTESIAN_POINT('',(125.348079,-61.980491,1.545));
#2946 = CIRCLE('',#2947,0.100000590676);
#2947 = AXIS2_PLACEMENT_3D('',#2948,#2949,#2950);
#2948 = CARTESIAN_POINT('',(125.25,-62.00000068719,1.545));
#2949 = DIRECTION('',(0.,0.,-1.));
#2950 = DIRECTION('',(-0.555566718399,0.831471960686,0.));
#2951 = ORIENTED_EDGE('',*,*,#2952,.F.);
#2952 = EDGE_CURVE('',#2953,#2944,#2955,.T.);
#2953 = VERTEX_POINT('',#2954);
#2954 = CARTESIAN_POINT('',(125.348079,-61.980491,1.51));
#2955 = LINE('',#2956,#2957);
#2956 = CARTESIAN_POINT('',(125.348079,-61.980491,1.51));
#2957 = VECTOR('',#2958,1.);
#2958 = DIRECTION('',(0.,0.,1.));
#2959 = ORIENTED_EDGE('',*,*,#2960,.F.);
#2960 = EDGE_CURVE('',#2934,#2953,#2961,.T.);
#2961 = CIRCLE('',#2962,0.100000590676);
#2962 = AXIS2_PLACEMENT_3D('',#2963,#2964,#2965);
#2963 = CARTESIAN_POINT('',(125.25,-62.00000068719,1.51));
#2964 = DIRECTION('',(0.,0.,-1.));
#2965 = DIRECTION('',(-0.555566718399,0.831471960686,0.));
#2966 = CYLINDRICAL_SURFACE('',#2967,0.100000590676);
#2967 = AXIS2_PLACEMENT_3D('',#2968,#2969,#2970);
#2968 = CARTESIAN_POINT('',(125.25,-62.00000068719,1.51));
#2969 = DIRECTION('',(0.,0.,-1.));
#2970 = DIRECTION('',(-0.555566718399,0.831471960686,0.));
#2971 = ADVANCED_FACE('',(#2972),#2997,.T.);
#2972 = FACE_BOUND('',#2973,.T.);
#2973 = EDGE_LOOP('',(#2974,#2975,#2983,#2991));
#2974 = ORIENTED_EDGE('',*,*,#2952,.T.);
#2975 = ORIENTED_EDGE('',*,*,#2976,.T.);
#2976 = EDGE_CURVE('',#2944,#2977,#2979,.T.);
#2977 = VERTEX_POINT('',#2978);
#2978 = CARTESIAN_POINT('',(125.348079,-64.769509,1.545));
#2979 = LINE('',#2980,#2981);
#2980 = CARTESIAN_POINT('',(125.348079,-61.980491,1.545));
#2981 = VECTOR('',#2982,1.);
#2982 = DIRECTION('',(0.,-1.,0.));
#2983 = ORIENTED_EDGE('',*,*,#2984,.F.);
#2984 = EDGE_CURVE('',#2985,#2977,#2987,.T.);
#2985 = VERTEX_POINT('',#2986);
#2986 = CARTESIAN_POINT('',(125.348079,-64.769509,1.51));
#2987 = LINE('',#2988,#2989);
#2988 = CARTESIAN_POINT('',(125.348079,-64.769509,1.51));
#2989 = VECTOR('',#2990,1.);
#2990 = DIRECTION('',(0.,0.,1.));
#2991 = ORIENTED_EDGE('',*,*,#2992,.F.);
#2992 = EDGE_CURVE('',#2953,#2985,#2993,.T.);
#2993 = LINE('',#2994,#2995);
#2994 = CARTESIAN_POINT('',(125.348079,-61.980491,1.51));
#2995 = VECTOR('',#2996,1.);
#2996 = DIRECTION('',(0.,-1.,0.));
#2997 = PLANE('',#2998);
#2998 = AXIS2_PLACEMENT_3D('',#2999,#3000,#3001);
#2999 = CARTESIAN_POINT('',(125.348079,-61.980491,1.51));
#3000 = DIRECTION('',(1.,0.,-0.));
#3001 = DIRECTION('',(0.,-1.,0.));
#3002 = ADVANCED_FACE('',(#3003),#3028,.T.);
#3003 = FACE_BOUND('',#3004,.T.);
#3004 = EDGE_LOOP('',(#3005,#3006,#3014,#3022));
#3005 = ORIENTED_EDGE('',*,*,#2984,.T.);
#3006 = ORIENTED_EDGE('',*,*,#3007,.T.);
#3007 = EDGE_CURVE('',#2977,#3008,#3010,.T.);
#3008 = VERTEX_POINT('',#3009);
#3009 = CARTESIAN_POINT('',(125.333147,-64.805558,1.545));
#3010 = LINE('',#3011,#3012);
#3011 = CARTESIAN_POINT('',(125.348079,-64.769509,1.545));
#3012 = VECTOR('',#3013,1.);
#3013 = DIRECTION('',(-0.382683766838,-0.923879393968,0.));
#3014 = ORIENTED_EDGE('',*,*,#3015,.F.);
#3015 = EDGE_CURVE('',#3016,#3008,#3018,.T.);
#3016 = VERTEX_POINT('',#3017);
#3017 = CARTESIAN_POINT('',(125.333147,-64.805558,1.51));
#3018 = LINE('',#3019,#3020);
#3019 = CARTESIAN_POINT('',(125.333147,-64.805558,1.51));
#3020 = VECTOR('',#3021,1.);
#3021 = DIRECTION('',(0.,0.,1.));
#3022 = ORIENTED_EDGE('',*,*,#3023,.F.);
#3023 = EDGE_CURVE('',#2985,#3016,#3024,.T.);
#3024 = LINE('',#3025,#3026);
#3025 = CARTESIAN_POINT('',(125.348079,-64.769509,1.51));
#3026 = VECTOR('',#3027,1.);
#3027 = DIRECTION('',(-0.382683766838,-0.923879393968,0.));
#3028 = PLANE('',#3029);
#3029 = AXIS2_PLACEMENT_3D('',#3030,#3031,#3032);
#3030 = CARTESIAN_POINT('',(125.348079,-64.769509,1.51));
#3031 = DIRECTION('',(0.923879393968,-0.382683766838,0.));
#3032 = DIRECTION('',(-0.382683766838,-0.923879393968,0.));
#3033 = ADVANCED_FACE('',(#3034),#3059,.T.);
#3034 = FACE_BOUND('',#3035,.T.);
#3035 = EDGE_LOOP('',(#3036,#3037,#3045,#3053));
#3036 = ORIENTED_EDGE('',*,*,#3015,.T.);
#3037 = ORIENTED_EDGE('',*,*,#3038,.T.);
#3038 = EDGE_CURVE('',#3008,#3039,#3041,.T.);
#3039 = VERTEX_POINT('',#3040);
#3040 = CARTESIAN_POINT('',(125.141421,-64.999999,1.545));
#3041 = LINE('',#3042,#3043);
#3042 = CARTESIAN_POINT('',(125.333147,-64.805558,1.545));
#3043 = VECTOR('',#3044,1.);
#3044 = DIRECTION('',(-0.702118017503,-0.712060593979,0.));
#3045 = ORIENTED_EDGE('',*,*,#3046,.F.);
#3046 = EDGE_CURVE('',#3047,#3039,#3049,.T.);
#3047 = VERTEX_POINT('',#3048);
#3048 = CARTESIAN_POINT('',(125.141421,-64.999999,1.51));
#3049 = LINE('',#3050,#3051);
#3050 = CARTESIAN_POINT('',(125.141421,-64.999999,1.51));
#3051 = VECTOR('',#3052,1.);
#3052 = DIRECTION('',(0.,0.,1.));
#3053 = ORIENTED_EDGE('',*,*,#3054,.F.);
#3054 = EDGE_CURVE('',#3016,#3047,#3055,.T.);
#3055 = LINE('',#3056,#3057);
#3056 = CARTESIAN_POINT('',(125.333147,-64.805558,1.51));
#3057 = VECTOR('',#3058,1.);
#3058 = DIRECTION('',(-0.702118017503,-0.712060593979,0.));
#3059 = PLANE('',#3060);
#3060 = AXIS2_PLACEMENT_3D('',#3061,#3062,#3063);
#3061 = CARTESIAN_POINT('',(125.333147,-64.805558,1.51));
#3062 = DIRECTION('',(0.712060593979,-0.702118017503,0.));
#3063 = DIRECTION('',(-0.702118017503,-0.712060593979,0.));
#3064 = ADVANCED_FACE('',(#3065),#3090,.T.);
#3065 = FACE_BOUND('',#3066,.T.);
#3066 = EDGE_LOOP('',(#3067,#3068,#3076,#3084));
#3067 = ORIENTED_EDGE('',*,*,#3046,.T.);
#3068 = ORIENTED_EDGE('',*,*,#3069,.T.);
#3069 = EDGE_CURVE('',#3039,#3070,#3072,.T.);
#3070 = VERTEX_POINT('',#3071);
#3071 = CARTESIAN_POINT('',(126.058577,-65.919873,1.545));
#3072 = LINE('',#3073,#3074);
#3073 = CARTESIAN_POINT('',(125.141421,-64.999999,1.545));
#3074 = VECTOR('',#3075,1.);
#3075 = DIRECTION('',(0.70605979996,-0.708152214485,0.));
#3076 = ORIENTED_EDGE('',*,*,#3077,.F.);
#3077 = EDGE_CURVE('',#3078,#3070,#3080,.T.);
#3078 = VERTEX_POINT('',#3079);
#3079 = CARTESIAN_POINT('',(126.058577,-65.919873,1.51));
#3080 = LINE('',#3081,#3082);
#3081 = CARTESIAN_POINT('',(126.058577,-65.919873,1.51));
#3082 = VECTOR('',#3083,1.);
#3083 = DIRECTION('',(0.,0.,1.));
#3084 = ORIENTED_EDGE('',*,*,#3085,.F.);
#3085 = EDGE_CURVE('',#3047,#3078,#3086,.T.);
#3086 = LINE('',#3087,#3088);
#3087 = CARTESIAN_POINT('',(125.141421,-64.999999,1.51));
#3088 = VECTOR('',#3089,1.);
#3089 = DIRECTION('',(0.70605979996,-0.708152214485,0.));
#3090 = PLANE('',#3091);
#3091 = AXIS2_PLACEMENT_3D('',#3092,#3093,#3094);
#3092 = CARTESIAN_POINT('',(125.141421,-64.999999,1.51));
#3093 = DIRECTION('',(0.708152214485,0.70605979996,-0.));
#3094 = DIRECTION('',(0.70605979996,-0.708152214485,0.));
#3095 = ADVANCED_FACE('',(#3096),#3121,.T.);
#3096 = FACE_BOUND('',#3097,.T.);
#3097 = EDGE_LOOP('',(#3098,#3099,#3107,#3115));
#3098 = ORIENTED_EDGE('',*,*,#3077,.T.);
#3099 = ORIENTED_EDGE('',*,*,#3100,.T.);
#3100 = EDGE_CURVE('',#3070,#3101,#3103,.T.);
#3101 = VERTEX_POINT('',#3102);
#3102 = CARTESIAN_POINT('',(126.073509,-65.955921,1.545));
#3103 = LINE('',#3104,#3105);
#3104 = CARTESIAN_POINT('',(126.058577,-65.919873,1.545));
#3105 = VECTOR('',#3106,1.);
#3106 = DIRECTION('',(0.38269282806,-0.923875640631,0.));
#3107 = ORIENTED_EDGE('',*,*,#3108,.F.);
#3108 = EDGE_CURVE('',#3109,#3101,#3111,.T.);
#3109 = VERTEX_POINT('',#3110);
#3110 = CARTESIAN_POINT('',(126.073509,-65.955921,1.51));
#3111 = LINE('',#3112,#3113);
#3112 = CARTESIAN_POINT('',(126.073509,-65.955921,1.51));
#3113 = VECTOR('',#3114,1.);
#3114 = DIRECTION('',(0.,0.,1.));
#3115 = ORIENTED_EDGE('',*,*,#3116,.F.);
#3116 = EDGE_CURVE('',#3078,#3109,#3117,.T.);
#3117 = LINE('',#3118,#3119);
#3118 = CARTESIAN_POINT('',(126.058577,-65.919873,1.51));
#3119 = VECTOR('',#3120,1.);
#3120 = DIRECTION('',(0.38269282806,-0.923875640631,0.));
#3121 = PLANE('',#3122);
#3122 = AXIS2_PLACEMENT_3D('',#3123,#3124,#3125);
#3123 = CARTESIAN_POINT('',(126.058577,-65.919873,1.51));
#3124 = DIRECTION('',(0.923875640631,0.38269282806,-0.));
#3125 = DIRECTION('',(0.38269282806,-0.923875640631,0.));
#3126 = ADVANCED_FACE('',(#3127),#3152,.T.);
#3127 = FACE_BOUND('',#3128,.T.);
#3128 = EDGE_LOOP('',(#3129,#3130,#3138,#3146));
#3129 = ORIENTED_EDGE('',*,*,#3108,.T.);
#3130 = ORIENTED_EDGE('',*,*,#3131,.T.);
#3131 = EDGE_CURVE('',#3101,#3132,#3134,.T.);
#3132 = VERTEX_POINT('',#3133);
#3133 = CARTESIAN_POINT('',(126.073509,-69.46905,1.545));
#3134 = LINE('',#3135,#3136);
#3135 = CARTESIAN_POINT('',(126.073509,-65.955921,1.545));
#3136 = VECTOR('',#3137,1.);
#3137 = DIRECTION('',(0.,-1.,0.));
#3138 = ORIENTED_EDGE('',*,*,#3139,.F.);
#3139 = EDGE_CURVE('',#3140,#3132,#3142,.T.);
#3140 = VERTEX_POINT('',#3141);
#3141 = CARTESIAN_POINT('',(126.073509,-69.46905,1.51));
#3142 = LINE('',#3143,#3144);
#3143 = CARTESIAN_POINT('',(126.073509,-69.46905,1.51));
#3144 = VECTOR('',#3145,1.);
#3145 = DIRECTION('',(0.,0.,1.));
#3146 = ORIENTED_EDGE('',*,*,#3147,.F.);
#3147 = EDGE_CURVE('',#3109,#3140,#3148,.T.);
#3148 = LINE('',#3149,#3150);
#3149 = CARTESIAN_POINT('',(126.073509,-65.955921,1.51));
#3150 = VECTOR('',#3151,1.);
#3151 = DIRECTION('',(0.,-1.,0.));
#3152 = PLANE('',#3153);
#3153 = AXIS2_PLACEMENT_3D('',#3154,#3155,#3156);
#3154 = CARTESIAN_POINT('',(126.073509,-65.955921,1.51));
#3155 = DIRECTION('',(1.,0.,-0.));
#3156 = DIRECTION('',(0.,-1.,0.));
#3157 = ADVANCED_FACE('',(#3158),#3183,.T.);
#3158 = FACE_BOUND('',#3159,.T.);
#3159 = EDGE_LOOP('',(#3160,#3161,#3169,#3177));
#3160 = ORIENTED_EDGE('',*,*,#3139,.T.);
#3161 = ORIENTED_EDGE('',*,*,#3162,.T.);
#3162 = EDGE_CURVE('',#3132,#3163,#3165,.T.);
#3163 = VERTEX_POINT('',#3164);
#3164 = CARTESIAN_POINT('',(126.058577,-69.505098,1.545));
#3165 = LINE('',#3166,#3167);
#3166 = CARTESIAN_POINT('',(126.073509,-69.46905,1.545));
#3167 = VECTOR('',#3168,1.);
#3168 = DIRECTION('',(-0.38269282806,-0.923875640631,0.));
#3169 = ORIENTED_EDGE('',*,*,#3170,.F.);
#3170 = EDGE_CURVE('',#3171,#3163,#3173,.T.);
#3171 = VERTEX_POINT('',#3172);
#3172 = CARTESIAN_POINT('',(126.058577,-69.505098,1.51));
#3173 = LINE('',#3174,#3175);
#3174 = CARTESIAN_POINT('',(126.058577,-69.505098,1.51));
#3175 = VECTOR('',#3176,1.);
#3176 = DIRECTION('',(0.,0.,1.));
#3177 = ORIENTED_EDGE('',*,*,#3178,.F.);
#3178 = EDGE_CURVE('',#3140,#3171,#3179,.T.);
#3179 = LINE('',#3180,#3181);
#3180 = CARTESIAN_POINT('',(126.073509,-69.46905,1.51));
#3181 = VECTOR('',#3182,1.);
#3182 = DIRECTION('',(-0.38269282806,-0.923875640631,0.));
#3183 = PLANE('',#3184);
#3184 = AXIS2_PLACEMENT_3D('',#3185,#3186,#3187);
#3185 = CARTESIAN_POINT('',(126.073509,-69.46905,1.51));
#3186 = DIRECTION('',(0.923875640631,-0.38269282806,0.));
#3187 = DIRECTION('',(-0.38269282806,-0.923875640631,0.));
#3188 = ADVANCED_FACE('',(#3189),#3214,.T.);
#3189 = FACE_BOUND('',#3190,.T.);
#3190 = EDGE_LOOP('',(#3191,#3192,#3200,#3208));
#3191 = ORIENTED_EDGE('',*,*,#3170,.T.);
#3192 = ORIENTED_EDGE('',*,*,#3193,.T.);
#3193 = EDGE_CURVE('',#3163,#3194,#3196,.T.);
#3194 = VERTEX_POINT('',#3195);
#3195 = CARTESIAN_POINT('',(125.005098,-70.558577,1.545));
#3196 = LINE('',#3197,#3198);
#3197 = CARTESIAN_POINT('',(126.058577,-69.505098,1.545));
#3198 = VECTOR('',#3199,1.);
#3199 = DIRECTION('',(-0.707106781187,-0.707106781187,0.));
#3200 = ORIENTED_EDGE('',*,*,#3201,.F.);
#3201 = EDGE_CURVE('',#3202,#3194,#3204,.T.);
#3202 = VERTEX_POINT('',#3203);
#3203 = CARTESIAN_POINT('',(125.005098,-70.558577,1.51));
#3204 = LINE('',#3205,#3206);
#3205 = CARTESIAN_POINT('',(125.005098,-70.558577,1.51));
#3206 = VECTOR('',#3207,1.);
#3207 = DIRECTION('',(0.,0.,1.));
#3208 = ORIENTED_EDGE('',*,*,#3209,.F.);
#3209 = EDGE_CURVE('',#3171,#3202,#3210,.T.);
#3210 = LINE('',#3211,#3212);
#3211 = CARTESIAN_POINT('',(126.058577,-69.505098,1.51));
#3212 = VECTOR('',#3213,1.);
#3213 = DIRECTION('',(-0.707106781187,-0.707106781187,0.));
#3214 = PLANE('',#3215);
#3215 = AXIS2_PLACEMENT_3D('',#3216,#3217,#3218);
#3216 = CARTESIAN_POINT('',(126.058577,-69.505098,1.51));
#3217 = DIRECTION('',(0.707106781187,-0.707106781187,0.));
#3218 = DIRECTION('',(-0.707106781187,-0.707106781187,0.));
#3219 = ADVANCED_FACE('',(#3220),#3245,.T.);
#3220 = FACE_BOUND('',#3221,.T.);
#3221 = EDGE_LOOP('',(#3222,#3223,#3231,#3239));
#3222 = ORIENTED_EDGE('',*,*,#3201,.T.);
#3223 = ORIENTED_EDGE('',*,*,#3224,.T.);
#3224 = EDGE_CURVE('',#3194,#3225,#3227,.T.);
#3225 = VERTEX_POINT('',#3226);
#3226 = CARTESIAN_POINT('',(124.96905,-70.573509,1.545));
#3227 = LINE('',#3228,#3229);
#3228 = CARTESIAN_POINT('',(125.005098,-70.558577,1.545));
#3229 = VECTOR('',#3230,1.);
#3230 = DIRECTION('',(-0.923875640631,-0.38269282806,0.));
#3231 = ORIENTED_EDGE('',*,*,#3232,.F.);
#3232 = EDGE_CURVE('',#3233,#3225,#3235,.T.);
#3233 = VERTEX_POINT('',#3234);
#3234 = CARTESIAN_POINT('',(124.96905,-70.573509,1.51));
#3235 = LINE('',#3236,#3237);
#3236 = CARTESIAN_POINT('',(124.96905,-70.573509,1.51));
#3237 = VECTOR('',#3238,1.);
#3238 = DIRECTION('',(0.,0.,1.));
#3239 = ORIENTED_EDGE('',*,*,#3240,.F.);
#3240 = EDGE_CURVE('',#3202,#3233,#3241,.T.);
#3241 = LINE('',#3242,#3243);
#3242 = CARTESIAN_POINT('',(125.005098,-70.558577,1.51));
#3243 = VECTOR('',#3244,1.);
#3244 = DIRECTION('',(-0.923875640631,-0.38269282806,0.));
#3245 = PLANE('',#3246);
#3246 = AXIS2_PLACEMENT_3D('',#3247,#3248,#3249);
#3247 = CARTESIAN_POINT('',(125.005098,-70.558577,1.51));
#3248 = DIRECTION('',(0.38269282806,-0.923875640631,0.));
#3249 = DIRECTION('',(-0.923875640631,-0.38269282806,0.));
#3250 = ADVANCED_FACE('',(#3251),#3276,.T.);
#3251 = FACE_BOUND('',#3252,.T.);
#3252 = EDGE_LOOP('',(#3253,#3254,#3262,#3270));
#3253 = ORIENTED_EDGE('',*,*,#3232,.T.);
#3254 = ORIENTED_EDGE('',*,*,#3255,.T.);
#3255 = EDGE_CURVE('',#3225,#3256,#3258,.T.);
#3256 = VERTEX_POINT('',#3257);
#3257 = CARTESIAN_POINT('',(123.30427,-70.573509,1.545));
#3258 = LINE('',#3259,#3260);
#3259 = CARTESIAN_POINT('',(124.96905,-70.573509,1.545));
#3260 = VECTOR('',#3261,1.);
#3261 = DIRECTION('',(-1.,0.,0.));
#3262 = ORIENTED_EDGE('',*,*,#3263,.F.);
#3263 = EDGE_CURVE('',#3264,#3256,#3266,.T.);
#3264 = VERTEX_POINT('',#3265);
#3265 = CARTESIAN_POINT('',(123.30427,-70.573509,1.51));
#3266 = LINE('',#3267,#3268);
#3267 = CARTESIAN_POINT('',(123.30427,-70.573509,1.51));
#3268 = VECTOR('',#3269,1.);
#3269 = DIRECTION('',(0.,0.,1.));
#3270 = ORIENTED_EDGE('',*,*,#3271,.F.);
#3271 = EDGE_CURVE('',#3233,#3264,#3272,.T.);
#3272 = LINE('',#3273,#3274);
#3273 = CARTESIAN_POINT('',(124.96905,-70.573509,1.51));
#3274 = VECTOR('',#3275,1.);
#3275 = DIRECTION('',(-1.,0.,0.));
#3276 = PLANE('',#3277);
#3277 = AXIS2_PLACEMENT_3D('',#3278,#3279,#3280);
#3278 = CARTESIAN_POINT('',(124.96905,-70.573509,1.51));
#3279 = DIRECTION('',(0.,-1.,0.));
#3280 = DIRECTION('',(-1.,0.,0.));
#3281 = ADVANCED_FACE('',(#3282),#3307,.T.);
#3282 = FACE_BOUND('',#3283,.T.);
#3283 = EDGE_LOOP('',(#3284,#3285,#3293,#3301));
#3284 = ORIENTED_EDGE('',*,*,#3263,.T.);
#3285 = ORIENTED_EDGE('',*,*,#3286,.T.);
#3286 = EDGE_CURVE('',#3256,#3287,#3289,.T.);
#3287 = VERTEX_POINT('',#3288);
#3288 = CARTESIAN_POINT('',(123.268222,-70.558577,1.545));
#3289 = LINE('',#3290,#3291);
#3290 = CARTESIAN_POINT('',(123.30427,-70.573509,1.545));
#3291 = VECTOR('',#3292,1.);
#3292 = DIRECTION('',(-0.923875640631,0.38269282806,0.));
#3293 = ORIENTED_EDGE('',*,*,#3294,.F.);
#3294 = EDGE_CURVE('',#3295,#3287,#3297,.T.);
#3295 = VERTEX_POINT('',#3296);
#3296 = CARTESIAN_POINT('',(123.268222,-70.558577,1.51));
#3297 = LINE('',#3298,#3299);
#3298 = CARTESIAN_POINT('',(123.268222,-70.558577,1.51));
#3299 = VECTOR('',#3300,1.);
#3300 = DIRECTION('',(0.,0.,1.));
#3301 = ORIENTED_EDGE('',*,*,#3302,.F.);
#3302 = EDGE_CURVE('',#3264,#3295,#3303,.T.);
#3303 = LINE('',#3304,#3305);
#3304 = CARTESIAN_POINT('',(123.30427,-70.573509,1.51));
#3305 = VECTOR('',#3306,1.);
#3306 = DIRECTION('',(-0.923875640631,0.38269282806,0.));
#3307 = PLANE('',#3308);
#3308 = AXIS2_PLACEMENT_3D('',#3309,#3310,#3311);
#3309 = CARTESIAN_POINT('',(123.30427,-70.573509,1.51));
#3310 = DIRECTION('',(-0.38269282806,-0.923875640631,0.));
#3311 = DIRECTION('',(-0.923875640631,0.38269282806,0.));
#3312 = ADVANCED_FACE('',(#3313),#3338,.T.);
#3313 = FACE_BOUND('',#3314,.T.);
#3314 = EDGE_LOOP('',(#3315,#3316,#3324,#3332));
#3315 = ORIENTED_EDGE('',*,*,#3294,.T.);
#3316 = ORIENTED_EDGE('',*,*,#3317,.T.);
#3317 = EDGE_CURVE('',#3287,#3318,#3320,.T.);
#3318 = VERTEX_POINT('',#3319);
#3319 = CARTESIAN_POINT('',(122.919276,-70.209631,1.545));
#3320 = LINE('',#3321,#3322);
#3321 = CARTESIAN_POINT('',(123.268222,-70.558577,1.545));
#3322 = VECTOR('',#3323,1.);
#3323 = DIRECTION('',(-0.707106781187,0.707106781187,0.));
#3324 = ORIENTED_EDGE('',*,*,#3325,.F.);
#3325 = EDGE_CURVE('',#3326,#3318,#3328,.T.);
#3326 = VERTEX_POINT('',#3327);
#3327 = CARTESIAN_POINT('',(122.919276,-70.209631,1.51));
#3328 = LINE('',#3329,#3330);
#3329 = CARTESIAN_POINT('',(122.919276,-70.209631,1.51));
#3330 = VECTOR('',#3331,1.);
#3331 = DIRECTION('',(0.,0.,1.));
#3332 = ORIENTED_EDGE('',*,*,#3333,.F.);
#3333 = EDGE_CURVE('',#3295,#3326,#3334,.T.);
#3334 = LINE('',#3335,#3336);
#3335 = CARTESIAN_POINT('',(123.268222,-70.558577,1.51));
#3336 = VECTOR('',#3337,1.);
#3337 = DIRECTION('',(-0.707106781187,0.707106781187,0.));
#3338 = PLANE('',#3339);
#3339 = AXIS2_PLACEMENT_3D('',#3340,#3341,#3342);
#3340 = CARTESIAN_POINT('',(123.268222,-70.558577,1.51));
#3341 = DIRECTION('',(-0.707106781187,-0.707106781187,0.));
#3342 = DIRECTION('',(-0.707106781187,0.707106781187,0.));
#3343 = ADVANCED_FACE('',(#3344),#3371,.T.);
#3344 = FACE_BOUND('',#3345,.T.);
#3345 = EDGE_LOOP('',(#3346,#3347,#3356,#3364));
#3346 = ORIENTED_EDGE('',*,*,#3325,.T.);
#3347 = ORIENTED_EDGE('',*,*,#3348,.T.);
#3348 = EDGE_CURVE('',#3318,#3349,#3351,.T.);
#3349 = VERTEX_POINT('',#3350);
#3350 = CARTESIAN_POINT('',(123.05798,-70.070927,1.545));
#3351 = CIRCLE('',#3352,0.10000001929);
#3352 = AXIS2_PLACEMENT_3D('',#3353,#3354,#3355);
#3353 = CARTESIAN_POINT('',(123.002423,-70.154074,1.545));
#3354 = DIRECTION('',(0.,0.,-1.));
#3355 = DIRECTION('',(-0.83146983961,-0.55556989283,-0.));
#3356 = ORIENTED_EDGE('',*,*,#3357,.F.);
#3357 = EDGE_CURVE('',#3358,#3349,#3360,.T.);
#3358 = VERTEX_POINT('',#3359);
#3359 = CARTESIAN_POINT('',(123.05798,-70.070927,1.51));
#3360 = LINE('',#3361,#3362);
#3361 = CARTESIAN_POINT('',(123.05798,-70.070927,1.51));
#3362 = VECTOR('',#3363,1.);
#3363 = DIRECTION('',(0.,0.,1.));
#3364 = ORIENTED_EDGE('',*,*,#3365,.F.);
#3365 = EDGE_CURVE('',#3326,#3358,#3366,.T.);
#3366 = CIRCLE('',#3367,0.10000001929);
#3367 = AXIS2_PLACEMENT_3D('',#3368,#3369,#3370);
#3368 = CARTESIAN_POINT('',(123.002423,-70.154074,1.51));
#3369 = DIRECTION('',(0.,0.,-1.));
#3370 = DIRECTION('',(-0.83146983961,-0.55556989283,-0.));
#3371 = CYLINDRICAL_SURFACE('',#3372,0.10000001929);
#3372 = AXIS2_PLACEMENT_3D('',#3373,#3374,#3375);
#3373 = CARTESIAN_POINT('',(123.002423,-70.154074,1.51));
#3374 = DIRECTION('',(0.,0.,-1.));
#3375 = DIRECTION('',(-0.83146983961,-0.55556989283,-0.));
#3376 = ADVANCED_FACE('',(#3377),#3402,.T.);
#3377 = FACE_BOUND('',#3378,.T.);
#3378 = EDGE_LOOP('',(#3379,#3380,#3388,#3396));
#3379 = ORIENTED_EDGE('',*,*,#3357,.T.);
#3380 = ORIENTED_EDGE('',*,*,#3381,.T.);
#3381 = EDGE_CURVE('',#3349,#3382,#3384,.T.);
#3382 = VERTEX_POINT('',#3383);
#3383 = CARTESIAN_POINT('',(123.365201,-70.37543,1.545));
#3384 = LINE('',#3385,#3386);
#3385 = CARTESIAN_POINT('',(123.05798,-70.070927,1.545));
#3386 = VECTOR('',#3387,1.);
#3387 = DIRECTION('',(0.71024157337,-0.703958029613,0.));
#3388 = ORIENTED_EDGE('',*,*,#3389,.F.);
#3389 = EDGE_CURVE('',#3390,#3382,#3392,.T.);
#3390 = VERTEX_POINT('',#3391);
#3391 = CARTESIAN_POINT('',(123.365201,-70.37543,1.51));
#3392 = LINE('',#3393,#3394);
#3393 = CARTESIAN_POINT('',(123.365201,-70.37543,1.51));
#3394 = VECTOR('',#3395,1.);
#3395 = DIRECTION('',(0.,0.,1.));
#3396 = ORIENTED_EDGE('',*,*,#3397,.F.);
#3397 = EDGE_CURVE('',#3358,#3390,#3398,.T.);
#3398 = LINE('',#3399,#3400);
#3399 = CARTESIAN_POINT('',(123.05798,-70.070927,1.51));
#3400 = VECTOR('',#3401,1.);
#3401 = DIRECTION('',(0.71024157337,-0.703958029613,0.));
#3402 = PLANE('',#3403);
#3403 = AXIS2_PLACEMENT_3D('',#3404,#3405,#3406);
#3404 = CARTESIAN_POINT('',(123.05798,-70.070927,1.51));
#3405 = DIRECTION('',(0.703958029613,0.71024157337,-0.));
#3406 = DIRECTION('',(0.71024157337,-0.703958029613,0.));
#3407 = ADVANCED_FACE('',(#3408),#3433,.T.);
#3408 = FACE_BOUND('',#3409,.T.);
#3409 = EDGE_LOOP('',(#3410,#3411,#3419,#3427));
#3410 = ORIENTED_EDGE('',*,*,#3389,.T.);
#3411 = ORIENTED_EDGE('',*,*,#3412,.T.);
#3412 = EDGE_CURVE('',#3382,#3413,#3415,.T.);
#3413 = VERTEX_POINT('',#3414);
#3414 = CARTESIAN_POINT('',(124.908119,-70.37543,1.545));
#3415 = LINE('',#3416,#3417);
#3416 = CARTESIAN_POINT('',(123.365201,-70.37543,1.545));
#3417 = VECTOR('',#3418,1.);
#3418 = DIRECTION('',(1.,0.,0.));
#3419 = ORIENTED_EDGE('',*,*,#3420,.F.);
#3420 = EDGE_CURVE('',#3421,#3413,#3423,.T.);
#3421 = VERTEX_POINT('',#3422);
#3422 = CARTESIAN_POINT('',(124.908119,-70.37543,1.51));
#3423 = LINE('',#3424,#3425);
#3424 = CARTESIAN_POINT('',(124.908119,-70.37543,1.51));
#3425 = VECTOR('',#3426,1.);
#3426 = DIRECTION('',(0.,0.,1.));
#3427 = ORIENTED_EDGE('',*,*,#3428,.F.);
#3428 = EDGE_CURVE('',#3390,#3421,#3429,.T.);
#3429 = LINE('',#3430,#3431);
#3430 = CARTESIAN_POINT('',(123.365201,-70.37543,1.51));
#3431 = VECTOR('',#3432,1.);
#3432 = DIRECTION('',(1.,0.,0.));
#3433 = PLANE('',#3434);
#3434 = AXIS2_PLACEMENT_3D('',#3435,#3436,#3437);
#3435 = CARTESIAN_POINT('',(123.365201,-70.37543,1.51));
#3436 = DIRECTION('',(0.,1.,0.));
#3437 = DIRECTION('',(1.,0.,0.));
#3438 = ADVANCED_FACE('',(#3439),#3464,.T.);
#3439 = FACE_BOUND('',#3440,.T.);
#3440 = EDGE_LOOP('',(#3441,#3442,#3450,#3458));
#3441 = ORIENTED_EDGE('',*,*,#3420,.T.);
#3442 = ORIENTED_EDGE('',*,*,#3443,.T.);
#3443 = EDGE_CURVE('',#3413,#3444,#3446,.T.);
#3444 = VERTEX_POINT('',#3445);
#3445 = CARTESIAN_POINT('',(125.87543,-69.408119,1.545));
#3446 = LINE('',#3447,#3448);
#3447 = CARTESIAN_POINT('',(124.908119,-70.37543,1.545));
#3448 = VECTOR('',#3449,1.);
#3449 = DIRECTION('',(0.707106781187,0.707106781187,0.));
#3450 = ORIENTED_EDGE('',*,*,#3451,.F.);
#3451 = EDGE_CURVE('',#3452,#3444,#3454,.T.);
#3452 = VERTEX_POINT('',#3453);
#3453 = CARTESIAN_POINT('',(125.87543,-69.408119,1.51));
#3454 = LINE('',#3455,#3456);
#3455 = CARTESIAN_POINT('',(125.87543,-69.408119,1.51));
#3456 = VECTOR('',#3457,1.);
#3457 = DIRECTION('',(0.,0.,1.));
#3458 = ORIENTED_EDGE('',*,*,#3459,.F.);
#3459 = EDGE_CURVE('',#3421,#3452,#3460,.T.);
#3460 = LINE('',#3461,#3462);
#3461 = CARTESIAN_POINT('',(124.908119,-70.37543,1.51));
#3462 = VECTOR('',#3463,1.);
#3463 = DIRECTION('',(0.707106781187,0.707106781187,0.));
#3464 = PLANE('',#3465);
#3465 = AXIS2_PLACEMENT_3D('',#3466,#3467,#3468);
#3466 = CARTESIAN_POINT('',(124.908119,-70.37543,1.51));
#3467 = DIRECTION('',(-0.707106781187,0.707106781187,0.));
#3468 = DIRECTION('',(0.707106781187,0.707106781187,0.));
#3469 = ADVANCED_FACE('',(#3470),#3495,.T.);
#3470 = FACE_BOUND('',#3471,.T.);
#3471 = EDGE_LOOP('',(#3472,#3473,#3481,#3489));
#3472 = ORIENTED_EDGE('',*,*,#3451,.T.);
#3473 = ORIENTED_EDGE('',*,*,#3474,.T.);
#3474 = EDGE_CURVE('',#3444,#3475,#3477,.T.);
#3475 = VERTEX_POINT('',#3476);
#3476 = CARTESIAN_POINT('',(125.87543,-66.016851,1.545));
#3477 = LINE('',#3478,#3479);
#3478 = CARTESIAN_POINT('',(125.87543,-69.408119,1.545));
#3479 = VECTOR('',#3480,1.);
#3480 = DIRECTION('',(0.,1.,0.));
#3481 = ORIENTED_EDGE('',*,*,#3482,.F.);
#3482 = EDGE_CURVE('',#3483,#3475,#3485,.T.);
#3483 = VERTEX_POINT('',#3484);
#3484 = CARTESIAN_POINT('',(125.87543,-66.016851,1.51));
#3485 = LINE('',#3486,#3487);
#3486 = CARTESIAN_POINT('',(125.87543,-66.016851,1.51));
#3487 = VECTOR('',#3488,1.);
#3488 = DIRECTION('',(0.,0.,1.));
#3489 = ORIENTED_EDGE('',*,*,#3490,.F.);
#3490 = EDGE_CURVE('',#3452,#3483,#3491,.T.);
#3491 = LINE('',#3492,#3493);
#3492 = CARTESIAN_POINT('',(125.87543,-69.408119,1.51));
#3493 = VECTOR('',#3494,1.);
#3494 = DIRECTION('',(0.,1.,0.));
#3495 = PLANE('',#3496);
#3496 = AXIS2_PLACEMENT_3D('',#3497,#3498,#3499);
#3497 = CARTESIAN_POINT('',(125.87543,-69.408119,1.51));
#3498 = DIRECTION('',(-1.,0.,0.));
#3499 = DIRECTION('',(0.,1.,0.));
#3500 = ADVANCED_FACE('',(#3501),#3526,.T.);
#3501 = FACE_BOUND('',#3502,.T.);
#3502 = EDGE_LOOP('',(#3503,#3504,#3512,#3520));
#3503 = ORIENTED_EDGE('',*,*,#3482,.T.);
#3504 = ORIENTED_EDGE('',*,*,#3505,.T.);
#3505 = EDGE_CURVE('',#3475,#3506,#3508,.T.);
#3506 = VERTEX_POINT('',#3507);
#3507 = CARTESIAN_POINT('',(124.916853,-65.055557,1.545));
#3508 = LINE('',#3509,#3510);
#3509 = CARTESIAN_POINT('',(125.87543,-66.016851,1.545));
#3510 = VECTOR('',#3511,1.);
#3511 = DIRECTION('',(-0.70610537711,0.708106769079,0.));
#3512 = ORIENTED_EDGE('',*,*,#3513,.F.);
#3513 = EDGE_CURVE('',#3514,#3506,#3516,.T.);
#3514 = VERTEX_POINT('',#3515);
#3515 = CARTESIAN_POINT('',(124.916853,-65.055557,1.51));
#3516 = LINE('',#3517,#3518);
#3517 = CARTESIAN_POINT('',(124.916853,-65.055557,1.51));
#3518 = VECTOR('',#3519,1.);
#3519 = DIRECTION('',(0.,0.,1.));
#3520 = ORIENTED_EDGE('',*,*,#3521,.F.);
#3521 = EDGE_CURVE('',#3483,#3514,#3522,.T.);
#3522 = LINE('',#3523,#3524);
#3523 = CARTESIAN_POINT('',(125.87543,-66.016851,1.51));
#3524 = VECTOR('',#3525,1.);
#3525 = DIRECTION('',(-0.70610537711,0.708106769079,0.));
#3526 = PLANE('',#3527);
#3527 = AXIS2_PLACEMENT_3D('',#3528,#3529,#3530);
#3528 = CARTESIAN_POINT('',(125.87543,-66.016851,1.51));
#3529 = DIRECTION('',(-0.708106769079,-0.70610537711,0.));
#3530 = DIRECTION('',(-0.70610537711,0.708106769079,0.));
#3531 = ADVANCED_FACE('',(#3532),#3559,.T.);
#3532 = FACE_BOUND('',#3533,.T.);
#3533 = EDGE_LOOP('',(#3534,#3535,#3544,#3552));
#3534 = ORIENTED_EDGE('',*,*,#3513,.T.);
#3535 = ORIENTED_EDGE('',*,*,#3536,.T.);
#3536 = EDGE_CURVE('',#3506,#3537,#3539,.T.);
#3537 = VERTEX_POINT('',#3538);
#3538 = CARTESIAN_POINT('',(124.916853,-64.944443,1.545));
#3539 = CIRCLE('',#3540,9.99975841412E-02);
#3540 = AXIS2_PLACEMENT_3D('',#3541,#3542,#3543);
#3541 = CARTESIAN_POINT('',(124.99999707125,-65.,1.545));
#3542 = DIRECTION('',(0.,0.,-1.));
#3543 = DIRECTION('',(-0.831460799482,-0.555583422111,-0.));
#3544 = ORIENTED_EDGE('',*,*,#3545,.F.);
#3545 = EDGE_CURVE('',#3546,#3537,#3548,.T.);
#3546 = VERTEX_POINT('',#3547);
#3547 = CARTESIAN_POINT('',(124.916853,-64.944443,1.51));
#3548 = LINE('',#3549,#3550);
#3549 = CARTESIAN_POINT('',(124.916853,-64.944443,1.51));
#3550 = VECTOR('',#3551,1.);
#3551 = DIRECTION('',(0.,0.,1.));
#3552 = ORIENTED_EDGE('',*,*,#3553,.F.);
#3553 = EDGE_CURVE('',#3514,#3546,#3554,.T.);
#3554 = CIRCLE('',#3555,9.99975841412E-02);
#3555 = AXIS2_PLACEMENT_3D('',#3556,#3557,#3558);
#3556 = CARTESIAN_POINT('',(124.99999707125,-65.,1.51));
#3557 = DIRECTION('',(0.,0.,-1.));
#3558 = DIRECTION('',(-0.831460799482,-0.555583422111,-0.));
#3559 = CYLINDRICAL_SURFACE('',#3560,9.99975841412E-02);
#3560 = AXIS2_PLACEMENT_3D('',#3561,#3562,#3563);
#3561 = CARTESIAN_POINT('',(124.99999707125,-65.,1.51));
#3562 = DIRECTION('',(0.,0.,-1.));
#3563 = DIRECTION('',(-0.831460799482,-0.555583422111,-0.));
#3564 = ADVANCED_FACE('',(#3565),#3590,.T.);
#3565 = FACE_BOUND('',#3566,.T.);
#3566 = EDGE_LOOP('',(#3567,#3568,#3576,#3584));
#3567 = ORIENTED_EDGE('',*,*,#3545,.T.);
#3568 = ORIENTED_EDGE('',*,*,#3569,.T.);
#3569 = EDGE_CURVE('',#3537,#3570,#3572,.T.);
#3570 = VERTEX_POINT('',#3571);
#3571 = CARTESIAN_POINT('',(125.15,-64.708578,1.545));
#3572 = LINE('',#3573,#3574);
#3573 = CARTESIAN_POINT('',(124.916853,-64.944443,1.545));
#3574 = VECTOR('',#3575,1.);
#3575 = DIRECTION('',(0.702997179031,0.711192636544,0.));
#3576 = ORIENTED_EDGE('',*,*,#3577,.F.);
#3577 = EDGE_CURVE('',#3578,#3570,#3580,.T.);
#3578 = VERTEX_POINT('',#3579);
#3579 = CARTESIAN_POINT('',(125.15,-64.708578,1.51));
#3580 = LINE('',#3581,#3582);
#3581 = CARTESIAN_POINT('',(125.15,-64.708578,1.51));
#3582 = VECTOR('',#3583,1.);
#3583 = DIRECTION('',(0.,0.,1.));
#3584 = ORIENTED_EDGE('',*,*,#3585,.F.);
#3585 = EDGE_CURVE('',#3546,#3578,#3586,.T.);
#3586 = LINE('',#3587,#3588);
#3587 = CARTESIAN_POINT('',(124.916853,-64.944443,1.51));
#3588 = VECTOR('',#3589,1.);
#3589 = DIRECTION('',(0.702997179031,0.711192636544,0.));
#3590 = PLANE('',#3591);
#3591 = AXIS2_PLACEMENT_3D('',#3592,#3593,#3594);
#3592 = CARTESIAN_POINT('',(124.916853,-64.944443,1.51));
#3593 = DIRECTION('',(-0.711192636544,0.702997179031,0.));
#3594 = DIRECTION('',(0.702997179031,0.711192636544,0.));
#3595 = ADVANCED_FACE('',(#3596),#3621,.T.);
#3596 = FACE_BOUND('',#3597,.T.);
#3597 = EDGE_LOOP('',(#3598,#3599,#3607,#3615));
#3598 = ORIENTED_EDGE('',*,*,#3577,.T.);
#3599 = ORIENTED_EDGE('',*,*,#3600,.T.);
#3600 = EDGE_CURVE('',#3570,#3601,#3603,.T.);
#3601 = VERTEX_POINT('',#3602);
#3602 = CARTESIAN_POINT('',(125.151921,-61.980491,1.545));
#3603 = LINE('',#3604,#3605);
#3604 = CARTESIAN_POINT('',(125.15,-64.708578,1.545));
#3605 = VECTOR('',#3606,1.);
#3606 = DIRECTION('',(7.041562544542E-04,0.999999752082,0.));
#3607 = ORIENTED_EDGE('',*,*,#3608,.F.);
#3608 = EDGE_CURVE('',#3609,#3601,#3611,.T.);
#3609 = VERTEX_POINT('',#3610);
#3610 = CARTESIAN_POINT('',(125.151921,-61.980491,1.51));
#3611 = LINE('',#3612,#3613);
#3612 = CARTESIAN_POINT('',(125.151921,-61.980491,1.51));
#3613 = VECTOR('',#3614,1.);
#3614 = DIRECTION('',(0.,0.,1.));
#3615 = ORIENTED_EDGE('',*,*,#3616,.F.);
#3616 = EDGE_CURVE('',#3578,#3609,#3617,.T.);
#3617 = LINE('',#3618,#3619);
#3618 = CARTESIAN_POINT('',(125.15,-64.708578,1.51));
#3619 = VECTOR('',#3620,1.);
#3620 = DIRECTION('',(7.041562544542E-04,0.999999752082,0.));
#3621 = PLANE('',#3622);
#3622 = AXIS2_PLACEMENT_3D('',#3623,#3624,#3625);
#3623 = CARTESIAN_POINT('',(125.15,-64.708578,1.51));
#3624 = DIRECTION('',(-0.999999752082,7.041562544542E-04,0.));
#3625 = DIRECTION('',(7.041562544542E-04,0.999999752082,0.));
#3626 = ADVANCED_FACE('',(#3627),#3652,.T.);
#3627 = FACE_BOUND('',#3628,.T.);
#3628 = EDGE_LOOP('',(#3629,#3630,#3638,#3646));
#3629 = ORIENTED_EDGE('',*,*,#3608,.T.);
#3630 = ORIENTED_EDGE('',*,*,#3631,.T.);
#3631 = EDGE_CURVE('',#3601,#3632,#3634,.T.);
#3632 = VERTEX_POINT('',#3633);
#3633 = CARTESIAN_POINT('',(125.166853,-61.944443,1.545));
#3634 = LINE('',#3635,#3636);
#3635 = CARTESIAN_POINT('',(125.151921,-61.980491,1.545));
#3636 = VECTOR('',#3637,1.);
#3637 = DIRECTION('',(0.38269282806,0.923875640631,0.));
#3638 = ORIENTED_EDGE('',*,*,#3639,.F.);
#3639 = EDGE_CURVE('',#3640,#3632,#3642,.T.);
#3640 = VERTEX_POINT('',#3641);
#3641 = CARTESIAN_POINT('',(125.166853,-61.944443,1.51));
#3642 = LINE('',#3643,#3644);
#3643 = CARTESIAN_POINT('',(125.166853,-61.944443,1.51));
#3644 = VECTOR('',#3645,1.);
#3645 = DIRECTION('',(0.,0.,1.));
#3646 = ORIENTED_EDGE('',*,*,#3647,.F.);
#3647 = EDGE_CURVE('',#3609,#3640,#3648,.T.);
#3648 = LINE('',#3649,#3650);
#3649 = CARTESIAN_POINT('',(125.151921,-61.980491,1.51));
#3650 = VECTOR('',#3651,1.);
#3651 = DIRECTION('',(0.38269282806,0.923875640631,0.));
#3652 = PLANE('',#3653);
#3653 = AXIS2_PLACEMENT_3D('',#3654,#3655,#3656);
#3654 = CARTESIAN_POINT('',(125.151921,-61.980491,1.51));
#3655 = DIRECTION('',(-0.923875640631,0.38269282806,0.));
#3656 = DIRECTION('',(0.38269282806,0.923875640631,0.));
#3657 = ADVANCED_FACE('',(#3658),#3674,.T.);
#3658 = FACE_BOUND('',#3659,.T.);
#3659 = EDGE_LOOP('',(#3660,#3661,#3667,#3668));
#3660 = ORIENTED_EDGE('',*,*,#3639,.T.);
#3661 = ORIENTED_EDGE('',*,*,#3662,.T.);
#3662 = EDGE_CURVE('',#3632,#2936,#3663,.T.);
#3663 = LINE('',#3664,#3665);
#3664 = CARTESIAN_POINT('',(125.166853,-61.944443,1.545));
#3665 = VECTOR('',#3666,1.);
#3666 = DIRECTION('',(0.707106781187,0.707106781186,0.));
#3667 = ORIENTED_EDGE('',*,*,#2933,.F.);
#3668 = ORIENTED_EDGE('',*,*,#3669,.F.);
#3669 = EDGE_CURVE('',#3640,#2934,#3670,.T.);
#3670 = LINE('',#3671,#3672);
#3671 = CARTESIAN_POINT('',(125.166853,-61.944443,1.51));
#3672 = VECTOR('',#3673,1.);
#3673 = DIRECTION('',(0.707106781187,0.707106781186,0.));
#3674 = PLANE('',#3675);
#3675 = AXIS2_PLACEMENT_3D('',#3676,#3677,#3678);
#3676 = CARTESIAN_POINT('',(125.166853,-61.944443,1.51));
#3677 = DIRECTION('',(-0.707106781186,0.707106781187,0.));
#3678 = DIRECTION('',(0.707106781187,0.707106781186,0.));
#3679 = ADVANCED_FACE('',(#3680),#3706,.F.);
#3680 = FACE_BOUND('',#3681,.T.);
#3681 = EDGE_LOOP('',(#3682,#3683,#3684,#3685,#3686,#3687,#3688,#3689,
    #3690,#3691,#3692,#3693,#3694,#3695,#3696,#3697,#3698,#3699,#3700,
    #3701,#3702,#3703,#3704,#3705));
#3682 = ORIENTED_EDGE('',*,*,#2960,.T.);
#3683 = ORIENTED_EDGE('',*,*,#2992,.T.);
#3684 = ORIENTED_EDGE('',*,*,#3023,.T.);
#3685 = ORIENTED_EDGE('',*,*,#3054,.T.);
#3686 = ORIENTED_EDGE('',*,*,#3085,.T.);
#3687 = ORIENTED_EDGE('',*,*,#3116,.T.);
#3688 = ORIENTED_EDGE('',*,*,#3147,.T.);
#3689 = ORIENTED_EDGE('',*,*,#3178,.T.);
#3690 = ORIENTED_EDGE('',*,*,#3209,.T.);
#3691 = ORIENTED_EDGE('',*,*,#3240,.T.);
#3692 = ORIENTED_EDGE('',*,*,#3271,.T.);
#3693 = ORIENTED_EDGE('',*,*,#3302,.T.);
#3694 = ORIENTED_EDGE('',*,*,#3333,.T.);
#3695 = ORIENTED_EDGE('',*,*,#3365,.T.);
#3696 = ORIENTED_EDGE('',*,*,#3397,.T.);
#3697 = ORIENTED_EDGE('',*,*,#3428,.T.);
#3698 = ORIENTED_EDGE('',*,*,#3459,.T.);
#3699 = ORIENTED_EDGE('',*,*,#3490,.T.);
#3700 = ORIENTED_EDGE('',*,*,#3521,.T.);
#3701 = ORIENTED_EDGE('',*,*,#3553,.T.);
#3702 = ORIENTED_EDGE('',*,*,#3585,.T.);
#3703 = ORIENTED_EDGE('',*,*,#3616,.T.);
#3704 = ORIENTED_EDGE('',*,*,#3647,.T.);
#3705 = ORIENTED_EDGE('',*,*,#3669,.T.);
#3706 = PLANE('',#3707);
#3707 = AXIS2_PLACEMENT_3D('',#3708,#3709,#3710);
#3708 = CARTESIAN_POINT('',(0.,0.,1.51));
#3709 = DIRECTION('',(0.,0.,1.));
#3710 = DIRECTION('',(1.,0.,-0.));
#3711 = ADVANCED_FACE('',(#3712),#3738,.T.);
#3712 = FACE_BOUND('',#3713,.F.);
#3713 = EDGE_LOOP('',(#3714,#3715,#3716,#3717,#3718,#3719,#3720,#3721,
    #3722,#3723,#3724,#3725,#3726,#3727,#3728,#3729,#3730,#3731,#3732,
    #3733,#3734,#3735,#3736,#3737));
#3714 = ORIENTED_EDGE('',*,*,#2943,.T.);
#3715 = ORIENTED_EDGE('',*,*,#2976,.T.);
#3716 = ORIENTED_EDGE('',*,*,#3007,.T.);
#3717 = ORIENTED_EDGE('',*,*,#3038,.T.);
#3718 = ORIENTED_EDGE('',*,*,#3069,.T.);
#3719 = ORIENTED_EDGE('',*,*,#3100,.T.);
#3720 = ORIENTED_EDGE('',*,*,#3131,.T.);
#3721 = ORIENTED_EDGE('',*,*,#3162,.T.);
#3722 = ORIENTED_EDGE('',*,*,#3193,.T.);
#3723 = ORIENTED_EDGE('',*,*,#3224,.T.);
#3724 = ORIENTED_EDGE('',*,*,#3255,.T.);
#3725 = ORIENTED_EDGE('',*,*,#3286,.T.);
#3726 = ORIENTED_EDGE('',*,*,#3317,.T.);
#3727 = ORIENTED_EDGE('',*,*,#3348,.T.);
#3728 = ORIENTED_EDGE('',*,*,#3381,.T.);
#3729 = ORIENTED_EDGE('',*,*,#3412,.T.);
#3730 = ORIENTED_EDGE('',*,*,#3443,.T.);
#3731 = ORIENTED_EDGE('',*,*,#3474,.T.);
#3732 = ORIENTED_EDGE('',*,*,#3505,.T.);
#3733 = ORIENTED_EDGE('',*,*,#3536,.T.);
#3734 = ORIENTED_EDGE('',*,*,#3569,.T.);
#3735 = ORIENTED_EDGE('',*,*,#3600,.T.);
#3736 = ORIENTED_EDGE('',*,*,#3631,.T.);
#3737 = ORIENTED_EDGE('',*,*,#3662,.T.);
#3738 = PLANE('',#3739);
#3739 = AXIS2_PLACEMENT_3D('',#3740,#3741,#3742);
#3740 = CARTESIAN_POINT('',(0.,0.,1.545));
#3741 = DIRECTION('',(0.,0.,1.));
#3742 = DIRECTION('',(1.,0.,-0.));
#3743 = MANIFOLD_SOLID_BREP('',#3744);
#3744 = CLOSED_SHELL('',(#3745,#3787,#3818,#3851,#3882,#3913,#3944,#3977
    ,#4008,#4039,#4070,#4092,#4111));
#3745 = ADVANCED_FACE('',(#3746),#3782,.T.);
#3746 = FACE_BOUND('',#3747,.T.);
#3747 = EDGE_LOOP('',(#3748,#3758,#3767,#3775));
#3748 = ORIENTED_EDGE('',*,*,#3749,.T.);
#3749 = EDGE_CURVE('',#3750,#3752,#3754,.T.);
#3750 = VERTEX_POINT('',#3751);
#3751 = CARTESIAN_POINT('',(121.480491,-62.098079,1.51));
#3752 = VERTEX_POINT('',#3753);
#3753 = CARTESIAN_POINT('',(121.480491,-62.098079,1.545));
#3754 = LINE('',#3755,#3756);
#3755 = CARTESIAN_POINT('',(121.480491,-62.098079,1.51));
#3756 = VECTOR('',#3757,1.);
#3757 = DIRECTION('',(0.,0.,1.));
#3758 = ORIENTED_EDGE('',*,*,#3759,.T.);
#3759 = EDGE_CURVE('',#3752,#3760,#3762,.T.);
#3760 = VERTEX_POINT('',#3761);
#3761 = CARTESIAN_POINT('',(121.480491,-61.901921,1.545));
#3762 = CIRCLE('',#3763,0.100000456609);
#3763 = AXIS2_PLACEMENT_3D('',#3764,#3765,#3766);
#3764 = CARTESIAN_POINT('',(121.5,-62.,1.545));
#3765 = DIRECTION('',(0.,0.,-1.));
#3766 = DIRECTION('',(-0.195089109206,-0.980785521645,-0.));
#3767 = ORIENTED_EDGE('',*,*,#3768,.F.);
#3768 = EDGE_CURVE('',#3769,#3760,#3771,.T.);
#3769 = VERTEX_POINT('',#3770);
#3770 = CARTESIAN_POINT('',(121.480491,-61.901921,1.51));
#3771 = LINE('',#3772,#3773);
#3772 = CARTESIAN_POINT('',(121.480491,-61.901921,1.51));
#3773 = VECTOR('',#3774,1.);
#3774 = DIRECTION('',(0.,0.,1.));
#3775 = ORIENTED_EDGE('',*,*,#3776,.F.);
#3776 = EDGE_CURVE('',#3750,#3769,#3777,.T.);
#3777 = CIRCLE('',#3778,0.100000456609);
#3778 = AXIS2_PLACEMENT_3D('',#3779,#3780,#3781);
#3779 = CARTESIAN_POINT('',(121.5,-62.,1.51));
#3780 = DIRECTION('',(0.,0.,-1.));
#3781 = DIRECTION('',(-0.195089109206,-0.980785521645,-0.));
#3782 = CYLINDRICAL_SURFACE('',#3783,0.100000456609);
#3783 = AXIS2_PLACEMENT_3D('',#3784,#3785,#3786);
#3784 = CARTESIAN_POINT('',(121.5,-62.,1.51));
#3785 = DIRECTION('',(0.,0.,-1.));
#3786 = DIRECTION('',(-0.195089109206,-0.980785521645,-0.));
#3787 = ADVANCED_FACE('',(#3788),#3813,.T.);
#3788 = FACE_BOUND('',#3789,.T.);
#3789 = EDGE_LOOP('',(#3790,#3791,#3799,#3807));
#3790 = ORIENTED_EDGE('',*,*,#3768,.T.);
#3791 = ORIENTED_EDGE('',*,*,#3792,.T.);
#3792 = EDGE_CURVE('',#3760,#3793,#3795,.T.);
#3793 = VERTEX_POINT('',#3794);
#3794 = CARTESIAN_POINT('',(121.862509,-61.901921,1.545));
#3795 = LINE('',#3796,#3797);
#3796 = CARTESIAN_POINT('',(121.480491,-61.901921,1.545));
#3797 = VECTOR('',#3798,1.);
#3798 = DIRECTION('',(1.,0.,0.));
#3799 = ORIENTED_EDGE('',*,*,#3800,.F.);
#3800 = EDGE_CURVE('',#3801,#3793,#3803,.T.);
#3801 = VERTEX_POINT('',#3802);
#3802 = CARTESIAN_POINT('',(121.862509,-61.901921,1.51));
#3803 = LINE('',#3804,#3805);
#3804 = CARTESIAN_POINT('',(121.862509,-61.901921,1.51));
#3805 = VECTOR('',#3806,1.);
#3806 = DIRECTION('',(0.,0.,1.));
#3807 = ORIENTED_EDGE('',*,*,#3808,.F.);
#3808 = EDGE_CURVE('',#3769,#3801,#3809,.T.);
#3809 = LINE('',#3810,#3811);
#3810 = CARTESIAN_POINT('',(121.480491,-61.901921,1.51));
#3811 = VECTOR('',#3812,1.);
#3812 = DIRECTION('',(1.,0.,0.));
#3813 = PLANE('',#3814);
#3814 = AXIS2_PLACEMENT_3D('',#3815,#3816,#3817);
#3815 = CARTESIAN_POINT('',(121.480491,-61.901921,1.51));
#3816 = DIRECTION('',(0.,1.,0.));
#3817 = DIRECTION('',(1.,0.,0.));
#3818 = ADVANCED_FACE('',(#3819),#3846,.T.);
#3819 = FACE_BOUND('',#3820,.T.);
#3820 = EDGE_LOOP('',(#3821,#3822,#3831,#3839));
#3821 = ORIENTED_EDGE('',*,*,#3800,.T.);
#3822 = ORIENTED_EDGE('',*,*,#3823,.T.);
#3823 = EDGE_CURVE('',#3793,#3824,#3826,.T.);
#3824 = VERTEX_POINT('',#3825);
#3825 = CARTESIAN_POINT('',(121.926147,-62.055557,1.545));
#3826 = CIRCLE('',#3827,0.100000590676);
#3827 = AXIS2_PLACEMENT_3D('',#3828,#3829,#3830);
#3828 = CARTESIAN_POINT('',(121.8429993128,-62.,1.545));
#3829 = DIRECTION('',(0.,0.,-1.));
#3830 = DIRECTION('',(0.19509571961,0.98078420674,0.));
#3831 = ORIENTED_EDGE('',*,*,#3832,.F.);
#3832 = EDGE_CURVE('',#3833,#3824,#3835,.T.);
#3833 = VERTEX_POINT('',#3834);
#3834 = CARTESIAN_POINT('',(121.926147,-62.055557,1.51));
#3835 = LINE('',#3836,#3837);
#3836 = CARTESIAN_POINT('',(121.926147,-62.055557,1.51));
#3837 = VECTOR('',#3838,1.);
#3838 = DIRECTION('',(0.,0.,1.));
#3839 = ORIENTED_EDGE('',*,*,#3840,.F.);
#3840 = EDGE_CURVE('',#3801,#3833,#3841,.T.);
#3841 = CIRCLE('',#3842,0.100000590676);
#3842 = AXIS2_PLACEMENT_3D('',#3843,#3844,#3845);
#3843 = CARTESIAN_POINT('',(121.8429993128,-62.,1.51));
#3844 = DIRECTION('',(0.,0.,-1.));
#3845 = DIRECTION('',(0.19509571961,0.98078420674,0.));
#3846 = CYLINDRICAL_SURFACE('',#3847,0.100000590676);
#3847 = AXIS2_PLACEMENT_3D('',#3848,#3849,#3850);
#3848 = CARTESIAN_POINT('',(121.8429993128,-62.,1.51));
#3849 = DIRECTION('',(0.,0.,-1.));
#3850 = DIRECTION('',(0.19509571961,0.98078420674,0.));
#3851 = ADVANCED_FACE('',(#3852),#3877,.T.);
#3852 = FACE_BOUND('',#3853,.T.);
#3853 = EDGE_LOOP('',(#3854,#3855,#3863,#3871));
#3854 = ORIENTED_EDGE('',*,*,#3832,.T.);
#3855 = ORIENTED_EDGE('',*,*,#3856,.T.);
#3856 = EDGE_CURVE('',#3824,#3857,#3859,.T.);
#3857 = VERTEX_POINT('',#3858);
#3858 = CARTESIAN_POINT('',(121.85,-62.134422,1.545));
#3859 = LINE('',#3860,#3861);
#3860 = CARTESIAN_POINT('',(121.926147,-62.055557,1.545));
#3861 = VECTOR('',#3862,1.);
#3862 = DIRECTION('',(-0.694601513634,-0.719394701994,0.));
#3863 = ORIENTED_EDGE('',*,*,#3864,.F.);
#3864 = EDGE_CURVE('',#3865,#3857,#3867,.T.);
#3865 = VERTEX_POINT('',#3866);
#3866 = CARTESIAN_POINT('',(121.85,-62.134422,1.51));
#3867 = LINE('',#3868,#3869);
#3868 = CARTESIAN_POINT('',(121.85,-62.134422,1.51));
#3869 = VECTOR('',#3870,1.);
#3870 = DIRECTION('',(0.,0.,1.));
#3871 = ORIENTED_EDGE('',*,*,#3872,.F.);
#3872 = EDGE_CURVE('',#3833,#3865,#3873,.T.);
#3873 = LINE('',#3874,#3875);
#3874 = CARTESIAN_POINT('',(121.926147,-62.055557,1.51));
#3875 = VECTOR('',#3876,1.);
#3876 = DIRECTION('',(-0.694601513634,-0.719394701994,0.));
#3877 = PLANE('',#3878);
#3878 = AXIS2_PLACEMENT_3D('',#3879,#3880,#3881);
#3879 = CARTESIAN_POINT('',(121.926147,-62.055557,1.51));
#3880 = DIRECTION('',(0.719394701994,-0.694601513634,0.));
#3881 = DIRECTION('',(-0.694601513634,-0.719394701994,0.));
#3882 = ADVANCED_FACE('',(#3883),#3908,.T.);
#3883 = FACE_BOUND('',#3884,.T.);
#3884 = EDGE_LOOP('',(#3885,#3886,#3894,#3902));
#3885 = ORIENTED_EDGE('',*,*,#3864,.T.);
#3886 = ORIENTED_EDGE('',*,*,#3887,.T.);
#3887 = EDGE_CURVE('',#3857,#3888,#3890,.T.);
#3888 = VERTEX_POINT('',#3889);
#3889 = CARTESIAN_POINT('',(121.85,-66.208578,1.545));
#3890 = LINE('',#3891,#3892);
#3891 = CARTESIAN_POINT('',(121.85,-62.134422,1.545));
#3892 = VECTOR('',#3893,1.);
#3893 = DIRECTION('',(0.,-1.,0.));
#3894 = ORIENTED_EDGE('',*,*,#3895,.F.);
#3895 = EDGE_CURVE('',#3896,#3888,#3898,.T.);
#3896 = VERTEX_POINT('',#3897);
#3897 = CARTESIAN_POINT('',(121.85,-66.208578,1.51));
#3898 = LINE('',#3899,#3900);
#3899 = CARTESIAN_POINT('',(121.85,-66.208578,1.51));
#3900 = VECTOR('',#3901,1.);
#3901 = DIRECTION('',(0.,0.,1.));
#3902 = ORIENTED_EDGE('',*,*,#3903,.F.);
#3903 = EDGE_CURVE('',#3865,#3896,#3904,.T.);
#3904 = LINE('',#3905,#3906);
#3905 = CARTESIAN_POINT('',(121.85,-62.134422,1.51));
#3906 = VECTOR('',#3907,1.);
#3907 = DIRECTION('',(0.,-1.,0.));
#3908 = PLANE('',#3909);
#3909 = AXIS2_PLACEMENT_3D('',#3910,#3911,#3912);
#3910 = CARTESIAN_POINT('',(121.85,-62.134422,1.51));
#3911 = DIRECTION('',(1.,0.,-0.));
#3912 = DIRECTION('',(0.,-1.,0.));
#3913 = ADVANCED_FACE('',(#3914),#3939,.T.);
#3914 = FACE_BOUND('',#3915,.T.);
#3915 = EDGE_LOOP('',(#3916,#3917,#3925,#3933));
#3916 = ORIENTED_EDGE('',*,*,#3895,.T.);
#3917 = ORIENTED_EDGE('',*,*,#3918,.T.);
#3918 = EDGE_CURVE('',#3888,#3919,#3921,.T.);
#3919 = VERTEX_POINT('',#3920);
#3920 = CARTESIAN_POINT('',(123.739644,-68.10094,1.545));
#3921 = LINE('',#3922,#3923);
#3922 = CARTESIAN_POINT('',(121.85,-66.208578,1.545));
#3923 = VECTOR('',#3924,1.);
#3924 = DIRECTION('',(0.706598424948,-0.707614772218,0.));
#3925 = ORIENTED_EDGE('',*,*,#3926,.F.);
#3926 = EDGE_CURVE('',#3927,#3919,#3929,.T.);
#3927 = VERTEX_POINT('',#3928);
#3928 = CARTESIAN_POINT('',(123.739644,-68.10094,1.51));
#3929 = LINE('',#3930,#3931);
#3930 = CARTESIAN_POINT('',(123.739644,-68.10094,1.51));
#3931 = VECTOR('',#3932,1.);
#3932 = DIRECTION('',(0.,0.,1.));
#3933 = ORIENTED_EDGE('',*,*,#3934,.F.);
#3934 = EDGE_CURVE('',#3896,#3927,#3935,.T.);
#3935 = LINE('',#3936,#3937);
#3936 = CARTESIAN_POINT('',(121.85,-66.208578,1.51));
#3937 = VECTOR('',#3938,1.);
#3938 = DIRECTION('',(0.706598424948,-0.707614772218,0.));
#3939 = PLANE('',#3940);
#3940 = AXIS2_PLACEMENT_3D('',#3941,#3942,#3943);
#3941 = CARTESIAN_POINT('',(121.85,-66.208578,1.51));
#3942 = DIRECTION('',(0.707614772218,0.706598424948,-0.));
#3943 = DIRECTION('',(0.706598424948,-0.707614772218,0.));
#3944 = ADVANCED_FACE('',(#3945),#3972,.T.);
#3945 = FACE_BOUND('',#3946,.T.);
#3946 = EDGE_LOOP('',(#3947,#3948,#3957,#3965));
#3947 = ORIENTED_EDGE('',*,*,#3926,.T.);
#3948 = ORIENTED_EDGE('',*,*,#3949,.T.);
#3949 = EDGE_CURVE('',#3919,#3950,#3952,.T.);
#3950 = VERTEX_POINT('',#3951);
#3951 = CARTESIAN_POINT('',(123.60094,-68.239644,1.545));
#3952 = CIRCLE('',#3953,0.10000001929);
#3953 = AXIS2_PLACEMENT_3D('',#3954,#3955,#3956);
#3954 = CARTESIAN_POINT('',(123.656497,-68.156497,1.545));
#3955 = DIRECTION('',(0.,0.,-1.));
#3956 = DIRECTION('',(0.831469839609,0.555569892831,0.));
#3957 = ORIENTED_EDGE('',*,*,#3958,.F.);
#3958 = EDGE_CURVE('',#3959,#3950,#3961,.T.);
#3959 = VERTEX_POINT('',#3960);
#3960 = CARTESIAN_POINT('',(123.60094,-68.239644,1.51));
#3961 = LINE('',#3962,#3963);
#3962 = CARTESIAN_POINT('',(123.60094,-68.239644,1.51));
#3963 = VECTOR('',#3964,1.);
#3964 = DIRECTION('',(0.,0.,1.));
#3965 = ORIENTED_EDGE('',*,*,#3966,.F.);
#3966 = EDGE_CURVE('',#3927,#3959,#3967,.T.);
#3967 = CIRCLE('',#3968,0.10000001929);
#3968 = AXIS2_PLACEMENT_3D('',#3969,#3970,#3971);
#3969 = CARTESIAN_POINT('',(123.656497,-68.156497,1.51));
#3970 = DIRECTION('',(0.,0.,-1.));
#3971 = DIRECTION('',(0.831469839609,0.555569892831,0.));
#3972 = CYLINDRICAL_SURFACE('',#3973,0.10000001929);
#3973 = AXIS2_PLACEMENT_3D('',#3974,#3975,#3976);
#3974 = CARTESIAN_POINT('',(123.656497,-68.156497,1.51));
#3975 = DIRECTION('',(0.,0.,-1.));
#3976 = DIRECTION('',(0.831469839609,0.555569892831,0.));
#3977 = ADVANCED_FACE('',(#3978),#4003,.T.);
#3978 = FACE_BOUND('',#3979,.T.);
#3979 = EDGE_LOOP('',(#3980,#3981,#3989,#3997));
#3980 = ORIENTED_EDGE('',*,*,#3958,.T.);
#3981 = ORIENTED_EDGE('',*,*,#3982,.T.);
#3982 = EDGE_CURVE('',#3950,#3983,#3985,.T.);
#3983 = VERTEX_POINT('',#3984);
#3984 = CARTESIAN_POINT('',(121.666853,-66.305557,1.545));
#3985 = LINE('',#3986,#3987);
#3986 = CARTESIAN_POINT('',(123.60094,-68.239644,1.545));
#3987 = VECTOR('',#3988,1.);
#3988 = DIRECTION('',(-0.707106781187,0.707106781187,0.));
#3989 = ORIENTED_EDGE('',*,*,#3990,.F.);
#3990 = EDGE_CURVE('',#3991,#3983,#3993,.T.);
#3991 = VERTEX_POINT('',#3992);
#3992 = CARTESIAN_POINT('',(121.666853,-66.305557,1.51));
#3993 = LINE('',#3994,#3995);
#3994 = CARTESIAN_POINT('',(121.666853,-66.305557,1.51));
#3995 = VECTOR('',#3996,1.);
#3996 = DIRECTION('',(0.,0.,1.));
#3997 = ORIENTED_EDGE('',*,*,#3998,.F.);
#3998 = EDGE_CURVE('',#3959,#3991,#3999,.T.);
#3999 = LINE('',#4000,#4001);
#4000 = CARTESIAN_POINT('',(123.60094,-68.239644,1.51));
#4001 = VECTOR('',#4002,1.);
#4002 = DIRECTION('',(-0.707106781187,0.707106781187,0.));
#4003 = PLANE('',#4004);
#4004 = AXIS2_PLACEMENT_3D('',#4005,#4006,#4007);
#4005 = CARTESIAN_POINT('',(123.60094,-68.239644,1.51));
#4006 = DIRECTION('',(-0.707106781187,-0.707106781187,0.));
#4007 = DIRECTION('',(-0.707106781187,0.707106781187,0.));
#4008 = ADVANCED_FACE('',(#4009),#4034,.T.);
#4009 = FACE_BOUND('',#4010,.T.);
#4010 = EDGE_LOOP('',(#4011,#4012,#4020,#4028));
#4011 = ORIENTED_EDGE('',*,*,#3990,.T.);
#4012 = ORIENTED_EDGE('',*,*,#4013,.T.);
#4013 = EDGE_CURVE('',#3983,#4014,#4016,.T.);
#4014 = VERTEX_POINT('',#4015);
#4015 = CARTESIAN_POINT('',(121.651921,-66.269509,1.545));
#4016 = LINE('',#4017,#4018);
#4017 = CARTESIAN_POINT('',(121.666853,-66.305557,1.545));
#4018 = VECTOR('',#4019,1.);
#4019 = DIRECTION('',(-0.38269282806,0.923875640631,0.));
#4020 = ORIENTED_EDGE('',*,*,#4021,.F.);
#4021 = EDGE_CURVE('',#4022,#4014,#4024,.T.);
#4022 = VERTEX_POINT('',#4023);
#4023 = CARTESIAN_POINT('',(121.651921,-66.269509,1.51));
#4024 = LINE('',#4025,#4026);
#4025 = CARTESIAN_POINT('',(121.651921,-66.269509,1.51));
#4026 = VECTOR('',#4027,1.);
#4027 = DIRECTION('',(0.,0.,1.));
#4028 = ORIENTED_EDGE('',*,*,#4029,.F.);
#4029 = EDGE_CURVE('',#3991,#4022,#4030,.T.);
#4030 = LINE('',#4031,#4032);
#4031 = CARTESIAN_POINT('',(121.666853,-66.305557,1.51));
#4032 = VECTOR('',#4033,1.);
#4033 = DIRECTION('',(-0.38269282806,0.923875640631,0.));
#4034 = PLANE('',#4035);
#4035 = AXIS2_PLACEMENT_3D('',#4036,#4037,#4038);
#4036 = CARTESIAN_POINT('',(121.666853,-66.305557,1.51));
#4037 = DIRECTION('',(-0.923875640631,-0.38269282806,0.));
#4038 = DIRECTION('',(-0.38269282806,0.923875640631,0.));
#4039 = ADVANCED_FACE('',(#4040),#4065,.T.);
#4040 = FACE_BOUND('',#4041,.T.);
#4041 = EDGE_LOOP('',(#4042,#4043,#4051,#4059));
#4042 = ORIENTED_EDGE('',*,*,#4021,.T.);
#4043 = ORIENTED_EDGE('',*,*,#4044,.T.);
#4044 = EDGE_CURVE('',#4014,#4045,#4047,.T.);
#4045 = VERTEX_POINT('',#4046);
#4046 = CARTESIAN_POINT('',(121.65,-62.1,1.545));
#4047 = LINE('',#4048,#4049);
#4048 = CARTESIAN_POINT('',(121.651921,-66.269509,1.545));
#4049 = VECTOR('',#4050,1.);
#4050 = DIRECTION('',(-4.607256624491E-04,0.999999893866,0.));
#4051 = ORIENTED_EDGE('',*,*,#4052,.F.);
#4052 = EDGE_CURVE('',#4053,#4045,#4055,.T.);
#4053 = VERTEX_POINT('',#4054);
#4054 = CARTESIAN_POINT('',(121.65,-62.1,1.51));
#4055 = LINE('',#4056,#4057);
#4056 = CARTESIAN_POINT('',(121.65,-62.1,1.51));
#4057 = VECTOR('',#4058,1.);
#4058 = DIRECTION('',(0.,0.,1.));
#4059 = ORIENTED_EDGE('',*,*,#4060,.F.);
#4060 = EDGE_CURVE('',#4022,#4053,#4061,.T.);
#4061 = LINE('',#4062,#4063);
#4062 = CARTESIAN_POINT('',(121.651921,-66.269509,1.51));
#4063 = VECTOR('',#4064,1.);
#4064 = DIRECTION('',(-4.607256624491E-04,0.999999893866,0.));
#4065 = PLANE('',#4066);
#4066 = AXIS2_PLACEMENT_3D('',#4067,#4068,#4069);
#4067 = CARTESIAN_POINT('',(121.651921,-66.269509,1.51));
#4068 = DIRECTION('',(-0.999999893866,-4.607256624491E-04,0.));
#4069 = DIRECTION('',(-4.607256624491E-04,0.999999893866,0.));
#4070 = ADVANCED_FACE('',(#4071),#4087,.T.);
#4071 = FACE_BOUND('',#4072,.T.);
#4072 = EDGE_LOOP('',(#4073,#4074,#4080,#4081));
#4073 = ORIENTED_EDGE('',*,*,#4052,.T.);
#4074 = ORIENTED_EDGE('',*,*,#4075,.T.);
#4075 = EDGE_CURVE('',#4045,#3752,#4076,.T.);
#4076 = LINE('',#4077,#4078);
#4077 = CARTESIAN_POINT('',(121.65,-62.1,1.545));
#4078 = VECTOR('',#4079,1.);
#4079 = DIRECTION('',(-0.999935790782,1.133200392956E-02,0.));
#4080 = ORIENTED_EDGE('',*,*,#3749,.F.);
#4081 = ORIENTED_EDGE('',*,*,#4082,.F.);
#4082 = EDGE_CURVE('',#4053,#3750,#4083,.T.);
#4083 = LINE('',#4084,#4085);
#4084 = CARTESIAN_POINT('',(121.65,-62.1,1.51));
#4085 = VECTOR('',#4086,1.);
#4086 = DIRECTION('',(-0.999935790782,1.133200392956E-02,0.));
#4087 = PLANE('',#4088);
#4088 = AXIS2_PLACEMENT_3D('',#4089,#4090,#4091);
#4089 = CARTESIAN_POINT('',(121.65,-62.1,1.51));
#4090 = DIRECTION('',(-1.133200392956E-02,-0.999935790782,0.));
#4091 = DIRECTION('',(-0.999935790782,1.133200392956E-02,0.));
#4092 = ADVANCED_FACE('',(#4093),#4106,.F.);
#4093 = FACE_BOUND('',#4094,.T.);
#4094 = EDGE_LOOP('',(#4095,#4096,#4097,#4098,#4099,#4100,#4101,#4102,
    #4103,#4104,#4105));
#4095 = ORIENTED_EDGE('',*,*,#3776,.T.);
#4096 = ORIENTED_EDGE('',*,*,#3808,.T.);
#4097 = ORIENTED_EDGE('',*,*,#3840,.T.);
#4098 = ORIENTED_EDGE('',*,*,#3872,.T.);
#4099 = ORIENTED_EDGE('',*,*,#3903,.T.);
#4100 = ORIENTED_EDGE('',*,*,#3934,.T.);
#4101 = ORIENTED_EDGE('',*,*,#3966,.T.);
#4102 = ORIENTED_EDGE('',*,*,#3998,.T.);
#4103 = ORIENTED_EDGE('',*,*,#4029,.T.);
#4104 = ORIENTED_EDGE('',*,*,#4060,.T.);
#4105 = ORIENTED_EDGE('',*,*,#4082,.T.);
#4106 = PLANE('',#4107);
#4107 = AXIS2_PLACEMENT_3D('',#4108,#4109,#4110);
#4108 = CARTESIAN_POINT('',(0.,0.,1.51));
#4109 = DIRECTION('',(0.,0.,1.));
#4110 = DIRECTION('',(1.,0.,-0.));
#4111 = ADVANCED_FACE('',(#4112),#4125,.T.);
#4112 = FACE_BOUND('',#4113,.F.);
#4113 = EDGE_LOOP('',(#4114,#4115,#4116,#4117,#4118,#4119,#4120,#4121,
    #4122,#4123,#4124));
#4114 = ORIENTED_EDGE('',*,*,#3759,.T.);
#4115 = ORIENTED_EDGE('',*,*,#3792,.T.);
#4116 = ORIENTED_EDGE('',*,*,#3823,.T.);
#4117 = ORIENTED_EDGE('',*,*,#3856,.T.);
#4118 = ORIENTED_EDGE('',*,*,#3887,.T.);
#4119 = ORIENTED_EDGE('',*,*,#3918,.T.);
#4120 = ORIENTED_EDGE('',*,*,#3949,.T.);
#4121 = ORIENTED_EDGE('',*,*,#3982,.T.);
#4122 = ORIENTED_EDGE('',*,*,#4013,.T.);
#4123 = ORIENTED_EDGE('',*,*,#4044,.T.);
#4124 = ORIENTED_EDGE('',*,*,#4075,.T.);
#4125 = PLANE('',#4126);
#4126 = AXIS2_PLACEMENT_3D('',#4127,#4128,#4129);
#4127 = CARTESIAN_POINT('',(0.,0.,1.545));
#4128 = DIRECTION('',(0.,0.,1.));
#4129 = DIRECTION('',(1.,0.,-0.));
#4130 = MANIFOLD_SOLID_BREP('',#4131);
#4131 = CLOSED_SHELL('',(#4132,#4174,#4205,#4236,#4267,#4298,#4329,#4360
    ,#4393,#4424,#4455,#4488,#4519,#4550,#4581,#4603,#4626));
#4132 = ADVANCED_FACE('',(#4133),#4169,.T.);
#4133 = FACE_BOUND('',#4134,.T.);
#4134 = EDGE_LOOP('',(#4135,#4145,#4154,#4162));
#4135 = ORIENTED_EDGE('',*,*,#4136,.T.);
#4136 = EDGE_CURVE('',#4137,#4139,#4141,.T.);
#4137 = VERTEX_POINT('',#4138);
#4138 = CARTESIAN_POINT('',(123.444443,-61.916853,1.51));
#4139 = VERTEX_POINT('',#4140);
#4140 = CARTESIAN_POINT('',(123.444443,-61.916853,1.545));
#4141 = LINE('',#4142,#4143);
#4142 = CARTESIAN_POINT('',(123.444443,-61.916853,1.51));
#4143 = VECTOR('',#4144,1.);
#4144 = DIRECTION('',(0.,0.,1.));
#4145 = ORIENTED_EDGE('',*,*,#4146,.T.);
#4146 = EDGE_CURVE('',#4139,#4147,#4149,.T.);
#4147 = VERTEX_POINT('',#4148);
#4148 = CARTESIAN_POINT('',(123.598079,-61.980491,1.545));
#4149 = CIRCLE('',#4150,0.100000590676);
#4150 = AXIS2_PLACEMENT_3D('',#4151,#4152,#4153);
#4151 = CARTESIAN_POINT('',(123.5,-62.00000068719,1.545));
#4152 = DIRECTION('',(0.,0.,-1.));
#4153 = DIRECTION('',(-0.555566718399,0.831471960686,0.));
#4154 = ORIENTED_EDGE('',*,*,#4155,.F.);
#4155 = EDGE_CURVE('',#4156,#4147,#4158,.T.);
#4156 = VERTEX_POINT('',#4157);
#4157 = CARTESIAN_POINT('',(123.598079,-61.980491,1.51));
#4158 = LINE('',#4159,#4160);
#4159 = CARTESIAN_POINT('',(123.598079,-61.980491,1.51));
#4160 = VECTOR('',#4161,1.);
#4161 = DIRECTION('',(0.,0.,1.));
#4162 = ORIENTED_EDGE('',*,*,#4163,.F.);
#4163 = EDGE_CURVE('',#4137,#4156,#4164,.T.);
#4164 = CIRCLE('',#4165,0.100000590676);
#4165 = AXIS2_PLACEMENT_3D('',#4166,#4167,#4168);
#4166 = CARTESIAN_POINT('',(123.5,-62.00000068719,1.51));
#4167 = DIRECTION('',(0.,0.,-1.));
#4168 = DIRECTION('',(-0.555566718399,0.831471960686,0.));
#4169 = CYLINDRICAL_SURFACE('',#4170,0.100000590676);
#4170 = AXIS2_PLACEMENT_3D('',#4171,#4172,#4173);
#4171 = CARTESIAN_POINT('',(123.5,-62.00000068719,1.51));
#4172 = DIRECTION('',(0.,0.,-1.));
#4173 = DIRECTION('',(-0.555566718399,0.831471960686,0.));
#4174 = ADVANCED_FACE('',(#4175),#4200,.T.);
#4175 = FACE_BOUND('',#4176,.T.);
#4176 = EDGE_LOOP('',(#4177,#4178,#4186,#4194));
#4177 = ORIENTED_EDGE('',*,*,#4155,.T.);
#4178 = ORIENTED_EDGE('',*,*,#4179,.T.);
#4179 = EDGE_CURVE('',#4147,#4180,#4182,.T.);
#4180 = VERTEX_POINT('',#4181);
#4181 = CARTESIAN_POINT('',(123.598079,-64.444509,1.545));
#4182 = LINE('',#4183,#4184);
#4183 = CARTESIAN_POINT('',(123.598079,-61.980491,1.545));
#4184 = VECTOR('',#4185,1.);
#4185 = DIRECTION('',(0.,-1.,0.));
#4186 = ORIENTED_EDGE('',*,*,#4187,.F.);
#4187 = EDGE_CURVE('',#4188,#4180,#4190,.T.);
#4188 = VERTEX_POINT('',#4189);
#4189 = CARTESIAN_POINT('',(123.598079,-64.444509,1.51));
#4190 = LINE('',#4191,#4192);
#4191 = CARTESIAN_POINT('',(123.598079,-64.444509,1.51));
#4192 = VECTOR('',#4193,1.);
#4193 = DIRECTION('',(0.,0.,1.));
#4194 = ORIENTED_EDGE('',*,*,#4195,.F.);
#4195 = EDGE_CURVE('',#4156,#4188,#4196,.T.);
#4196 = LINE('',#4197,#4198);
#4197 = CARTESIAN_POINT('',(123.598079,-61.980491,1.51));
#4198 = VECTOR('',#4199,1.);
#4199 = DIRECTION('',(0.,-1.,0.));
#4200 = PLANE('',#4201);
#4201 = AXIS2_PLACEMENT_3D('',#4202,#4203,#4204);
#4202 = CARTESIAN_POINT('',(123.598079,-61.980491,1.51));
#4203 = DIRECTION('',(1.,0.,-0.));
#4204 = DIRECTION('',(0.,-1.,0.));
#4205 = ADVANCED_FACE('',(#4206),#4231,.T.);
#4206 = FACE_BOUND('',#4207,.T.);
#4207 = EDGE_LOOP('',(#4208,#4209,#4217,#4225));
#4208 = ORIENTED_EDGE('',*,*,#4187,.T.);
#4209 = ORIENTED_EDGE('',*,*,#4210,.T.);
#4210 = EDGE_CURVE('',#4180,#4211,#4213,.T.);
#4211 = VERTEX_POINT('',#4212);
#4212 = CARTESIAN_POINT('',(123.583147,-64.480557,1.545));
#4213 = LINE('',#4214,#4215);
#4214 = CARTESIAN_POINT('',(123.598079,-64.444509,1.545));
#4215 = VECTOR('',#4216,1.);
#4216 = DIRECTION('',(-0.38269282806,-0.923875640631,0.));
#4217 = ORIENTED_EDGE('',*,*,#4218,.F.);
#4218 = EDGE_CURVE('',#4219,#4211,#4221,.T.);
#4219 = VERTEX_POINT('',#4220);
#4220 = CARTESIAN_POINT('',(123.583147,-64.480557,1.51));
#4221 = LINE('',#4222,#4223);
#4222 = CARTESIAN_POINT('',(123.583147,-64.480557,1.51));
#4223 = VECTOR('',#4224,1.);
#4224 = DIRECTION('',(0.,0.,1.));
#4225 = ORIENTED_EDGE('',*,*,#4226,.F.);
#4226 = EDGE_CURVE('',#4188,#4219,#4227,.T.);
#4227 = LINE('',#4228,#4229);
#4228 = CARTESIAN_POINT('',(123.598079,-64.444509,1.51));
#4229 = VECTOR('',#4230,1.);
#4230 = DIRECTION('',(-0.38269282806,-0.923875640631,0.));
#4231 = PLANE('',#4232);
#4232 = AXIS2_PLACEMENT_3D('',#4233,#4234,#4235);
#4233 = CARTESIAN_POINT('',(123.598079,-64.444509,1.51));
#4234 = DIRECTION('',(0.923875640631,-0.38269282806,0.));
#4235 = DIRECTION('',(-0.38269282806,-0.923875640631,0.));
#4236 = ADVANCED_FACE('',(#4237),#4262,.T.);
#4237 = FACE_BOUND('',#4238,.T.);
#4238 = EDGE_LOOP('',(#4239,#4240,#4248,#4256));
#4239 = ORIENTED_EDGE('',*,*,#4218,.T.);
#4240 = ORIENTED_EDGE('',*,*,#4241,.T.);
#4241 = EDGE_CURVE('',#4211,#4242,#4244,.T.);
#4242 = VERTEX_POINT('',#4243);
#4243 = CARTESIAN_POINT('',(123.066422,-65.,1.545));
#4244 = LINE('',#4245,#4246);
#4245 = CARTESIAN_POINT('',(123.583147,-64.480557,1.545));
#4246 = VECTOR('',#4247,1.);
#4247 = DIRECTION('',(-0.705249524138,-0.708959172804,0.));
#4248 = ORIENTED_EDGE('',*,*,#4249,.F.);
#4249 = EDGE_CURVE('',#4250,#4242,#4252,.T.);
#4250 = VERTEX_POINT('',#4251);
#4251 = CARTESIAN_POINT('',(123.066422,-65.,1.51));
#4252 = LINE('',#4253,#4254);
#4253 = CARTESIAN_POINT('',(123.066422,-65.,1.51));
#4254 = VECTOR('',#4255,1.);
#4255 = DIRECTION('',(0.,0.,1.));
#4256 = ORIENTED_EDGE('',*,*,#4257,.F.);
#4257 = EDGE_CURVE('',#4219,#4250,#4258,.T.);
#4258 = LINE('',#4259,#4260);
#4259 = CARTESIAN_POINT('',(123.583147,-64.480557,1.51));
#4260 = VECTOR('',#4261,1.);
#4261 = DIRECTION('',(-0.705249524138,-0.708959172804,0.));
#4262 = PLANE('',#4263);
#4263 = AXIS2_PLACEMENT_3D('',#4264,#4265,#4266);
#4264 = CARTESIAN_POINT('',(123.583147,-64.480557,1.51));
#4265 = DIRECTION('',(0.708959172804,-0.705249524138,0.));
#4266 = DIRECTION('',(-0.705249524138,-0.708959172804,0.));
#4267 = ADVANCED_FACE('',(#4268),#4293,.T.);
#4268 = FACE_BOUND('',#4269,.T.);
#4269 = EDGE_LOOP('',(#4270,#4271,#4279,#4287));
#4270 = ORIENTED_EDGE('',*,*,#4249,.T.);
#4271 = ORIENTED_EDGE('',*,*,#4272,.T.);
#4272 = EDGE_CURVE('',#4242,#4273,#4275,.T.);
#4273 = VERTEX_POINT('',#4274);
#4274 = CARTESIAN_POINT('',(125.083147,-67.019443,1.545));
#4275 = LINE('',#4276,#4277);
#4276 = CARTESIAN_POINT('',(123.066422,-65.,1.545));
#4277 = VECTOR('',#4278,1.);
#4278 = DIRECTION('',(0.706630447467,-0.707582794245,0.));
#4279 = ORIENTED_EDGE('',*,*,#4280,.F.);
#4280 = EDGE_CURVE('',#4281,#4273,#4283,.T.);
#4281 = VERTEX_POINT('',#4282);
#4282 = CARTESIAN_POINT('',(125.083147,-67.019443,1.51));
#4283 = LINE('',#4284,#4285);
#4284 = CARTESIAN_POINT('',(125.083147,-67.019443,1.51));
#4285 = VECTOR('',#4286,1.);
#4286 = DIRECTION('',(0.,0.,1.));
#4287 = ORIENTED_EDGE('',*,*,#4288,.F.);
#4288 = EDGE_CURVE('',#4250,#4281,#4289,.T.);
#4289 = LINE('',#4290,#4291);
#4290 = CARTESIAN_POINT('',(123.066422,-65.,1.51));
#4291 = VECTOR('',#4292,1.);
#4292 = DIRECTION('',(0.706630447467,-0.707582794245,0.));
#4293 = PLANE('',#4294);
#4294 = AXIS2_PLACEMENT_3D('',#4295,#4296,#4297);
#4295 = CARTESIAN_POINT('',(123.066422,-65.,1.51));
#4296 = DIRECTION('',(0.707582794245,0.706630447467,-0.));
#4297 = DIRECTION('',(0.706630447467,-0.707582794245,0.));
#4298 = ADVANCED_FACE('',(#4299),#4324,.T.);
#4299 = FACE_BOUND('',#4300,.T.);
#4300 = EDGE_LOOP('',(#4301,#4302,#4310,#4318));
#4301 = ORIENTED_EDGE('',*,*,#4280,.T.);
#4302 = ORIENTED_EDGE('',*,*,#4303,.T.);
#4303 = EDGE_CURVE('',#4273,#4304,#4306,.T.);
#4304 = VERTEX_POINT('',#4305);
#4305 = CARTESIAN_POINT('',(125.098079,-67.055491,1.545));
#4306 = LINE('',#4307,#4308);
#4307 = CARTESIAN_POINT('',(125.083147,-67.019443,1.545));
#4308 = VECTOR('',#4309,1.);
#4309 = DIRECTION('',(0.38269282806,-0.923875640631,0.));
#4310 = ORIENTED_EDGE('',*,*,#4311,.F.);
#4311 = EDGE_CURVE('',#4312,#4304,#4314,.T.);
#4312 = VERTEX_POINT('',#4313);
#4313 = CARTESIAN_POINT('',(125.098079,-67.055491,1.51));
#4314 = LINE('',#4315,#4316);
#4315 = CARTESIAN_POINT('',(125.098079,-67.055491,1.51));
#4316 = VECTOR('',#4317,1.);
#4317 = DIRECTION('',(0.,0.,1.));
#4318 = ORIENTED_EDGE('',*,*,#4319,.F.);
#4319 = EDGE_CURVE('',#4281,#4312,#4320,.T.);
#4320 = LINE('',#4321,#4322);
#4321 = CARTESIAN_POINT('',(125.083147,-67.019443,1.51));
#4322 = VECTOR('',#4323,1.);
#4323 = DIRECTION('',(0.38269282806,-0.923875640631,0.));
#4324 = PLANE('',#4325);
#4325 = AXIS2_PLACEMENT_3D('',#4326,#4327,#4328);
#4326 = CARTESIAN_POINT('',(125.083147,-67.019443,1.51));
#4327 = DIRECTION('',(0.923875640631,0.38269282806,-0.));
#4328 = DIRECTION('',(0.38269282806,-0.923875640631,0.));
#4329 = ADVANCED_FACE('',(#4330),#4355,.T.);
#4330 = FACE_BOUND('',#4331,.T.);
#4331 = EDGE_LOOP('',(#4332,#4333,#4341,#4349));
#4332 = ORIENTED_EDGE('',*,*,#4311,.T.);
#4333 = ORIENTED_EDGE('',*,*,#4334,.T.);
#4334 = EDGE_CURVE('',#4304,#4335,#4337,.T.);
#4335 = VERTEX_POINT('',#4336);
#4336 = CARTESIAN_POINT('',(125.098079,-69.519509,1.545));
#4337 = LINE('',#4338,#4339);
#4338 = CARTESIAN_POINT('',(125.098079,-67.055491,1.545));
#4339 = VECTOR('',#4340,1.);
#4340 = DIRECTION('',(0.,-1.,0.));
#4341 = ORIENTED_EDGE('',*,*,#4342,.F.);
#4342 = EDGE_CURVE('',#4343,#4335,#4345,.T.);
#4343 = VERTEX_POINT('',#4344);
#4344 = CARTESIAN_POINT('',(125.098079,-69.519509,1.51));
#4345 = LINE('',#4346,#4347);
#4346 = CARTESIAN_POINT('',(125.098079,-69.519509,1.51));
#4347 = VECTOR('',#4348,1.);
#4348 = DIRECTION('',(0.,0.,1.));
#4349 = ORIENTED_EDGE('',*,*,#4350,.F.);
#4350 = EDGE_CURVE('',#4312,#4343,#4351,.T.);
#4351 = LINE('',#4352,#4353);
#4352 = CARTESIAN_POINT('',(125.098079,-67.055491,1.51));
#4353 = VECTOR('',#4354,1.);
#4354 = DIRECTION('',(0.,-1.,0.));
#4355 = PLANE('',#4356);
#4356 = AXIS2_PLACEMENT_3D('',#4357,#4358,#4359);
#4357 = CARTESIAN_POINT('',(125.098079,-67.055491,1.51));
#4358 = DIRECTION('',(1.,0.,-0.));
#4359 = DIRECTION('',(0.,-1.,0.));
#4360 = ADVANCED_FACE('',(#4361),#4388,.T.);
#4361 = FACE_BOUND('',#4362,.T.);
#4362 = EDGE_LOOP('',(#4363,#4364,#4373,#4381));
#4363 = ORIENTED_EDGE('',*,*,#4342,.T.);
#4364 = ORIENTED_EDGE('',*,*,#4365,.T.);
#4365 = EDGE_CURVE('',#4335,#4366,#4368,.T.);
#4366 = VERTEX_POINT('',#4367);
#4367 = CARTESIAN_POINT('',(124.901921,-69.519509,1.545));
#4368 = CIRCLE('',#4369,0.100000456609);
#4369 = AXIS2_PLACEMENT_3D('',#4370,#4371,#4372);
#4370 = CARTESIAN_POINT('',(125.,-69.5,1.545));
#4371 = DIRECTION('',(-0.,0.,-1.));
#4372 = DIRECTION('',(0.980785521645,-0.195089109206,-0.));
#4373 = ORIENTED_EDGE('',*,*,#4374,.F.);
#4374 = EDGE_CURVE('',#4375,#4366,#4377,.T.);
#4375 = VERTEX_POINT('',#4376);
#4376 = CARTESIAN_POINT('',(124.901921,-69.519509,1.51));
#4377 = LINE('',#4378,#4379);
#4378 = CARTESIAN_POINT('',(124.901921,-69.519509,1.51));
#4379 = VECTOR('',#4380,1.);
#4380 = DIRECTION('',(0.,0.,1.));
#4381 = ORIENTED_EDGE('',*,*,#4382,.F.);
#4382 = EDGE_CURVE('',#4343,#4375,#4383,.T.);
#4383 = CIRCLE('',#4384,0.100000456609);
#4384 = AXIS2_PLACEMENT_3D('',#4385,#4386,#4387);
#4385 = CARTESIAN_POINT('',(125.,-69.5,1.51));
#4386 = DIRECTION('',(-0.,0.,-1.));
#4387 = DIRECTION('',(0.980785521645,-0.195089109206,-0.));
#4388 = CYLINDRICAL_SURFACE('',#4389,0.100000456609);
#4389 = AXIS2_PLACEMENT_3D('',#4390,#4391,#4392);
#4390 = CARTESIAN_POINT('',(125.,-69.5,1.51));
#4391 = DIRECTION('',(-0.,0.,-1.));
#4392 = DIRECTION('',(0.980785521645,-0.195089109206,-0.));
#4393 = ADVANCED_FACE('',(#4394),#4419,.T.);
#4394 = FACE_BOUND('',#4395,.T.);
#4395 = EDGE_LOOP('',(#4396,#4397,#4405,#4413));
#4396 = ORIENTED_EDGE('',*,*,#4374,.T.);
#4397 = ORIENTED_EDGE('',*,*,#4398,.T.);
#4398 = EDGE_CURVE('',#4366,#4399,#4401,.T.);
#4399 = VERTEX_POINT('',#4400);
#4400 = CARTESIAN_POINT('',(124.9,-67.116422,1.545));
#4401 = LINE('',#4402,#4403);
#4402 = CARTESIAN_POINT('',(124.901921,-69.519509,1.545));
#4403 = VECTOR('',#4404,1.);
#4404 = DIRECTION('',(-7.993881978537E-04,0.999999680489,0.));
#4405 = ORIENTED_EDGE('',*,*,#4406,.F.);
#4406 = EDGE_CURVE('',#4407,#4399,#4409,.T.);
#4407 = VERTEX_POINT('',#4408);
#4408 = CARTESIAN_POINT('',(124.9,-67.116422,1.51));
#4409 = LINE('',#4410,#4411);
#4410 = CARTESIAN_POINT('',(124.9,-67.116422,1.51));
#4411 = VECTOR('',#4412,1.);
#4412 = DIRECTION('',(0.,0.,1.));
#4413 = ORIENTED_EDGE('',*,*,#4414,.F.);
#4414 = EDGE_CURVE('',#4375,#4407,#4415,.T.);
#4415 = LINE('',#4416,#4417);
#4416 = CARTESIAN_POINT('',(124.901921,-69.519509,1.51));
#4417 = VECTOR('',#4418,1.);
#4418 = DIRECTION('',(-7.993881978537E-04,0.999999680489,0.));
#4419 = PLANE('',#4420);
#4420 = AXIS2_PLACEMENT_3D('',#4421,#4422,#4423);
#4421 = CARTESIAN_POINT('',(124.901921,-69.519509,1.51));
#4422 = DIRECTION('',(-0.999999680489,-7.993881978537E-04,0.));
#4423 = DIRECTION('',(-7.993881978537E-04,0.999999680489,0.));
#4424 = ADVANCED_FACE('',(#4425),#4450,.T.);
#4425 = FACE_BOUND('',#4426,.T.);
#4426 = EDGE_LOOP('',(#4427,#4428,#4436,#4444));
#4427 = ORIENTED_EDGE('',*,*,#4406,.T.);
#4428 = ORIENTED_EDGE('',*,*,#4429,.T.);
#4429 = EDGE_CURVE('',#4399,#4430,#4432,.T.);
#4430 = VERTEX_POINT('',#4431);
#4431 = CARTESIAN_POINT('',(122.841853,-65.055557,1.545));
#4432 = LINE('',#4433,#4434);
#4433 = CARTESIAN_POINT('',(124.9,-67.116422,1.545));
#4434 = VECTOR('',#4435,1.);
#4435 = DIRECTION('',(-0.706640030928,0.707573223554,0.));
#4436 = ORIENTED_EDGE('',*,*,#4437,.F.);
#4437 = EDGE_CURVE('',#4438,#4430,#4440,.T.);
#4438 = VERTEX_POINT('',#4439);
#4439 = CARTESIAN_POINT('',(122.841853,-65.055557,1.51));
#4440 = LINE('',#4441,#4442);
#4441 = CARTESIAN_POINT('',(122.841853,-65.055557,1.51));
#4442 = VECTOR('',#4443,1.);
#4443 = DIRECTION('',(0.,0.,1.));
#4444 = ORIENTED_EDGE('',*,*,#4445,.F.);
#4445 = EDGE_CURVE('',#4407,#4438,#4446,.T.);
#4446 = LINE('',#4447,#4448);
#4447 = CARTESIAN_POINT('',(124.9,-67.116422,1.51));
#4448 = VECTOR('',#4449,1.);
#4449 = DIRECTION('',(-0.706640030928,0.707573223554,0.));
#4450 = PLANE('',#4451);
#4451 = AXIS2_PLACEMENT_3D('',#4452,#4453,#4454);
#4452 = CARTESIAN_POINT('',(124.9,-67.116422,1.51));
#4453 = DIRECTION('',(-0.707573223554,-0.706640030928,0.));
#4454 = DIRECTION('',(-0.706640030928,0.707573223554,0.));
#4455 = ADVANCED_FACE('',(#4456),#4483,.T.);
#4456 = FACE_BOUND('',#4457,.T.);
#4457 = EDGE_LOOP('',(#4458,#4459,#4468,#4476));
#4458 = ORIENTED_EDGE('',*,*,#4437,.T.);
#4459 = ORIENTED_EDGE('',*,*,#4460,.T.);
#4460 = EDGE_CURVE('',#4430,#4461,#4463,.T.);
#4461 = VERTEX_POINT('',#4462);
#4462 = CARTESIAN_POINT('',(122.841853,-64.944443,1.545));
#4463 = CIRCLE('',#4464,9.999758414119E-02);
#4464 = AXIS2_PLACEMENT_3D('',#4465,#4466,#4467);
#4465 = CARTESIAN_POINT('',(122.92499707125,-65.,1.545));
#4466 = DIRECTION('',(0.,0.,-1.));
#4467 = DIRECTION('',(-0.831460799482,-0.555583422111,-0.));
#4468 = ORIENTED_EDGE('',*,*,#4469,.F.);
#4469 = EDGE_CURVE('',#4470,#4461,#4472,.T.);
#4470 = VERTEX_POINT('',#4471);
#4471 = CARTESIAN_POINT('',(122.841853,-64.944443,1.51));
#4472 = LINE('',#4473,#4474);
#4473 = CARTESIAN_POINT('',(122.841853,-64.944443,1.51));
#4474 = VECTOR('',#4475,1.);
#4475 = DIRECTION('',(0.,0.,1.));
#4476 = ORIENTED_EDGE('',*,*,#4477,.F.);
#4477 = EDGE_CURVE('',#4438,#4470,#4478,.T.);
#4478 = CIRCLE('',#4479,9.999758414119E-02);
#4479 = AXIS2_PLACEMENT_3D('',#4480,#4481,#4482);
#4480 = CARTESIAN_POINT('',(122.92499707125,-65.,1.51));
#4481 = DIRECTION('',(0.,0.,-1.));
#4482 = DIRECTION('',(-0.831460799482,-0.555583422111,-0.));
#4483 = CYLINDRICAL_SURFACE('',#4484,9.999758414119E-02);
#4484 = AXIS2_PLACEMENT_3D('',#4485,#4486,#4487);
#4485 = CARTESIAN_POINT('',(122.92499707125,-65.,1.51));
#4486 = DIRECTION('',(0.,0.,-1.));
#4487 = DIRECTION('',(-0.831460799482,-0.555583422111,-0.));
#4488 = ADVANCED_FACE('',(#4489),#4514,.T.);
#4489 = FACE_BOUND('',#4490,.T.);
#4490 = EDGE_LOOP('',(#4491,#4492,#4500,#4508));
#4491 = ORIENTED_EDGE('',*,*,#4469,.T.);
#4492 = ORIENTED_EDGE('',*,*,#4493,.T.);
#4493 = EDGE_CURVE('',#4461,#4494,#4496,.T.);
#4494 = VERTEX_POINT('',#4495);
#4495 = CARTESIAN_POINT('',(123.4,-64.383578,1.545));
#4496 = LINE('',#4497,#4498);
#4497 = CARTESIAN_POINT('',(122.841853,-64.944443,1.545));
#4498 = VECTOR('',#4499,1.);
#4499 = DIRECTION('',(0.70538718868,0.708822201999,0.));
#4500 = ORIENTED_EDGE('',*,*,#4501,.F.);
#4501 = EDGE_CURVE('',#4502,#4494,#4504,.T.);
#4502 = VERTEX_POINT('',#4503);
#4503 = CARTESIAN_POINT('',(123.4,-64.383578,1.51));
#4504 = LINE('',#4505,#4506);
#4505 = CARTESIAN_POINT('',(123.4,-64.383578,1.51));
#4506 = VECTOR('',#4507,1.);
#4507 = DIRECTION('',(0.,0.,1.));
#4508 = ORIENTED_EDGE('',*,*,#4509,.F.);
#4509 = EDGE_CURVE('',#4470,#4502,#4510,.T.);
#4510 = LINE('',#4511,#4512);
#4511 = CARTESIAN_POINT('',(122.841853,-64.944443,1.51));
#4512 = VECTOR('',#4513,1.);
#4513 = DIRECTION('',(0.70538718868,0.708822201999,0.));
#4514 = PLANE('',#4515);
#4515 = AXIS2_PLACEMENT_3D('',#4516,#4517,#4518);
#4516 = CARTESIAN_POINT('',(122.841853,-64.944443,1.51));
#4517 = DIRECTION('',(-0.708822201999,0.70538718868,0.));
#4518 = DIRECTION('',(0.70538718868,0.708822201999,0.));
#4519 = ADVANCED_FACE('',(#4520),#4545,.T.);
#4520 = FACE_BOUND('',#4521,.T.);
#4521 = EDGE_LOOP('',(#4522,#4523,#4531,#4539));
#4522 = ORIENTED_EDGE('',*,*,#4501,.T.);
#4523 = ORIENTED_EDGE('',*,*,#4524,.T.);
#4524 = EDGE_CURVE('',#4494,#4525,#4527,.T.);
#4525 = VERTEX_POINT('',#4526);
#4526 = CARTESIAN_POINT('',(123.401921,-61.980491,1.545));
#4527 = LINE('',#4528,#4529);
#4528 = CARTESIAN_POINT('',(123.4,-64.383578,1.545));
#4529 = VECTOR('',#4530,1.);
#4530 = DIRECTION('',(7.993881978537E-04,0.999999680489,0.));
#4531 = ORIENTED_EDGE('',*,*,#4532,.F.);
#4532 = EDGE_CURVE('',#4533,#4525,#4535,.T.);
#4533 = VERTEX_POINT('',#4534);
#4534 = CARTESIAN_POINT('',(123.401921,-61.980491,1.51));
#4535 = LINE('',#4536,#4537);
#4536 = CARTESIAN_POINT('',(123.401921,-61.980491,1.51));
#4537 = VECTOR('',#4538,1.);
#4538 = DIRECTION('',(0.,0.,1.));
#4539 = ORIENTED_EDGE('',*,*,#4540,.F.);
#4540 = EDGE_CURVE('',#4502,#4533,#4541,.T.);
#4541 = LINE('',#4542,#4543);
#4542 = CARTESIAN_POINT('',(123.4,-64.383578,1.51));
#4543 = VECTOR('',#4544,1.);
#4544 = DIRECTION('',(7.993881978537E-04,0.999999680489,0.));
#4545 = PLANE('',#4546);
#4546 = AXIS2_PLACEMENT_3D('',#4547,#4548,#4549);
#4547 = CARTESIAN_POINT('',(123.4,-64.383578,1.51));
#4548 = DIRECTION('',(-0.999999680489,7.993881978537E-04,0.));
#4549 = DIRECTION('',(7.993881978537E-04,0.999999680489,0.));
#4550 = ADVANCED_FACE('',(#4551),#4576,.T.);
#4551 = FACE_BOUND('',#4552,.T.);
#4552 = EDGE_LOOP('',(#4553,#4554,#4562,#4570));
#4553 = ORIENTED_EDGE('',*,*,#4532,.T.);
#4554 = ORIENTED_EDGE('',*,*,#4555,.T.);
#4555 = EDGE_CURVE('',#4525,#4556,#4558,.T.);
#4556 = VERTEX_POINT('',#4557);
#4557 = CARTESIAN_POINT('',(123.416853,-61.944443,1.545));
#4558 = LINE('',#4559,#4560);
#4559 = CARTESIAN_POINT('',(123.401921,-61.980491,1.545));
#4560 = VECTOR('',#4561,1.);
#4561 = DIRECTION('',(0.38269282806,0.923875640631,0.));
#4562 = ORIENTED_EDGE('',*,*,#4563,.F.);
#4563 = EDGE_CURVE('',#4564,#4556,#4566,.T.);
#4564 = VERTEX_POINT('',#4565);
#4565 = CARTESIAN_POINT('',(123.416853,-61.944443,1.51));
#4566 = LINE('',#4567,#4568);
#4567 = CARTESIAN_POINT('',(123.416853,-61.944443,1.51));
#4568 = VECTOR('',#4569,1.);
#4569 = DIRECTION('',(0.,0.,1.));
#4570 = ORIENTED_EDGE('',*,*,#4571,.F.);
#4571 = EDGE_CURVE('',#4533,#4564,#4572,.T.);
#4572 = LINE('',#4573,#4574);
#4573 = CARTESIAN_POINT('',(123.401921,-61.980491,1.51));
#4574 = VECTOR('',#4575,1.);
#4575 = DIRECTION('',(0.38269282806,0.923875640631,0.));
#4576 = PLANE('',#4577);
#4577 = AXIS2_PLACEMENT_3D('',#4578,#4579,#4580);
#4578 = CARTESIAN_POINT('',(123.401921,-61.980491,1.51));
#4579 = DIRECTION('',(-0.923875640631,0.38269282806,0.));
#4580 = DIRECTION('',(0.38269282806,0.923875640631,0.));
#4581 = ADVANCED_FACE('',(#4582),#4598,.T.);
#4582 = FACE_BOUND('',#4583,.T.);
#4583 = EDGE_LOOP('',(#4584,#4585,#4591,#4592));
#4584 = ORIENTED_EDGE('',*,*,#4563,.T.);
#4585 = ORIENTED_EDGE('',*,*,#4586,.T.);
#4586 = EDGE_CURVE('',#4556,#4139,#4587,.T.);
#4587 = LINE('',#4588,#4589);
#4588 = CARTESIAN_POINT('',(123.416853,-61.944443,1.545));
#4589 = VECTOR('',#4590,1.);
#4590 = DIRECTION('',(0.707106781187,0.707106781186,0.));
#4591 = ORIENTED_EDGE('',*,*,#4136,.F.);
#4592 = ORIENTED_EDGE('',*,*,#4593,.F.);
#4593 = EDGE_CURVE('',#4564,#4137,#4594,.T.);
#4594 = LINE('',#4595,#4596);
#4595 = CARTESIAN_POINT('',(123.416853,-61.944443,1.51));
#4596 = VECTOR('',#4597,1.);
#4597 = DIRECTION('',(0.707106781187,0.707106781186,0.));
#4598 = PLANE('',#4599);
#4599 = AXIS2_PLACEMENT_3D('',#4600,#4601,#4602);
#4600 = CARTESIAN_POINT('',(123.416853,-61.944443,1.51));
#4601 = DIRECTION('',(-0.707106781186,0.707106781187,0.));
#4602 = DIRECTION('',(0.707106781187,0.707106781186,0.));
#4603 = ADVANCED_FACE('',(#4604),#4621,.F.);
#4604 = FACE_BOUND('',#4605,.T.);
#4605 = EDGE_LOOP('',(#4606,#4607,#4608,#4609,#4610,#4611,#4612,#4613,
    #4614,#4615,#4616,#4617,#4618,#4619,#4620));
#4606 = ORIENTED_EDGE('',*,*,#4163,.T.);
#4607 = ORIENTED_EDGE('',*,*,#4195,.T.);
#4608 = ORIENTED_EDGE('',*,*,#4226,.T.);
#4609 = ORIENTED_EDGE('',*,*,#4257,.T.);
#4610 = ORIENTED_EDGE('',*,*,#4288,.T.);
#4611 = ORIENTED_EDGE('',*,*,#4319,.T.);
#4612 = ORIENTED_EDGE('',*,*,#4350,.T.);
#4613 = ORIENTED_EDGE('',*,*,#4382,.T.);
#4614 = ORIENTED_EDGE('',*,*,#4414,.T.);
#4615 = ORIENTED_EDGE('',*,*,#4445,.T.);
#4616 = ORIENTED_EDGE('',*,*,#4477,.T.);
#4617 = ORIENTED_EDGE('',*,*,#4509,.T.);
#4618 = ORIENTED_EDGE('',*,*,#4540,.T.);
#4619 = ORIENTED_EDGE('',*,*,#4571,.T.);
#4620 = ORIENTED_EDGE('',*,*,#4593,.T.);
#4621 = PLANE('',#4622);
#4622 = AXIS2_PLACEMENT_3D('',#4623,#4624,#4625);
#4623 = CARTESIAN_POINT('',(0.,0.,1.51));
#4624 = DIRECTION('',(0.,0.,1.));
#4625 = DIRECTION('',(1.,0.,-0.));
#4626 = ADVANCED_FACE('',(#4627),#4644,.T.);
#4627 = FACE_BOUND('',#4628,.F.);
#4628 = EDGE_LOOP('',(#4629,#4630,#4631,#4632,#4633,#4634,#4635,#4636,
    #4637,#4638,#4639,#4640,#4641,#4642,#4643));
#4629 = ORIENTED_EDGE('',*,*,#4146,.T.);
#4630 = ORIENTED_EDGE('',*,*,#4179,.T.);
#4631 = ORIENTED_EDGE('',*,*,#4210,.T.);
#4632 = ORIENTED_EDGE('',*,*,#4241,.T.);
#4633 = ORIENTED_EDGE('',*,*,#4272,.T.);
#4634 = ORIENTED_EDGE('',*,*,#4303,.T.);
#4635 = ORIENTED_EDGE('',*,*,#4334,.T.);
#4636 = ORIENTED_EDGE('',*,*,#4365,.T.);
#4637 = ORIENTED_EDGE('',*,*,#4398,.T.);
#4638 = ORIENTED_EDGE('',*,*,#4429,.T.);
#4639 = ORIENTED_EDGE('',*,*,#4460,.T.);
#4640 = ORIENTED_EDGE('',*,*,#4493,.T.);
#4641 = ORIENTED_EDGE('',*,*,#4524,.T.);
#4642 = ORIENTED_EDGE('',*,*,#4555,.T.);
#4643 = ORIENTED_EDGE('',*,*,#4586,.T.);
#4644 = PLANE('',#4645);
#4645 = AXIS2_PLACEMENT_3D('',#4646,#4647,#4648);
#4646 = CARTESIAN_POINT('',(0.,0.,1.545));
#4647 = DIRECTION('',(0.,0.,1.));
#4648 = DIRECTION('',(1.,0.,-0.));
#4649 = ( GEOMETRIC_REPRESENTATION_CONTEXT(3) 
GLOBAL_UNCERTAINTY_ASSIGNED_CONTEXT((#4653)) 
GLOBAL_UNIT_ASSIGNED_CONTEXT((#4650,#4651,#4652)) REPRESENTATION_CONTEXT
('Context #1','3D Context with UNIT and UNCERTAINTY') );
#4650 = ( LENGTH_UNIT() NAMED_UNIT(*) SI_UNIT(.MILLI.,.METRE.) );
#4651 = ( NAMED_UNIT(*) PLANE_ANGLE_UNIT() SI_UNIT($,.RADIAN.) );
#4652 = ( NAMED_UNIT(*) SI_UNIT($,.STERADIAN.) SOLID_ANGLE_UNIT() );
#4653 = UNCERTAINTY_MEASURE_WITH_UNIT(LENGTH_MEASURE(1.E-07),#4650,
  'distance_accuracy_value','confusion accuracy');
#4654 = CONTEXT_DEPENDENT_SHAPE_REPRESENTATION(#4655,#4657);
#4655 = ( REPRESENTATION_RELATIONSHIP('','',#2926,#10) 
REPRESENTATION_RELATIONSHIP_WITH_TRANSFORMATION(#4656) 
SHAPE_REPRESENTATION_RELATIONSHIP() );
#4656 = ITEM_DEFINED_TRANSFORMATION('','',#11,#23);
#4657 = PRODUCT_DEFINITION_SHAPE('Placement','Placement of an item',
  #4658);
#4658 = NEXT_ASSEMBLY_USAGE_OCCURRENCE('3','=>[0:1:1:4]','',#5,#2921,$);
#4659 = PRODUCT_RELATED_PRODUCT_CATEGORY('part',$,(#2923));
#4660 = SHAPE_DEFINITION_REPRESENTATION(#4661,#4667);
#4661 = PRODUCT_DEFINITION_SHAPE('','',#4662);
#4662 = PRODUCT_DEFINITION('design','',#4663,#4666);
#4663 = PRODUCT_DEFINITION_FORMATION('','',#4664);
#4664 = PRODUCT('Hall_Sensor_V1_pad','Hall_Sensor_V1_pad','',(#4665));
#4665 = PRODUCT_CONTEXT('',#2,'mechanical');
#4666 = PRODUCT_DEFINITION_CONTEXT('part definition',#2,'design');
#4667 = SHAPE_REPRESENTATION('',(#11,#4668,#4818,#5108,#5398,#5548,#5838
    ,#5988,#6278),#6568);
#4668 = MANIFOLD_SOLID_BREP('',#4669);
#4669 = CLOSED_SHELL('',(#4670,#4710,#4741,#4772,#4794,#4806));
#4670 = ADVANCED_FACE('',(#4671),#4705,.T.);
#4671 = FACE_BOUND('',#4672,.T.);
#4672 = EDGE_LOOP('',(#4673,#4683,#4691,#4699));
#4673 = ORIENTED_EDGE('',*,*,#4674,.T.);
#4674 = EDGE_CURVE('',#4675,#4677,#4679,.T.);
#4675 = VERTEX_POINT('',#4676);
#4676 = CARTESIAN_POINT('',(124.75,-63.5,1.51));
#4677 = VERTEX_POINT('',#4678);
#4678 = CARTESIAN_POINT('',(124.75,-63.5,1.55));
#4679 = LINE('',#4680,#4681);
#4680 = CARTESIAN_POINT('',(124.75,-63.5,1.51));
#4681 = VECTOR('',#4682,1.);
#4682 = DIRECTION('',(0.,0.,1.));
#4683 = ORIENTED_EDGE('',*,*,#4684,.T.);
#4684 = EDGE_CURVE('',#4677,#4685,#4687,.T.);
#4685 = VERTEX_POINT('',#4686);
#4686 = CARTESIAN_POINT('',(124.75,-60.5,1.55));
#4687 = LINE('',#4688,#4689);
#4688 = CARTESIAN_POINT('',(124.75,-63.5,1.55));
#4689 = VECTOR('',#4690,1.);
#4690 = DIRECTION('',(0.,1.,0.));
#4691 = ORIENTED_EDGE('',*,*,#4692,.F.);
#4692 = EDGE_CURVE('',#4693,#4685,#4695,.T.);
#4693 = VERTEX_POINT('',#4694);
#4694 = CARTESIAN_POINT('',(124.75,-60.5,1.51));
#4695 = LINE('',#4696,#4697);
#4696 = CARTESIAN_POINT('',(124.75,-60.5,1.51));
#4697 = VECTOR('',#4698,1.);
#4698 = DIRECTION('',(0.,0.,1.));
#4699 = ORIENTED_EDGE('',*,*,#4700,.F.);
#4700 = EDGE_CURVE('',#4675,#4693,#4701,.T.);
#4701 = LINE('',#4702,#4703);
#4702 = CARTESIAN_POINT('',(124.75,-63.5,1.51));
#4703 = VECTOR('',#4704,1.);
#4704 = DIRECTION('',(0.,1.,0.));
#4705 = PLANE('',#4706);
#4706 = AXIS2_PLACEMENT_3D('',#4707,#4708,#4709);
#4707 = CARTESIAN_POINT('',(124.75,-63.5,1.51));
#4708 = DIRECTION('',(-1.,0.,0.));
#4709 = DIRECTION('',(0.,1.,0.));
#4710 = ADVANCED_FACE('',(#4711),#4736,.T.);
#4711 = FACE_BOUND('',#4712,.T.);
#4712 = EDGE_LOOP('',(#4713,#4714,#4722,#4730));
#4713 = ORIENTED_EDGE('',*,*,#4692,.T.);
#4714 = ORIENTED_EDGE('',*,*,#4715,.T.);
#4715 = EDGE_CURVE('',#4685,#4716,#4718,.T.);
#4716 = VERTEX_POINT('',#4717);
#4717 = CARTESIAN_POINT('',(125.75,-60.5,1.55));
#4718 = LINE('',#4719,#4720);
#4719 = CARTESIAN_POINT('',(124.75,-60.5,1.55));
#4720 = VECTOR('',#4721,1.);
#4721 = DIRECTION('',(1.,0.,0.));
#4722 = ORIENTED_EDGE('',*,*,#4723,.F.);
#4723 = EDGE_CURVE('',#4724,#4716,#4726,.T.);
#4724 = VERTEX_POINT('',#4725);
#4725 = CARTESIAN_POINT('',(125.75,-60.5,1.51));
#4726 = LINE('',#4727,#4728);
#4727 = CARTESIAN_POINT('',(125.75,-60.5,1.51));
#4728 = VECTOR('',#4729,1.);
#4729 = DIRECTION('',(0.,0.,1.));
#4730 = ORIENTED_EDGE('',*,*,#4731,.F.);
#4731 = EDGE_CURVE('',#4693,#4724,#4732,.T.);
#4732 = LINE('',#4733,#4734);
#4733 = CARTESIAN_POINT('',(124.75,-60.5,1.51));
#4734 = VECTOR('',#4735,1.);
#4735 = DIRECTION('',(1.,0.,0.));
#4736 = PLANE('',#4737);
#4737 = AXIS2_PLACEMENT_3D('',#4738,#4739,#4740);
#4738 = CARTESIAN_POINT('',(124.75,-60.5,1.51));
#4739 = DIRECTION('',(0.,1.,0.));
#4740 = DIRECTION('',(1.,0.,0.));
#4741 = ADVANCED_FACE('',(#4742),#4767,.T.);
#4742 = FACE_BOUND('',#4743,.T.);
#4743 = EDGE_LOOP('',(#4744,#4745,#4753,#4761));
#4744 = ORIENTED_EDGE('',*,*,#4723,.T.);
#4745 = ORIENTED_EDGE('',*,*,#4746,.T.);
#4746 = EDGE_CURVE('',#4716,#4747,#4749,.T.);
#4747 = VERTEX_POINT('',#4748);
#4748 = CARTESIAN_POINT('',(125.75,-63.5,1.55));
#4749 = LINE('',#4750,#4751);
#4750 = CARTESIAN_POINT('',(125.75,-60.5,1.55));
#4751 = VECTOR('',#4752,1.);
#4752 = DIRECTION('',(0.,-1.,0.));
#4753 = ORIENTED_EDGE('',*,*,#4754,.F.);
#4754 = EDGE_CURVE('',#4755,#4747,#4757,.T.);
#4755 = VERTEX_POINT('',#4756);
#4756 = CARTESIAN_POINT('',(125.75,-63.5,1.51));
#4757 = LINE('',#4758,#4759);
#4758 = CARTESIAN_POINT('',(125.75,-63.5,1.51));
#4759 = VECTOR('',#4760,1.);
#4760 = DIRECTION('',(0.,0.,1.));
#4761 = ORIENTED_EDGE('',*,*,#4762,.F.);
#4762 = EDGE_CURVE('',#4724,#4755,#4763,.T.);
#4763 = LINE('',#4764,#4765);
#4764 = CARTESIAN_POINT('',(125.75,-60.5,1.51));
#4765 = VECTOR('',#4766,1.);
#4766 = DIRECTION('',(0.,-1.,0.));
#4767 = PLANE('',#4768);
#4768 = AXIS2_PLACEMENT_3D('',#4769,#4770,#4771);
#4769 = CARTESIAN_POINT('',(125.75,-60.5,1.51));
#4770 = DIRECTION('',(1.,0.,-0.));
#4771 = DIRECTION('',(0.,-1.,0.));
#4772 = ADVANCED_FACE('',(#4773),#4789,.T.);
#4773 = FACE_BOUND('',#4774,.T.);
#4774 = EDGE_LOOP('',(#4775,#4776,#4782,#4783));
#4775 = ORIENTED_EDGE('',*,*,#4754,.T.);
#4776 = ORIENTED_EDGE('',*,*,#4777,.T.);
#4777 = EDGE_CURVE('',#4747,#4677,#4778,.T.);
#4778 = LINE('',#4779,#4780);
#4779 = CARTESIAN_POINT('',(125.75,-63.5,1.55));
#4780 = VECTOR('',#4781,1.);
#4781 = DIRECTION('',(-1.,0.,0.));
#4782 = ORIENTED_EDGE('',*,*,#4674,.F.);
#4783 = ORIENTED_EDGE('',*,*,#4784,.F.);
#4784 = EDGE_CURVE('',#4755,#4675,#4785,.T.);
#4785 = LINE('',#4786,#4787);
#4786 = CARTESIAN_POINT('',(125.75,-63.5,1.51));
#4787 = VECTOR('',#4788,1.);
#4788 = DIRECTION('',(-1.,0.,0.));
#4789 = PLANE('',#4790);
#4790 = AXIS2_PLACEMENT_3D('',#4791,#4792,#4793);
#4791 = CARTESIAN_POINT('',(125.75,-63.5,1.51));
#4792 = DIRECTION('',(0.,-1.,0.));
#4793 = DIRECTION('',(-1.,0.,0.));
#4794 = ADVANCED_FACE('',(#4795),#4801,.F.);
#4795 = FACE_BOUND('',#4796,.T.);
#4796 = EDGE_LOOP('',(#4797,#4798,#4799,#4800));
#4797 = ORIENTED_EDGE('',*,*,#4700,.T.);
#4798 = ORIENTED_EDGE('',*,*,#4731,.T.);
#4799 = ORIENTED_EDGE('',*,*,#4762,.T.);
#4800 = ORIENTED_EDGE('',*,*,#4784,.T.);
#4801 = PLANE('',#4802);
#4802 = AXIS2_PLACEMENT_3D('',#4803,#4804,#4805);
#4803 = CARTESIAN_POINT('',(0.,0.,1.51));
#4804 = DIRECTION('',(0.,0.,1.));
#4805 = DIRECTION('',(1.,0.,-0.));
#4806 = ADVANCED_FACE('',(#4807),#4813,.T.);
#4807 = FACE_BOUND('',#4808,.F.);
#4808 = EDGE_LOOP('',(#4809,#4810,#4811,#4812));
#4809 = ORIENTED_EDGE('',*,*,#4684,.T.);
#4810 = ORIENTED_EDGE('',*,*,#4715,.T.);
#4811 = ORIENTED_EDGE('',*,*,#4746,.T.);
#4812 = ORIENTED_EDGE('',*,*,#4777,.T.);
#4813 = PLANE('',#4814);
#4814 = AXIS2_PLACEMENT_3D('',#4815,#4816,#4817);
#4815 = CARTESIAN_POINT('',(0.,0.,1.55));
#4816 = DIRECTION('',(0.,0.,1.));
#4817 = DIRECTION('',(1.,0.,-0.));
#4818 = MANIFOLD_SOLID_BREP('',#4819);
#4819 = CLOSED_SHELL('',(#4820,#4862,#4893,#4926,#4957,#4990,#5021,#5054
    ,#5076,#5092));
#4820 = ADVANCED_FACE('',(#4821),#4857,.T.);
#4821 = FACE_BOUND('',#4822,.T.);
#4822 = EDGE_LOOP('',(#4823,#4833,#4842,#4850));
#4823 = ORIENTED_EDGE('',*,*,#4824,.T.);
#4824 = EDGE_CURVE('',#4825,#4827,#4829,.T.);
#4825 = VERTEX_POINT('',#4826);
#4826 = CARTESIAN_POINT('',(124.4125,-64.525,1.51));
#4827 = VERTEX_POINT('',#4828);
#4828 = CARTESIAN_POINT('',(124.4125,-64.525,1.55));
#4829 = LINE('',#4830,#4831);
#4830 = CARTESIAN_POINT('',(124.4125,-64.525,1.51));
#4831 = VECTOR('',#4832,1.);
#4832 = DIRECTION('',(0.,0.,1.));
#4833 = ORIENTED_EDGE('',*,*,#4834,.T.);
#4834 = EDGE_CURVE('',#4827,#4835,#4837,.T.);
#4835 = VERTEX_POINT('',#4836);
#4836 = CARTESIAN_POINT('',(124.6625,-64.275,1.55));
#4837 = CIRCLE('',#4838,0.249998959685);
#4838 = AXIS2_PLACEMENT_3D('',#4839,#4840,#4841);
#4839 = CARTESIAN_POINT('',(124.66249895968,-64.52499895968,1.55));
#4840 = DIRECTION('',(0.,0.,-1.));
#4841 = DIRECTION('',(-0.999999999991,-4.16128589391E-06,-0.));
#4842 = ORIENTED_EDGE('',*,*,#4843,.F.);
#4843 = EDGE_CURVE('',#4844,#4835,#4846,.T.);
#4844 = VERTEX_POINT('',#4845);
#4845 = CARTESIAN_POINT('',(124.6625,-64.275,1.51));
#4846 = LINE('',#4847,#4848);
#4847 = CARTESIAN_POINT('',(124.6625,-64.275,1.51));
#4848 = VECTOR('',#4849,1.);
#4849 = DIRECTION('',(0.,0.,1.));
#4850 = ORIENTED_EDGE('',*,*,#4851,.F.);
#4851 = EDGE_CURVE('',#4825,#4844,#4852,.T.);
#4852 = CIRCLE('',#4853,0.249998959685);
#4853 = AXIS2_PLACEMENT_3D('',#4854,#4855,#4856);
#4854 = CARTESIAN_POINT('',(124.66249895968,-64.52499895968,1.51));
#4855 = DIRECTION('',(0.,0.,-1.));
#4856 = DIRECTION('',(-0.999999999991,-4.16128589391E-06,-0.));
#4857 = CYLINDRICAL_SURFACE('',#4858,0.249998959685);
#4858 = AXIS2_PLACEMENT_3D('',#4859,#4860,#4861);
#4859 = CARTESIAN_POINT('',(124.66249895968,-64.52499895968,1.51));
#4860 = DIRECTION('',(0.,0.,-1.));
#4861 = DIRECTION('',(-0.999999999991,-4.16128589391E-06,-0.));
#4862 = ADVANCED_FACE('',(#4863),#4888,.T.);
#4863 = FACE_BOUND('',#4864,.T.);
#4864 = EDGE_LOOP('',(#4865,#4866,#4874,#4882));
#4865 = ORIENTED_EDGE('',*,*,#4843,.T.);
#4866 = ORIENTED_EDGE('',*,*,#4867,.T.);
#4867 = EDGE_CURVE('',#4835,#4868,#4870,.T.);
#4868 = VERTEX_POINT('',#4869);
#4869 = CARTESIAN_POINT('',(125.3375,-64.275,1.55));
#4870 = LINE('',#4871,#4872);
#4871 = CARTESIAN_POINT('',(124.6625,-64.275,1.55));
#4872 = VECTOR('',#4873,1.);
#4873 = DIRECTION('',(1.,0.,0.));
#4874 = ORIENTED_EDGE('',*,*,#4875,.F.);
#4875 = EDGE_CURVE('',#4876,#4868,#4878,.T.);
#4876 = VERTEX_POINT('',#4877);
#4877 = CARTESIAN_POINT('',(125.3375,-64.275,1.51));
#4878 = LINE('',#4879,#4880);
#4879 = CARTESIAN_POINT('',(125.3375,-64.275,1.51));
#4880 = VECTOR('',#4881,1.);
#4881 = DIRECTION('',(0.,0.,1.));
#4882 = ORIENTED_EDGE('',*,*,#4883,.F.);
#4883 = EDGE_CURVE('',#4844,#4876,#4884,.T.);
#4884 = LINE('',#4885,#4886);
#4885 = CARTESIAN_POINT('',(124.6625,-64.275,1.51));
#4886 = VECTOR('',#4887,1.);
#4887 = DIRECTION('',(1.,0.,0.));
#4888 = PLANE('',#4889);
#4889 = AXIS2_PLACEMENT_3D('',#4890,#4891,#4892);
#4890 = CARTESIAN_POINT('',(124.6625,-64.275,1.51));
#4891 = DIRECTION('',(0.,1.,0.));
#4892 = DIRECTION('',(1.,0.,0.));
#4893 = ADVANCED_FACE('',(#4894),#4921,.T.);
#4894 = FACE_BOUND('',#4895,.T.);
#4895 = EDGE_LOOP('',(#4896,#4897,#4906,#4914));
#4896 = ORIENTED_EDGE('',*,*,#4875,.T.);
#4897 = ORIENTED_EDGE('',*,*,#4898,.T.);
#4898 = EDGE_CURVE('',#4868,#4899,#4901,.T.);
#4899 = VERTEX_POINT('',#4900);
#4900 = CARTESIAN_POINT('',(125.5875,-64.525,1.55));
#4901 = CIRCLE('',#4902,0.249998959685);
#4902 = AXIS2_PLACEMENT_3D('',#4903,#4904,#4905);
#4903 = CARTESIAN_POINT('',(125.33750104031,-64.52499895968,1.55));
#4904 = DIRECTION('',(0.,0.,-1.));
#4905 = DIRECTION('',(-4.16128589391E-06,0.999999999991,0.));
#4906 = ORIENTED_EDGE('',*,*,#4907,.F.);
#4907 = EDGE_CURVE('',#4908,#4899,#4910,.T.);
#4908 = VERTEX_POINT('',#4909);
#4909 = CARTESIAN_POINT('',(125.5875,-64.525,1.51));
#4910 = LINE('',#4911,#4912);
#4911 = CARTESIAN_POINT('',(125.5875,-64.525,1.51));
#4912 = VECTOR('',#4913,1.);
#4913 = DIRECTION('',(0.,0.,1.));
#4914 = ORIENTED_EDGE('',*,*,#4915,.F.);
#4915 = EDGE_CURVE('',#4876,#4908,#4916,.T.);
#4916 = CIRCLE('',#4917,0.249998959685);
#4917 = AXIS2_PLACEMENT_3D('',#4918,#4919,#4920);
#4918 = CARTESIAN_POINT('',(125.33750104031,-64.52499895968,1.51));
#4919 = DIRECTION('',(0.,0.,-1.));
#4920 = DIRECTION('',(-4.16128589391E-06,0.999999999991,0.));
#4921 = CYLINDRICAL_SURFACE('',#4922,0.249998959685);
#4922 = AXIS2_PLACEMENT_3D('',#4923,#4924,#4925);
#4923 = CARTESIAN_POINT('',(125.33750104031,-64.52499895968,1.51));
#4924 = DIRECTION('',(0.,0.,-1.));
#4925 = DIRECTION('',(-4.16128589391E-06,0.999999999991,0.));
#4926 = ADVANCED_FACE('',(#4927),#4952,.T.);
#4927 = FACE_BOUND('',#4928,.T.);
#4928 = EDGE_LOOP('',(#4929,#4930,#4938,#4946));
#4929 = ORIENTED_EDGE('',*,*,#4907,.T.);
#4930 = ORIENTED_EDGE('',*,*,#4931,.T.);
#4931 = EDGE_CURVE('',#4899,#4932,#4934,.T.);
#4932 = VERTEX_POINT('',#4933);
#4933 = CARTESIAN_POINT('',(125.5875,-65.475,1.55));
#4934 = LINE('',#4935,#4936);
#4935 = CARTESIAN_POINT('',(125.5875,-64.525,1.55));
#4936 = VECTOR('',#4937,1.);
#4937 = DIRECTION('',(0.,-1.,0.));
#4938 = ORIENTED_EDGE('',*,*,#4939,.F.);
#4939 = EDGE_CURVE('',#4940,#4932,#4942,.T.);
#4940 = VERTEX_POINT('',#4941);
#4941 = CARTESIAN_POINT('',(125.5875,-65.475,1.51));
#4942 = LINE('',#4943,#4944);
#4943 = CARTESIAN_POINT('',(125.5875,-65.475,1.51));
#4944 = VECTOR('',#4945,1.);
#4945 = DIRECTION('',(0.,0.,1.));
#4946 = ORIENTED_EDGE('',*,*,#4947,.F.);
#4947 = EDGE_CURVE('',#4908,#4940,#4948,.T.);
#4948 = LINE('',#4949,#4950);
#4949 = CARTESIAN_POINT('',(125.5875,-64.525,1.51));
#4950 = VECTOR('',#4951,1.);
#4951 = DIRECTION('',(0.,-1.,0.));
#4952 = PLANE('',#4953);
#4953 = AXIS2_PLACEMENT_3D('',#4954,#4955,#4956);
#4954 = CARTESIAN_POINT('',(125.5875,-64.525,1.51));
#4955 = DIRECTION('',(1.,0.,-0.));
#4956 = DIRECTION('',(0.,-1.,0.));
#4957 = ADVANCED_FACE('',(#4958),#4985,.T.);
#4958 = FACE_BOUND('',#4959,.T.);
#4959 = EDGE_LOOP('',(#4960,#4961,#4970,#4978));
#4960 = ORIENTED_EDGE('',*,*,#4939,.T.);
#4961 = ORIENTED_EDGE('',*,*,#4962,.T.);
#4962 = EDGE_CURVE('',#4932,#4963,#4965,.T.);
#4963 = VERTEX_POINT('',#4964);
#4964 = CARTESIAN_POINT('',(125.3375,-65.725,1.55));
#4965 = CIRCLE('',#4966,0.249998959685);
#4966 = AXIS2_PLACEMENT_3D('',#4967,#4968,#4969);
#4967 = CARTESIAN_POINT('',(125.33750104031,-65.47500104031,1.55));
#4968 = DIRECTION('',(0.,0.,-1.));
#4969 = DIRECTION('',(0.999999999991,4.16128589391E-06,0.));
#4970 = ORIENTED_EDGE('',*,*,#4971,.F.);
#4971 = EDGE_CURVE('',#4972,#4963,#4974,.T.);
#4972 = VERTEX_POINT('',#4973);
#4973 = CARTESIAN_POINT('',(125.3375,-65.725,1.51));
#4974 = LINE('',#4975,#4976);
#4975 = CARTESIAN_POINT('',(125.3375,-65.725,1.51));
#4976 = VECTOR('',#4977,1.);
#4977 = DIRECTION('',(0.,0.,1.));
#4978 = ORIENTED_EDGE('',*,*,#4979,.F.);
#4979 = EDGE_CURVE('',#4940,#4972,#4980,.T.);
#4980 = CIRCLE('',#4981,0.249998959685);
#4981 = AXIS2_PLACEMENT_3D('',#4982,#4983,#4984);
#4982 = CARTESIAN_POINT('',(125.33750104031,-65.47500104031,1.51));
#4983 = DIRECTION('',(0.,0.,-1.));
#4984 = DIRECTION('',(0.999999999991,4.16128589391E-06,0.));
#4985 = CYLINDRICAL_SURFACE('',#4986,0.249998959685);
#4986 = AXIS2_PLACEMENT_3D('',#4987,#4988,#4989);
#4987 = CARTESIAN_POINT('',(125.33750104031,-65.47500104031,1.51));
#4988 = DIRECTION('',(0.,0.,-1.));
#4989 = DIRECTION('',(0.999999999991,4.16128589391E-06,0.));
#4990 = ADVANCED_FACE('',(#4991),#5016,.T.);
#4991 = FACE_BOUND('',#4992,.T.);
#4992 = EDGE_LOOP('',(#4993,#4994,#5002,#5010));
#4993 = ORIENTED_EDGE('',*,*,#4971,.T.);
#4994 = ORIENTED_EDGE('',*,*,#4995,.T.);
#4995 = EDGE_CURVE('',#4963,#4996,#4998,.T.);
#4996 = VERTEX_POINT('',#4997);
#4997 = CARTESIAN_POINT('',(124.6625,-65.725,1.55));
#4998 = LINE('',#4999,#5000);
#4999 = CARTESIAN_POINT('',(125.3375,-65.725,1.55));
#5000 = VECTOR('',#5001,1.);
#5001 = DIRECTION('',(-1.,0.,0.));
#5002 = ORIENTED_EDGE('',*,*,#5003,.F.);
#5003 = EDGE_CURVE('',#5004,#4996,#5006,.T.);
#5004 = VERTEX_POINT('',#5005);
#5005 = CARTESIAN_POINT('',(124.6625,-65.725,1.51));
#5006 = LINE('',#5007,#5008);
#5007 = CARTESIAN_POINT('',(124.6625,-65.725,1.51));
#5008 = VECTOR('',#5009,1.);
#5009 = DIRECTION('',(0.,0.,1.));
#5010 = ORIENTED_EDGE('',*,*,#5011,.F.);
#5011 = EDGE_CURVE('',#4972,#5004,#5012,.T.);
#5012 = LINE('',#5013,#5014);
#5013 = CARTESIAN_POINT('',(125.3375,-65.725,1.51));
#5014 = VECTOR('',#5015,1.);
#5015 = DIRECTION('',(-1.,0.,0.));
#5016 = PLANE('',#5017);
#5017 = AXIS2_PLACEMENT_3D('',#5018,#5019,#5020);
#5018 = CARTESIAN_POINT('',(125.3375,-65.725,1.51));
#5019 = DIRECTION('',(0.,-1.,0.));
#5020 = DIRECTION('',(-1.,0.,0.));
#5021 = ADVANCED_FACE('',(#5022),#5049,.T.);
#5022 = FACE_BOUND('',#5023,.T.);
#5023 = EDGE_LOOP('',(#5024,#5025,#5034,#5042));
#5024 = ORIENTED_EDGE('',*,*,#5003,.T.);
#5025 = ORIENTED_EDGE('',*,*,#5026,.T.);
#5026 = EDGE_CURVE('',#4996,#5027,#5029,.T.);
#5027 = VERTEX_POINT('',#5028);
#5028 = CARTESIAN_POINT('',(124.4125,-65.475,1.55));
#5029 = CIRCLE('',#5030,0.249998959685);
#5030 = AXIS2_PLACEMENT_3D('',#5031,#5032,#5033);
#5031 = CARTESIAN_POINT('',(124.66249895968,-65.47500104031,1.55));
#5032 = DIRECTION('',(0.,0.,-1.));
#5033 = DIRECTION('',(4.16128589391E-06,-0.999999999991,0.));
#5034 = ORIENTED_EDGE('',*,*,#5035,.F.);
#5035 = EDGE_CURVE('',#5036,#5027,#5038,.T.);
#5036 = VERTEX_POINT('',#5037);
#5037 = CARTESIAN_POINT('',(124.4125,-65.475,1.51));
#5038 = LINE('',#5039,#5040);
#5039 = CARTESIAN_POINT('',(124.4125,-65.475,1.51));
#5040 = VECTOR('',#5041,1.);
#5041 = DIRECTION('',(0.,0.,1.));
#5042 = ORIENTED_EDGE('',*,*,#5043,.F.);
#5043 = EDGE_CURVE('',#5004,#5036,#5044,.T.);
#5044 = CIRCLE('',#5045,0.249998959685);
#5045 = AXIS2_PLACEMENT_3D('',#5046,#5047,#5048);
#5046 = CARTESIAN_POINT('',(124.66249895968,-65.47500104031,1.51));
#5047 = DIRECTION('',(0.,0.,-1.));
#5048 = DIRECTION('',(4.16128589391E-06,-0.999999999991,0.));
#5049 = CYLINDRICAL_SURFACE('',#5050,0.249998959685);
#5050 = AXIS2_PLACEMENT_3D('',#5051,#5052,#5053);
#5051 = CARTESIAN_POINT('',(124.66249895968,-65.47500104031,1.51));
#5052 = DIRECTION('',(0.,0.,-1.));
#5053 = DIRECTION('',(4.16128589391E-06,-0.999999999991,0.));
#5054 = ADVANCED_FACE('',(#5055),#5071,.T.);
#5055 = FACE_BOUND('',#5056,.T.);
#5056 = EDGE_LOOP('',(#5057,#5058,#5064,#5065));
#5057 = ORIENTED_EDGE('',*,*,#5035,.T.);
#5058 = ORIENTED_EDGE('',*,*,#5059,.T.);
#5059 = EDGE_CURVE('',#5027,#4827,#5060,.T.);
#5060 = LINE('',#5061,#5062);
#5061 = CARTESIAN_POINT('',(124.4125,-65.475,1.55));
#5062 = VECTOR('',#5063,1.);
#5063 = DIRECTION('',(0.,1.,0.));
#5064 = ORIENTED_EDGE('',*,*,#4824,.F.);
#5065 = ORIENTED_EDGE('',*,*,#5066,.F.);
#5066 = EDGE_CURVE('',#5036,#4825,#5067,.T.);
#5067 = LINE('',#5068,#5069);
#5068 = CARTESIAN_POINT('',(124.4125,-65.475,1.51));
#5069 = VECTOR('',#5070,1.);
#5070 = DIRECTION('',(0.,1.,0.));
#5071 = PLANE('',#5072);
#5072 = AXIS2_PLACEMENT_3D('',#5073,#5074,#5075);
#5073 = CARTESIAN_POINT('',(124.4125,-65.475,1.51));
#5074 = DIRECTION('',(-1.,0.,0.));
#5075 = DIRECTION('',(0.,1.,0.));
#5076 = ADVANCED_FACE('',(#5077),#5087,.F.);
#5077 = FACE_BOUND('',#5078,.T.);
#5078 = EDGE_LOOP('',(#5079,#5080,#5081,#5082,#5083,#5084,#5085,#5086));
#5079 = ORIENTED_EDGE('',*,*,#4851,.T.);
#5080 = ORIENTED_EDGE('',*,*,#4883,.T.);
#5081 = ORIENTED_EDGE('',*,*,#4915,.T.);
#5082 = ORIENTED_EDGE('',*,*,#4947,.T.);
#5083 = ORIENTED_EDGE('',*,*,#4979,.T.);
#5084 = ORIENTED_EDGE('',*,*,#5011,.T.);
#5085 = ORIENTED_EDGE('',*,*,#5043,.T.);
#5086 = ORIENTED_EDGE('',*,*,#5066,.T.);
#5087 = PLANE('',#5088);
#5088 = AXIS2_PLACEMENT_3D('',#5089,#5090,#5091);
#5089 = CARTESIAN_POINT('',(0.,0.,1.51));
#5090 = DIRECTION('',(0.,0.,1.));
#5091 = DIRECTION('',(1.,0.,-0.));
#5092 = ADVANCED_FACE('',(#5093),#5103,.T.);
#5093 = FACE_BOUND('',#5094,.F.);
#5094 = EDGE_LOOP('',(#5095,#5096,#5097,#5098,#5099,#5100,#5101,#5102));
#5095 = ORIENTED_EDGE('',*,*,#4834,.T.);
#5096 = ORIENTED_EDGE('',*,*,#4867,.T.);
#5097 = ORIENTED_EDGE('',*,*,#4898,.T.);
#5098 = ORIENTED_EDGE('',*,*,#4931,.T.);
#5099 = ORIENTED_EDGE('',*,*,#4962,.T.);
#5100 = ORIENTED_EDGE('',*,*,#4995,.T.);
#5101 = ORIENTED_EDGE('',*,*,#5026,.T.);
#5102 = ORIENTED_EDGE('',*,*,#5059,.T.);
#5103 = PLANE('',#5104);
#5104 = AXIS2_PLACEMENT_3D('',#5105,#5106,#5107);
#5105 = CARTESIAN_POINT('',(0.,0.,1.55));
#5106 = DIRECTION('',(0.,0.,1.));
#5107 = DIRECTION('',(1.,0.,-0.));
#5108 = MANIFOLD_SOLID_BREP('',#5109);
#5109 = CLOSED_SHELL('',(#5110,#5152,#5183,#5216,#5247,#5280,#5311,#5344
    ,#5366,#5382));
#5110 = ADVANCED_FACE('',(#5111),#5147,.T.);
#5111 = FACE_BOUND('',#5112,.T.);
#5112 = EDGE_LOOP('',(#5113,#5123,#5132,#5140));
#5113 = ORIENTED_EDGE('',*,*,#5114,.T.);
#5114 = EDGE_CURVE('',#5115,#5117,#5119,.T.);
#5115 = VERTEX_POINT('',#5116);
#5116 = CARTESIAN_POINT('',(123.04038,-69.526517,1.51));
#5117 = VERTEX_POINT('',#5118);
#5118 = CARTESIAN_POINT('',(123.04038,-69.526517,1.55));
#5119 = LINE('',#5120,#5121);
#5120 = CARTESIAN_POINT('',(123.04038,-69.526517,1.51));
#5121 = VECTOR('',#5122,1.);
#5122 = DIRECTION('',(0.,0.,1.));
#5123 = ORIENTED_EDGE('',*,*,#5124,.T.);
#5124 = EDGE_CURVE('',#5117,#5125,#5127,.T.);
#5125 = VERTEX_POINT('',#5126);
#5126 = CARTESIAN_POINT('',(123.252512,-69.526517,1.55));
#5127 = CIRCLE('',#5128,0.149999917057);
#5128 = AXIS2_PLACEMENT_3D('',#5129,#5130,#5131);
#5129 = CARTESIAN_POINT('',(123.146446,-69.63258291705,1.55));
#5130 = DIRECTION('',(0.,0.,-1.));
#5131 = DIRECTION('',(-0.707107057662,0.707106504711,0.));
#5132 = ORIENTED_EDGE('',*,*,#5133,.F.);
#5133 = EDGE_CURVE('',#5134,#5125,#5136,.T.);
#5134 = VERTEX_POINT('',#5135);
#5135 = CARTESIAN_POINT('',(123.252512,-69.526517,1.51));
#5136 = LINE('',#5137,#5138);
#5137 = CARTESIAN_POINT('',(123.252512,-69.526517,1.51));
#5138 = VECTOR('',#5139,1.);
#5139 = DIRECTION('',(0.,0.,1.));
#5140 = ORIENTED_EDGE('',*,*,#5141,.F.);
#5141 = EDGE_CURVE('',#5115,#5134,#5142,.T.);
#5142 = CIRCLE('',#5143,0.149999917057);
#5143 = AXIS2_PLACEMENT_3D('',#5144,#5145,#5146);
#5144 = CARTESIAN_POINT('',(123.146446,-69.63258291705,1.51));
#5145 = DIRECTION('',(0.,0.,-1.));
#5146 = DIRECTION('',(-0.707107057662,0.707106504711,0.));
#5147 = CYLINDRICAL_SURFACE('',#5148,0.149999917057);
#5148 = AXIS2_PLACEMENT_3D('',#5149,#5150,#5151);
#5149 = CARTESIAN_POINT('',(123.146446,-69.63258291705,1.51));
#5150 = DIRECTION('',(0.,0.,-1.));
#5151 = DIRECTION('',(-0.707107057662,0.707106504711,0.));
#5152 = ADVANCED_FACE('',(#5153),#5178,.T.);
#5153 = FACE_BOUND('',#5154,.T.);
#5154 = EDGE_LOOP('',(#5155,#5156,#5164,#5172));
#5155 = ORIENTED_EDGE('',*,*,#5133,.T.);
#5156 = ORIENTED_EDGE('',*,*,#5157,.T.);
#5157 = EDGE_CURVE('',#5125,#5158,#5160,.T.);
#5158 = VERTEX_POINT('',#5159);
#5159 = CARTESIAN_POINT('',(123.464644,-69.738649,1.55));
#5160 = LINE('',#5161,#5162);
#5161 = CARTESIAN_POINT('',(123.252512,-69.526517,1.55));
#5162 = VECTOR('',#5163,1.);
#5163 = DIRECTION('',(0.707106781187,-0.707106781187,0.));
#5164 = ORIENTED_EDGE('',*,*,#5165,.F.);
#5165 = EDGE_CURVE('',#5166,#5158,#5168,.T.);
#5166 = VERTEX_POINT('',#5167);
#5167 = CARTESIAN_POINT('',(123.464644,-69.738649,1.51));
#5168 = LINE('',#5169,#5170);
#5169 = CARTESIAN_POINT('',(123.464644,-69.738649,1.51));
#5170 = VECTOR('',#5171,1.);
#5171 = DIRECTION('',(0.,0.,1.));
#5172 = ORIENTED_EDGE('',*,*,#5173,.F.);
#5173 = EDGE_CURVE('',#5134,#5166,#5174,.T.);
#5174 = LINE('',#5175,#5176);
#5175 = CARTESIAN_POINT('',(123.252512,-69.526517,1.51));
#5176 = VECTOR('',#5177,1.);
#5177 = DIRECTION('',(0.707106781187,-0.707106781187,0.));
#5178 = PLANE('',#5179);
#5179 = AXIS2_PLACEMENT_3D('',#5180,#5181,#5182);
#5180 = CARTESIAN_POINT('',(123.252512,-69.526517,1.51));
#5181 = DIRECTION('',(0.707106781187,0.707106781187,-0.));
#5182 = DIRECTION('',(0.707106781187,-0.707106781187,0.));
#5183 = ADVANCED_FACE('',(#5184),#5211,.T.);
#5184 = FACE_BOUND('',#5185,.T.);
#5185 = EDGE_LOOP('',(#5186,#5187,#5196,#5204));
#5186 = ORIENTED_EDGE('',*,*,#5165,.T.);
#5187 = ORIENTED_EDGE('',*,*,#5188,.T.);
#5188 = EDGE_CURVE('',#5158,#5189,#5191,.T.);
#5189 = VERTEX_POINT('',#5190);
#5190 = CARTESIAN_POINT('',(123.464644,-69.950781,1.55));
#5191 = CIRCLE('',#5192,0.149999917057);
#5192 = AXIS2_PLACEMENT_3D('',#5193,#5194,#5195);
#5193 = CARTESIAN_POINT('',(123.35857808294,-69.844715,1.55));
#5194 = DIRECTION('',(0.,0.,-1.));
#5195 = DIRECTION('',(0.707106504711,0.707107057662,0.));
#5196 = ORIENTED_EDGE('',*,*,#5197,.F.);
#5197 = EDGE_CURVE('',#5198,#5189,#5200,.T.);
#5198 = VERTEX_POINT('',#5199);
#5199 = CARTESIAN_POINT('',(123.464644,-69.950781,1.51));
#5200 = LINE('',#5201,#5202);
#5201 = CARTESIAN_POINT('',(123.464644,-69.950781,1.51));
#5202 = VECTOR('',#5203,1.);
#5203 = DIRECTION('',(0.,0.,1.));
#5204 = ORIENTED_EDGE('',*,*,#5205,.F.);
#5205 = EDGE_CURVE('',#5166,#5198,#5206,.T.);
#5206 = CIRCLE('',#5207,0.149999917057);
#5207 = AXIS2_PLACEMENT_3D('',#5208,#5209,#5210);
#5208 = CARTESIAN_POINT('',(123.35857808294,-69.844715,1.51));
#5209 = DIRECTION('',(0.,0.,-1.));
#5210 = DIRECTION('',(0.707106504711,0.707107057662,0.));
#5211 = CYLINDRICAL_SURFACE('',#5212,0.149999917057);
#5212 = AXIS2_PLACEMENT_3D('',#5213,#5214,#5215);
#5213 = CARTESIAN_POINT('',(123.35857808294,-69.844715,1.51));
#5214 = DIRECTION('',(0.,0.,-1.));
#5215 = DIRECTION('',(0.707106504711,0.707107057662,0.));
#5216 = ADVANCED_FACE('',(#5217),#5242,.T.);
#5217 = FACE_BOUND('',#5218,.T.);
#5218 = EDGE_LOOP('',(#5219,#5220,#5228,#5236));
#5219 = ORIENTED_EDGE('',*,*,#5197,.T.);
#5220 = ORIENTED_EDGE('',*,*,#5221,.T.);
#5221 = EDGE_CURVE('',#5189,#5222,#5224,.T.);
#5222 = VERTEX_POINT('',#5223);
#5223 = CARTESIAN_POINT('',(122.633794,-70.781631,1.55));
#5224 = LINE('',#5225,#5226);
#5225 = CARTESIAN_POINT('',(123.464644,-69.950781,1.55));
#5226 = VECTOR('',#5227,1.);
#5227 = DIRECTION('',(-0.707106781187,-0.707106781187,0.));
#5228 = ORIENTED_EDGE('',*,*,#5229,.F.);
#5229 = EDGE_CURVE('',#5230,#5222,#5232,.T.);
#5230 = VERTEX_POINT('',#5231);
#5231 = CARTESIAN_POINT('',(122.633794,-70.781631,1.51));
#5232 = LINE('',#5233,#5234);
#5233 = CARTESIAN_POINT('',(122.633794,-70.781631,1.51));
#5234 = VECTOR('',#5235,1.);
#5235 = DIRECTION('',(0.,0.,1.));
#5236 = ORIENTED_EDGE('',*,*,#5237,.F.);
#5237 = EDGE_CURVE('',#5198,#5230,#5238,.T.);
#5238 = LINE('',#5239,#5240);
#5239 = CARTESIAN_POINT('',(123.464644,-69.950781,1.51));
#5240 = VECTOR('',#5241,1.);
#5241 = DIRECTION('',(-0.707106781187,-0.707106781187,0.));
#5242 = PLANE('',#5243);
#5243 = AXIS2_PLACEMENT_3D('',#5244,#5245,#5246);
#5244 = CARTESIAN_POINT('',(123.464644,-69.950781,1.51));
#5245 = DIRECTION('',(0.707106781187,-0.707106781187,0.));
#5246 = DIRECTION('',(-0.707106781187,-0.707106781187,0.));
#5247 = ADVANCED_FACE('',(#5248),#5275,.T.);
#5248 = FACE_BOUND('',#5249,.T.);
#5249 = EDGE_LOOP('',(#5250,#5251,#5260,#5268));
#5250 = ORIENTED_EDGE('',*,*,#5229,.T.);
#5251 = ORIENTED_EDGE('',*,*,#5252,.T.);
#5252 = EDGE_CURVE('',#5222,#5253,#5255,.T.);
#5253 = VERTEX_POINT('',#5254);
#5254 = CARTESIAN_POINT('',(122.421662,-70.781631,1.55));
#5255 = CIRCLE('',#5256,0.149999917057);
#5256 = AXIS2_PLACEMENT_3D('',#5257,#5258,#5259);
#5257 = CARTESIAN_POINT('',(122.527728,-70.67556508294,1.55));
#5258 = DIRECTION('',(-0.,0.,-1.));
#5259 = DIRECTION('',(0.707107057662,-0.707106504711,-0.));
#5260 = ORIENTED_EDGE('',*,*,#5261,.F.);
#5261 = EDGE_CURVE('',#5262,#5253,#5264,.T.);
#5262 = VERTEX_POINT('',#5263);
#5263 = CARTESIAN_POINT('',(122.421662,-70.781631,1.51));
#5264 = LINE('',#5265,#5266);
#5265 = CARTESIAN_POINT('',(122.421662,-70.781631,1.51));
#5266 = VECTOR('',#5267,1.);
#5267 = DIRECTION('',(0.,0.,1.));
#5268 = ORIENTED_EDGE('',*,*,#5269,.F.);
#5269 = EDGE_CURVE('',#5230,#5262,#5270,.T.);
#5270 = CIRCLE('',#5271,0.149999917057);
#5271 = AXIS2_PLACEMENT_3D('',#5272,#5273,#5274);
#5272 = CARTESIAN_POINT('',(122.527728,-70.67556508294,1.51));
#5273 = DIRECTION('',(-0.,0.,-1.));
#5274 = DIRECTION('',(0.707107057662,-0.707106504711,-0.));
#5275 = CYLINDRICAL_SURFACE('',#5276,0.149999917057);
#5276 = AXIS2_PLACEMENT_3D('',#5277,#5278,#5279);
#5277 = CARTESIAN_POINT('',(122.527728,-70.67556508294,1.51));
#5278 = DIRECTION('',(-0.,0.,-1.));
#5279 = DIRECTION('',(0.707107057662,-0.707106504711,-0.));
#5280 = ADVANCED_FACE('',(#5281),#5306,.T.);
#5281 = FACE_BOUND('',#5282,.T.);
#5282 = EDGE_LOOP('',(#5283,#5284,#5292,#5300));
#5283 = ORIENTED_EDGE('',*,*,#5261,.T.);
#5284 = ORIENTED_EDGE('',*,*,#5285,.T.);
#5285 = EDGE_CURVE('',#5253,#5286,#5288,.T.);
#5286 = VERTEX_POINT('',#5287);
#5287 = CARTESIAN_POINT('',(122.20953,-70.569499,1.55));
#5288 = LINE('',#5289,#5290);
#5289 = CARTESIAN_POINT('',(122.421662,-70.781631,1.55));
#5290 = VECTOR('',#5291,1.);
#5291 = DIRECTION('',(-0.707106781187,0.707106781187,0.));
#5292 = ORIENTED_EDGE('',*,*,#5293,.F.);
#5293 = EDGE_CURVE('',#5294,#5286,#5296,.T.);
#5294 = VERTEX_POINT('',#5295);
#5295 = CARTESIAN_POINT('',(122.20953,-70.569499,1.51));
#5296 = LINE('',#5297,#5298);
#5297 = CARTESIAN_POINT('',(122.20953,-70.569499,1.51));
#5298 = VECTOR('',#5299,1.);
#5299 = DIRECTION('',(0.,0.,1.));
#5300 = ORIENTED_EDGE('',*,*,#5301,.F.);
#5301 = EDGE_CURVE('',#5262,#5294,#5302,.T.);
#5302 = LINE('',#5303,#5304);
#5303 = CARTESIAN_POINT('',(122.421662,-70.781631,1.51));
#5304 = VECTOR('',#5305,1.);
#5305 = DIRECTION('',(-0.707106781187,0.707106781187,0.));
#5306 = PLANE('',#5307);
#5307 = AXIS2_PLACEMENT_3D('',#5308,#5309,#5310);
#5308 = CARTESIAN_POINT('',(122.421662,-70.781631,1.51));
#5309 = DIRECTION('',(-0.707106781187,-0.707106781187,0.));
#5310 = DIRECTION('',(-0.707106781187,0.707106781187,0.));
#5311 = ADVANCED_FACE('',(#5312),#5339,.T.);
#5312 = FACE_BOUND('',#5313,.T.);
#5313 = EDGE_LOOP('',(#5314,#5315,#5324,#5332));
#5314 = ORIENTED_EDGE('',*,*,#5293,.T.);
#5315 = ORIENTED_EDGE('',*,*,#5316,.T.);
#5316 = EDGE_CURVE('',#5286,#5317,#5319,.T.);
#5317 = VERTEX_POINT('',#5318);
#5318 = CARTESIAN_POINT('',(122.20953,-70.357367,1.55));
#5319 = CIRCLE('',#5320,0.149999917057);
#5320 = AXIS2_PLACEMENT_3D('',#5321,#5322,#5323);
#5321 = CARTESIAN_POINT('',(122.31559591705,-70.463433,1.55));
#5322 = DIRECTION('',(0.,0.,-1.));
#5323 = DIRECTION('',(-0.707106504711,-0.707107057662,-0.));
#5324 = ORIENTED_EDGE('',*,*,#5325,.F.);
#5325 = EDGE_CURVE('',#5326,#5317,#5328,.T.);
#5326 = VERTEX_POINT('',#5327);
#5327 = CARTESIAN_POINT('',(122.20953,-70.357367,1.51));
#5328 = LINE('',#5329,#5330);
#5329 = CARTESIAN_POINT('',(122.20953,-70.357367,1.51));
#5330 = VECTOR('',#5331,1.);
#5331 = DIRECTION('',(0.,0.,1.));
#5332 = ORIENTED_EDGE('',*,*,#5333,.F.);
#5333 = EDGE_CURVE('',#5294,#5326,#5334,.T.);
#5334 = CIRCLE('',#5335,0.149999917057);
#5335 = AXIS2_PLACEMENT_3D('',#5336,#5337,#5338);
#5336 = CARTESIAN_POINT('',(122.31559591705,-70.463433,1.51));
#5337 = DIRECTION('',(0.,0.,-1.));
#5338 = DIRECTION('',(-0.707106504711,-0.707107057662,-0.));
#5339 = CYLINDRICAL_SURFACE('',#5340,0.149999917057);
#5340 = AXIS2_PLACEMENT_3D('',#5341,#5342,#5343);
#5341 = CARTESIAN_POINT('',(122.31559591705,-70.463433,1.51));
#5342 = DIRECTION('',(0.,0.,-1.));
#5343 = DIRECTION('',(-0.707106504711,-0.707107057662,-0.));
#5344 = ADVANCED_FACE('',(#5345),#5361,.T.);
#5345 = FACE_BOUND('',#5346,.T.);
#5346 = EDGE_LOOP('',(#5347,#5348,#5354,#5355));
#5347 = ORIENTED_EDGE('',*,*,#5325,.T.);
#5348 = ORIENTED_EDGE('',*,*,#5349,.T.);
#5349 = EDGE_CURVE('',#5317,#5117,#5350,.T.);
#5350 = LINE('',#5351,#5352);
#5351 = CARTESIAN_POINT('',(122.20953,-70.357367,1.55));
#5352 = VECTOR('',#5353,1.);
#5353 = DIRECTION('',(0.707106781187,0.707106781187,0.));
#5354 = ORIENTED_EDGE('',*,*,#5114,.F.);
#5355 = ORIENTED_EDGE('',*,*,#5356,.F.);
#5356 = EDGE_CURVE('',#5326,#5115,#5357,.T.);
#5357 = LINE('',#5358,#5359);
#5358 = CARTESIAN_POINT('',(122.20953,-70.357367,1.51));
#5359 = VECTOR('',#5360,1.);
#5360 = DIRECTION('',(0.707106781187,0.707106781187,0.));
#5361 = PLANE('',#5362);
#5362 = AXIS2_PLACEMENT_3D('',#5363,#5364,#5365);
#5363 = CARTESIAN_POINT('',(122.20953,-70.357367,1.51));
#5364 = DIRECTION('',(-0.707106781187,0.707106781187,0.));
#5365 = DIRECTION('',(0.707106781187,0.707106781187,0.));
#5366 = ADVANCED_FACE('',(#5367),#5377,.F.);
#5367 = FACE_BOUND('',#5368,.T.);
#5368 = EDGE_LOOP('',(#5369,#5370,#5371,#5372,#5373,#5374,#5375,#5376));
#5369 = ORIENTED_EDGE('',*,*,#5141,.T.);
#5370 = ORIENTED_EDGE('',*,*,#5173,.T.);
#5371 = ORIENTED_EDGE('',*,*,#5205,.T.);
#5372 = ORIENTED_EDGE('',*,*,#5237,.T.);
#5373 = ORIENTED_EDGE('',*,*,#5269,.T.);
#5374 = ORIENTED_EDGE('',*,*,#5301,.T.);
#5375 = ORIENTED_EDGE('',*,*,#5333,.T.);
#5376 = ORIENTED_EDGE('',*,*,#5356,.T.);
#5377 = PLANE('',#5378);
#5378 = AXIS2_PLACEMENT_3D('',#5379,#5380,#5381);
#5379 = CARTESIAN_POINT('',(0.,0.,1.51));
#5380 = DIRECTION('',(0.,0.,1.));
#5381 = DIRECTION('',(1.,0.,-0.));
#5382 = ADVANCED_FACE('',(#5383),#5393,.T.);
#5383 = FACE_BOUND('',#5384,.F.);
#5384 = EDGE_LOOP('',(#5385,#5386,#5387,#5388,#5389,#5390,#5391,#5392));
#5385 = ORIENTED_EDGE('',*,*,#5124,.T.);
#5386 = ORIENTED_EDGE('',*,*,#5157,.T.);
#5387 = ORIENTED_EDGE('',*,*,#5188,.T.);
#5388 = ORIENTED_EDGE('',*,*,#5221,.T.);
#5389 = ORIENTED_EDGE('',*,*,#5252,.T.);
#5390 = ORIENTED_EDGE('',*,*,#5285,.T.);
#5391 = ORIENTED_EDGE('',*,*,#5316,.T.);
#5392 = ORIENTED_EDGE('',*,*,#5349,.T.);
#5393 = PLANE('',#5394);
#5394 = AXIS2_PLACEMENT_3D('',#5395,#5396,#5397);
#5395 = CARTESIAN_POINT('',(0.,0.,1.55));
#5396 = DIRECTION('',(0.,0.,1.));
#5397 = DIRECTION('',(1.,0.,-0.));
#5398 = MANIFOLD_SOLID_BREP('',#5399);
#5399 = CLOSED_SHELL('',(#5400,#5440,#5471,#5502,#5524,#5536));
#5400 = ADVANCED_FACE('',(#5401),#5435,.T.);
#5401 = FACE_BOUND('',#5402,.T.);
#5402 = EDGE_LOOP('',(#5403,#5413,#5421,#5429));
#5403 = ORIENTED_EDGE('',*,*,#5404,.T.);
#5404 = EDGE_CURVE('',#5405,#5407,#5409,.T.);
#5405 = VERTEX_POINT('',#5406);
#5406 = CARTESIAN_POINT('',(121.25,-63.5,1.51));
#5407 = VERTEX_POINT('',#5408);
#5408 = CARTESIAN_POINT('',(121.25,-63.5,1.55));
#5409 = LINE('',#5410,#5411);
#5410 = CARTESIAN_POINT('',(121.25,-63.5,1.51));
#5411 = VECTOR('',#5412,1.);
#5412 = DIRECTION('',(0.,0.,1.));
#5413 = ORIENTED_EDGE('',*,*,#5414,.T.);
#5414 = EDGE_CURVE('',#5407,#5415,#5417,.T.);
#5415 = VERTEX_POINT('',#5416);
#5416 = CARTESIAN_POINT('',(121.25,-60.5,1.55));
#5417 = LINE('',#5418,#5419);
#5418 = CARTESIAN_POINT('',(121.25,-63.5,1.55));
#5419 = VECTOR('',#5420,1.);
#5420 = DIRECTION('',(0.,1.,0.));
#5421 = ORIENTED_EDGE('',*,*,#5422,.F.);
#5422 = EDGE_CURVE('',#5423,#5415,#5425,.T.);
#5423 = VERTEX_POINT('',#5424);
#5424 = CARTESIAN_POINT('',(121.25,-60.5,1.51));
#5425 = LINE('',#5426,#5427);
#5426 = CARTESIAN_POINT('',(121.25,-60.5,1.51));
#5427 = VECTOR('',#5428,1.);
#5428 = DIRECTION('',(0.,0.,1.));
#5429 = ORIENTED_EDGE('',*,*,#5430,.F.);
#5430 = EDGE_CURVE('',#5405,#5423,#5431,.T.);
#5431 = LINE('',#5432,#5433);
#5432 = CARTESIAN_POINT('',(121.25,-63.5,1.51));
#5433 = VECTOR('',#5434,1.);
#5434 = DIRECTION('',(0.,1.,0.));
#5435 = PLANE('',#5436);
#5436 = AXIS2_PLACEMENT_3D('',#5437,#5438,#5439);
#5437 = CARTESIAN_POINT('',(121.25,-63.5,1.51));
#5438 = DIRECTION('',(-1.,0.,0.));
#5439 = DIRECTION('',(0.,1.,0.));
#5440 = ADVANCED_FACE('',(#5441),#5466,.T.);
#5441 = FACE_BOUND('',#5442,.T.);
#5442 = EDGE_LOOP('',(#5443,#5444,#5452,#5460));
#5443 = ORIENTED_EDGE('',*,*,#5422,.T.);
#5444 = ORIENTED_EDGE('',*,*,#5445,.T.);
#5445 = EDGE_CURVE('',#5415,#5446,#5448,.T.);
#5446 = VERTEX_POINT('',#5447);
#5447 = CARTESIAN_POINT('',(122.25,-60.5,1.55));
#5448 = LINE('',#5449,#5450);
#5449 = CARTESIAN_POINT('',(121.25,-60.5,1.55));
#5450 = VECTOR('',#5451,1.);
#5451 = DIRECTION('',(1.,0.,0.));
#5452 = ORIENTED_EDGE('',*,*,#5453,.F.);
#5453 = EDGE_CURVE('',#5454,#5446,#5456,.T.);
#5454 = VERTEX_POINT('',#5455);
#5455 = CARTESIAN_POINT('',(122.25,-60.5,1.51));
#5456 = LINE('',#5457,#5458);
#5457 = CARTESIAN_POINT('',(122.25,-60.5,1.51));
#5458 = VECTOR('',#5459,1.);
#5459 = DIRECTION('',(0.,0.,1.));
#5460 = ORIENTED_EDGE('',*,*,#5461,.F.);
#5461 = EDGE_CURVE('',#5423,#5454,#5462,.T.);
#5462 = LINE('',#5463,#5464);
#5463 = CARTESIAN_POINT('',(121.25,-60.5,1.51));
#5464 = VECTOR('',#5465,1.);
#5465 = DIRECTION('',(1.,0.,0.));
#5466 = PLANE('',#5467);
#5467 = AXIS2_PLACEMENT_3D('',#5468,#5469,#5470);
#5468 = CARTESIAN_POINT('',(121.25,-60.5,1.51));
#5469 = DIRECTION('',(0.,1.,0.));
#5470 = DIRECTION('',(1.,0.,0.));
#5471 = ADVANCED_FACE('',(#5472),#5497,.T.);
#5472 = FACE_BOUND('',#5473,.T.);
#5473 = EDGE_LOOP('',(#5474,#5475,#5483,#5491));
#5474 = ORIENTED_EDGE('',*,*,#5453,.T.);
#5475 = ORIENTED_EDGE('',*,*,#5476,.T.);
#5476 = EDGE_CURVE('',#5446,#5477,#5479,.T.);
#5477 = VERTEX_POINT('',#5478);
#5478 = CARTESIAN_POINT('',(122.25,-63.5,1.55));
#5479 = LINE('',#5480,#5481);
#5480 = CARTESIAN_POINT('',(122.25,-60.5,1.55));
#5481 = VECTOR('',#5482,1.);
#5482 = DIRECTION('',(0.,-1.,0.));
#5483 = ORIENTED_EDGE('',*,*,#5484,.F.);
#5484 = EDGE_CURVE('',#5485,#5477,#5487,.T.);
#5485 = VERTEX_POINT('',#5486);
#5486 = CARTESIAN_POINT('',(122.25,-63.5,1.51));
#5487 = LINE('',#5488,#5489);
#5488 = CARTESIAN_POINT('',(122.25,-63.5,1.51));
#5489 = VECTOR('',#5490,1.);
#5490 = DIRECTION('',(0.,0.,1.));
#5491 = ORIENTED_EDGE('',*,*,#5492,.F.);
#5492 = EDGE_CURVE('',#5454,#5485,#5493,.T.);
#5493 = LINE('',#5494,#5495);
#5494 = CARTESIAN_POINT('',(122.25,-60.5,1.51));
#5495 = VECTOR('',#5496,1.);
#5496 = DIRECTION('',(0.,-1.,0.));
#5497 = PLANE('',#5498);
#5498 = AXIS2_PLACEMENT_3D('',#5499,#5500,#5501);
#5499 = CARTESIAN_POINT('',(122.25,-60.5,1.51));
#5500 = DIRECTION('',(1.,0.,-0.));
#5501 = DIRECTION('',(0.,-1.,0.));
#5502 = ADVANCED_FACE('',(#5503),#5519,.T.);
#5503 = FACE_BOUND('',#5504,.T.);
#5504 = EDGE_LOOP('',(#5505,#5506,#5512,#5513));
#5505 = ORIENTED_EDGE('',*,*,#5484,.T.);
#5506 = ORIENTED_EDGE('',*,*,#5507,.T.);
#5507 = EDGE_CURVE('',#5477,#5407,#5508,.T.);
#5508 = LINE('',#5509,#5510);
#5509 = CARTESIAN_POINT('',(122.25,-63.5,1.55));
#5510 = VECTOR('',#5511,1.);
#5511 = DIRECTION('',(-1.,0.,0.));
#5512 = ORIENTED_EDGE('',*,*,#5404,.F.);
#5513 = ORIENTED_EDGE('',*,*,#5514,.F.);
#5514 = EDGE_CURVE('',#5485,#5405,#5515,.T.);
#5515 = LINE('',#5516,#5517);
#5516 = CARTESIAN_POINT('',(122.25,-63.5,1.51));
#5517 = VECTOR('',#5518,1.);
#5518 = DIRECTION('',(-1.,0.,0.));
#5519 = PLANE('',#5520);
#5520 = AXIS2_PLACEMENT_3D('',#5521,#5522,#5523);
#5521 = CARTESIAN_POINT('',(122.25,-63.5,1.51));
#5522 = DIRECTION('',(0.,-1.,0.));
#5523 = DIRECTION('',(-1.,0.,0.));
#5524 = ADVANCED_FACE('',(#5525),#5531,.F.);
#5525 = FACE_BOUND('',#5526,.T.);
#5526 = EDGE_LOOP('',(#5527,#5528,#5529,#5530));
#5527 = ORIENTED_EDGE('',*,*,#5430,.T.);
#5528 = ORIENTED_EDGE('',*,*,#5461,.T.);
#5529 = ORIENTED_EDGE('',*,*,#5492,.T.);
#5530 = ORIENTED_EDGE('',*,*,#5514,.T.);
#5531 = PLANE('',#5532);
#5532 = AXIS2_PLACEMENT_3D('',#5533,#5534,#5535);
#5533 = CARTESIAN_POINT('',(0.,0.,1.51));
#5534 = DIRECTION('',(0.,0.,1.));
#5535 = DIRECTION('',(1.,0.,-0.));
#5536 = ADVANCED_FACE('',(#5537),#5543,.T.);
#5537 = FACE_BOUND('',#5538,.F.);
#5538 = EDGE_LOOP('',(#5539,#5540,#5541,#5542));
#5539 = ORIENTED_EDGE('',*,*,#5414,.T.);
#5540 = ORIENTED_EDGE('',*,*,#5445,.T.);
#5541 = ORIENTED_EDGE('',*,*,#5476,.T.);
#5542 = ORIENTED_EDGE('',*,*,#5507,.T.);
#5543 = PLANE('',#5544);
#5544 = AXIS2_PLACEMENT_3D('',#5545,#5546,#5547);
#5545 = CARTESIAN_POINT('',(0.,0.,1.55));
#5546 = DIRECTION('',(0.,0.,1.));
#5547 = DIRECTION('',(1.,0.,-0.));
#5548 = MANIFOLD_SOLID_BREP('',#5549);
#5549 = CLOSED_SHELL('',(#5550,#5592,#5623,#5656,#5687,#5720,#5751,#5784
    ,#5806,#5822));
#5550 = ADVANCED_FACE('',(#5551),#5587,.T.);
#5551 = FACE_BOUND('',#5552,.T.);
#5552 = EDGE_LOOP('',(#5553,#5563,#5572,#5580));
#5553 = ORIENTED_EDGE('',*,*,#5554,.T.);
#5554 = EDGE_CURVE('',#5555,#5557,#5559,.T.);
#5555 = VERTEX_POINT('',#5556);
#5556 = CARTESIAN_POINT('',(123.694454,-67.52894,1.51));
#5557 = VERTEX_POINT('',#5558);
#5558 = CARTESIAN_POINT('',(123.694454,-67.52894,1.55));
#5559 = LINE('',#5560,#5561);
#5560 = CARTESIAN_POINT('',(123.694454,-67.52894,1.51));
#5561 = VECTOR('',#5562,1.);
#5562 = DIRECTION('',(0.,0.,1.));
#5563 = ORIENTED_EDGE('',*,*,#5564,.T.);
#5564 = EDGE_CURVE('',#5557,#5565,#5567,.T.);
#5565 = VERTEX_POINT('',#5566);
#5566 = CARTESIAN_POINT('',(123.906586,-67.52894,1.55));
#5567 = CIRCLE('',#5568,0.149999917057);
#5568 = AXIS2_PLACEMENT_3D('',#5569,#5570,#5571);
#5569 = CARTESIAN_POINT('',(123.80052,-67.63500591705,1.55));
#5570 = DIRECTION('',(0.,0.,-1.));
#5571 = DIRECTION('',(-0.707107057662,0.707106504711,0.));
#5572 = ORIENTED_EDGE('',*,*,#5573,.F.);
#5573 = EDGE_CURVE('',#5574,#5565,#5576,.T.);
#5574 = VERTEX_POINT('',#5575);
#5575 = CARTESIAN_POINT('',(123.906586,-67.52894,1.51));
#5576 = LINE('',#5577,#5578);
#5577 = CARTESIAN_POINT('',(123.906586,-67.52894,1.51));
#5578 = VECTOR('',#5579,1.);
#5579 = DIRECTION('',(0.,0.,1.));
#5580 = ORIENTED_EDGE('',*,*,#5581,.F.);
#5581 = EDGE_CURVE('',#5555,#5574,#5582,.T.);
#5582 = CIRCLE('',#5583,0.149999917057);
#5583 = AXIS2_PLACEMENT_3D('',#5584,#5585,#5586);
#5584 = CARTESIAN_POINT('',(123.80052,-67.63500591705,1.51));
#5585 = DIRECTION('',(0.,0.,-1.));
#5586 = DIRECTION('',(-0.707107057662,0.707106504711,0.));
#5587 = CYLINDRICAL_SURFACE('',#5588,0.149999917057);
#5588 = AXIS2_PLACEMENT_3D('',#5589,#5590,#5591);
#5589 = CARTESIAN_POINT('',(123.80052,-67.63500591705,1.51));
#5590 = DIRECTION('',(0.,0.,-1.));
#5591 = DIRECTION('',(-0.707107057662,0.707106504711,0.));
#5592 = ADVANCED_FACE('',(#5593),#5618,.T.);
#5593 = FACE_BOUND('',#5594,.T.);
#5594 = EDGE_LOOP('',(#5595,#5596,#5604,#5612));
#5595 = ORIENTED_EDGE('',*,*,#5573,.T.);
#5596 = ORIENTED_EDGE('',*,*,#5597,.T.);
#5597 = EDGE_CURVE('',#5565,#5598,#5600,.T.);
#5598 = VERTEX_POINT('',#5599);
#5599 = CARTESIAN_POINT('',(124.118718,-67.741072,1.55));
#5600 = LINE('',#5601,#5602);
#5601 = CARTESIAN_POINT('',(123.906586,-67.52894,1.55));
#5602 = VECTOR('',#5603,1.);
#5603 = DIRECTION('',(0.707106781187,-0.707106781187,0.));
#5604 = ORIENTED_EDGE('',*,*,#5605,.F.);
#5605 = EDGE_CURVE('',#5606,#5598,#5608,.T.);
#5606 = VERTEX_POINT('',#5607);
#5607 = CARTESIAN_POINT('',(124.118718,-67.741072,1.51));
#5608 = LINE('',#5609,#5610);
#5609 = CARTESIAN_POINT('',(124.118718,-67.741072,1.51));
#5610 = VECTOR('',#5611,1.);
#5611 = DIRECTION('',(0.,0.,1.));
#5612 = ORIENTED_EDGE('',*,*,#5613,.F.);
#5613 = EDGE_CURVE('',#5574,#5606,#5614,.T.);
#5614 = LINE('',#5615,#5616);
#5615 = CARTESIAN_POINT('',(123.906586,-67.52894,1.51));
#5616 = VECTOR('',#5617,1.);
#5617 = DIRECTION('',(0.707106781187,-0.707106781187,0.));
#5618 = PLANE('',#5619);
#5619 = AXIS2_PLACEMENT_3D('',#5620,#5621,#5622);
#5620 = CARTESIAN_POINT('',(123.906586,-67.52894,1.51));
#5621 = DIRECTION('',(0.707106781187,0.707106781187,-0.));
#5622 = DIRECTION('',(0.707106781187,-0.707106781187,0.));
#5623 = ADVANCED_FACE('',(#5624),#5651,.T.);
#5624 = FACE_BOUND('',#5625,.T.);
#5625 = EDGE_LOOP('',(#5626,#5627,#5636,#5644));
#5626 = ORIENTED_EDGE('',*,*,#5605,.T.);
#5627 = ORIENTED_EDGE('',*,*,#5628,.T.);
#5628 = EDGE_CURVE('',#5598,#5629,#5631,.T.);
#5629 = VERTEX_POINT('',#5630);
#5630 = CARTESIAN_POINT('',(124.118718,-67.953204,1.55));
#5631 = CIRCLE('',#5632,0.149999917057);
#5632 = AXIS2_PLACEMENT_3D('',#5633,#5634,#5635);
#5633 = CARTESIAN_POINT('',(124.01265208294,-67.847138,1.55));
#5634 = DIRECTION('',(0.,0.,-1.));
#5635 = DIRECTION('',(0.707106504711,0.707107057662,0.));
#5636 = ORIENTED_EDGE('',*,*,#5637,.F.);
#5637 = EDGE_CURVE('',#5638,#5629,#5640,.T.);
#5638 = VERTEX_POINT('',#5639);
#5639 = CARTESIAN_POINT('',(124.118718,-67.953204,1.51));
#5640 = LINE('',#5641,#5642);
#5641 = CARTESIAN_POINT('',(124.118718,-67.953204,1.51));
#5642 = VECTOR('',#5643,1.);
#5643 = DIRECTION('',(0.,0.,1.));
#5644 = ORIENTED_EDGE('',*,*,#5645,.F.);
#5645 = EDGE_CURVE('',#5606,#5638,#5646,.T.);
#5646 = CIRCLE('',#5647,0.149999917057);
#5647 = AXIS2_PLACEMENT_3D('',#5648,#5649,#5650);
#5648 = CARTESIAN_POINT('',(124.01265208294,-67.847138,1.51));
#5649 = DIRECTION('',(0.,0.,-1.));
#5650 = DIRECTION('',(0.707106504711,0.707107057662,0.));
#5651 = CYLINDRICAL_SURFACE('',#5652,0.149999917057);
#5652 = AXIS2_PLACEMENT_3D('',#5653,#5654,#5655);
#5653 = CARTESIAN_POINT('',(124.01265208294,-67.847138,1.51));
#5654 = DIRECTION('',(0.,0.,-1.));
#5655 = DIRECTION('',(0.707106504711,0.707107057662,0.));
#5656 = ADVANCED_FACE('',(#5657),#5682,.T.);
#5657 = FACE_BOUND('',#5658,.T.);
#5658 = EDGE_LOOP('',(#5659,#5660,#5668,#5676));
#5659 = ORIENTED_EDGE('',*,*,#5637,.T.);
#5660 = ORIENTED_EDGE('',*,*,#5661,.T.);
#5661 = EDGE_CURVE('',#5629,#5662,#5664,.T.);
#5662 = VERTEX_POINT('',#5663);
#5663 = CARTESIAN_POINT('',(123.287868,-68.784054,1.55));
#5664 = LINE('',#5665,#5666);
#5665 = CARTESIAN_POINT('',(124.118718,-67.953204,1.55));
#5666 = VECTOR('',#5667,1.);
#5667 = DIRECTION('',(-0.707106781187,-0.707106781187,0.));
#5668 = ORIENTED_EDGE('',*,*,#5669,.F.);
#5669 = EDGE_CURVE('',#5670,#5662,#5672,.T.);
#5670 = VERTEX_POINT('',#5671);
#5671 = CARTESIAN_POINT('',(123.287868,-68.784054,1.51));
#5672 = LINE('',#5673,#5674);
#5673 = CARTESIAN_POINT('',(123.287868,-68.784054,1.51));
#5674 = VECTOR('',#5675,1.);
#5675 = DIRECTION('',(0.,0.,1.));
#5676 = ORIENTED_EDGE('',*,*,#5677,.F.);
#5677 = EDGE_CURVE('',#5638,#5670,#5678,.T.);
#5678 = LINE('',#5679,#5680);
#5679 = CARTESIAN_POINT('',(124.118718,-67.953204,1.51));
#5680 = VECTOR('',#5681,1.);
#5681 = DIRECTION('',(-0.707106781187,-0.707106781187,0.));
#5682 = PLANE('',#5683);
#5683 = AXIS2_PLACEMENT_3D('',#5684,#5685,#5686);
#5684 = CARTESIAN_POINT('',(124.118718,-67.953204,1.51));
#5685 = DIRECTION('',(0.707106781187,-0.707106781187,0.));
#5686 = DIRECTION('',(-0.707106781187,-0.707106781187,0.));
#5687 = ADVANCED_FACE('',(#5688),#5715,.T.);
#5688 = FACE_BOUND('',#5689,.T.);
#5689 = EDGE_LOOP('',(#5690,#5691,#5700,#5708));
#5690 = ORIENTED_EDGE('',*,*,#5669,.T.);
#5691 = ORIENTED_EDGE('',*,*,#5692,.T.);
#5692 = EDGE_CURVE('',#5662,#5693,#5695,.T.);
#5693 = VERTEX_POINT('',#5694);
#5694 = CARTESIAN_POINT('',(123.075736,-68.784054,1.55));
#5695 = CIRCLE('',#5696,0.149999917057);
#5696 = AXIS2_PLACEMENT_3D('',#5697,#5698,#5699);
#5697 = CARTESIAN_POINT('',(123.181802,-68.67798808294,1.55));
#5698 = DIRECTION('',(-0.,0.,-1.));
#5699 = DIRECTION('',(0.707107057662,-0.707106504711,-0.));
#5700 = ORIENTED_EDGE('',*,*,#5701,.F.);
#5701 = EDGE_CURVE('',#5702,#5693,#5704,.T.);
#5702 = VERTEX_POINT('',#5703);
#5703 = CARTESIAN_POINT('',(123.075736,-68.784054,1.51));
#5704 = LINE('',#5705,#5706);
#5705 = CARTESIAN_POINT('',(123.075736,-68.784054,1.51));
#5706 = VECTOR('',#5707,1.);
#5707 = DIRECTION('',(0.,0.,1.));
#5708 = ORIENTED_EDGE('',*,*,#5709,.F.);
#5709 = EDGE_CURVE('',#5670,#5702,#5710,.T.);
#5710 = CIRCLE('',#5711,0.149999917057);
#5711 = AXIS2_PLACEMENT_3D('',#5712,#5713,#5714);
#5712 = CARTESIAN_POINT('',(123.181802,-68.67798808294,1.51));
#5713 = DIRECTION('',(-0.,0.,-1.));
#5714 = DIRECTION('',(0.707107057662,-0.707106504711,-0.));
#5715 = CYLINDRICAL_SURFACE('',#5716,0.149999917057);
#5716 = AXIS2_PLACEMENT_3D('',#5717,#5718,#5719);
#5717 = CARTESIAN_POINT('',(123.181802,-68.67798808294,1.51));
#5718 = DIRECTION('',(-0.,0.,-1.));
#5719 = DIRECTION('',(0.707107057662,-0.707106504711,-0.));
#5720 = ADVANCED_FACE('',(#5721),#5746,.T.);
#5721 = FACE_BOUND('',#5722,.T.);
#5722 = EDGE_LOOP('',(#5723,#5724,#5732,#5740));
#5723 = ORIENTED_EDGE('',*,*,#5701,.T.);
#5724 = ORIENTED_EDGE('',*,*,#5725,.T.);
#5725 = EDGE_CURVE('',#5693,#5726,#5728,.T.);
#5726 = VERTEX_POINT('',#5727);
#5727 = CARTESIAN_POINT('',(122.863604,-68.571922,1.55));
#5728 = LINE('',#5729,#5730);
#5729 = CARTESIAN_POINT('',(123.075736,-68.784054,1.55));
#5730 = VECTOR('',#5731,1.);
#5731 = DIRECTION('',(-0.707106781187,0.707106781187,0.));
#5732 = ORIENTED_EDGE('',*,*,#5733,.F.);
#5733 = EDGE_CURVE('',#5734,#5726,#5736,.T.);
#5734 = VERTEX_POINT('',#5735);
#5735 = CARTESIAN_POINT('',(122.863604,-68.571922,1.51));
#5736 = LINE('',#5737,#5738);
#5737 = CARTESIAN_POINT('',(122.863604,-68.571922,1.51));
#5738 = VECTOR('',#5739,1.);
#5739 = DIRECTION('',(0.,0.,1.));
#5740 = ORIENTED_EDGE('',*,*,#5741,.F.);
#5741 = EDGE_CURVE('',#5702,#5734,#5742,.T.);
#5742 = LINE('',#5743,#5744);
#5743 = CARTESIAN_POINT('',(123.075736,-68.784054,1.51));
#5744 = VECTOR('',#5745,1.);
#5745 = DIRECTION('',(-0.707106781187,0.707106781187,0.));
#5746 = PLANE('',#5747);
#5747 = AXIS2_PLACEMENT_3D('',#5748,#5749,#5750);
#5748 = CARTESIAN_POINT('',(123.075736,-68.784054,1.51));
#5749 = DIRECTION('',(-0.707106781187,-0.707106781187,0.));
#5750 = DIRECTION('',(-0.707106781187,0.707106781187,0.));
#5751 = ADVANCED_FACE('',(#5752),#5779,.T.);
#5752 = FACE_BOUND('',#5753,.T.);
#5753 = EDGE_LOOP('',(#5754,#5755,#5764,#5772));
#5754 = ORIENTED_EDGE('',*,*,#5733,.T.);
#5755 = ORIENTED_EDGE('',*,*,#5756,.T.);
#5756 = EDGE_CURVE('',#5726,#5757,#5759,.T.);
#5757 = VERTEX_POINT('',#5758);
#5758 = CARTESIAN_POINT('',(122.863604,-68.35979,1.55));
#5759 = CIRCLE('',#5760,0.149999917057);
#5760 = AXIS2_PLACEMENT_3D('',#5761,#5762,#5763);
#5761 = CARTESIAN_POINT('',(122.96966991705,-68.465856,1.55));
#5762 = DIRECTION('',(0.,0.,-1.));
#5763 = DIRECTION('',(-0.707106504711,-0.707107057662,-0.));
#5764 = ORIENTED_EDGE('',*,*,#5765,.F.);
#5765 = EDGE_CURVE('',#5766,#5757,#5768,.T.);
#5766 = VERTEX_POINT('',#5767);
#5767 = CARTESIAN_POINT('',(122.863604,-68.35979,1.51));
#5768 = LINE('',#5769,#5770);
#5769 = CARTESIAN_POINT('',(122.863604,-68.35979,1.51));
#5770 = VECTOR('',#5771,1.);
#5771 = DIRECTION('',(0.,0.,1.));
#5772 = ORIENTED_EDGE('',*,*,#5773,.F.);
#5773 = EDGE_CURVE('',#5734,#5766,#5774,.T.);
#5774 = CIRCLE('',#5775,0.149999917057);
#5775 = AXIS2_PLACEMENT_3D('',#5776,#5777,#5778);
#5776 = CARTESIAN_POINT('',(122.96966991705,-68.465856,1.51));
#5777 = DIRECTION('',(0.,0.,-1.));
#5778 = DIRECTION('',(-0.707106504711,-0.707107057662,-0.));
#5779 = CYLINDRICAL_SURFACE('',#5780,0.149999917057);
#5780 = AXIS2_PLACEMENT_3D('',#5781,#5782,#5783);
#5781 = CARTESIAN_POINT('',(122.96966991705,-68.465856,1.51));
#5782 = DIRECTION('',(0.,0.,-1.));
#5783 = DIRECTION('',(-0.707106504711,-0.707107057662,-0.));
#5784 = ADVANCED_FACE('',(#5785),#5801,.T.);
#5785 = FACE_BOUND('',#5786,.T.);
#5786 = EDGE_LOOP('',(#5787,#5788,#5794,#5795));
#5787 = ORIENTED_EDGE('',*,*,#5765,.T.);
#5788 = ORIENTED_EDGE('',*,*,#5789,.T.);
#5789 = EDGE_CURVE('',#5757,#5557,#5790,.T.);
#5790 = LINE('',#5791,#5792);
#5791 = CARTESIAN_POINT('',(122.863604,-68.35979,1.55));
#5792 = VECTOR('',#5793,1.);
#5793 = DIRECTION('',(0.707106781187,0.707106781187,0.));
#5794 = ORIENTED_EDGE('',*,*,#5554,.F.);
#5795 = ORIENTED_EDGE('',*,*,#5796,.F.);
#5796 = EDGE_CURVE('',#5766,#5555,#5797,.T.);
#5797 = LINE('',#5798,#5799);
#5798 = CARTESIAN_POINT('',(122.863604,-68.35979,1.51));
#5799 = VECTOR('',#5800,1.);
#5800 = DIRECTION('',(0.707106781187,0.707106781187,0.));
#5801 = PLANE('',#5802);
#5802 = AXIS2_PLACEMENT_3D('',#5803,#5804,#5805);
#5803 = CARTESIAN_POINT('',(122.863604,-68.35979,1.51));
#5804 = DIRECTION('',(-0.707106781187,0.707106781187,0.));
#5805 = DIRECTION('',(0.707106781187,0.707106781187,0.));
#5806 = ADVANCED_FACE('',(#5807),#5817,.F.);
#5807 = FACE_BOUND('',#5808,.T.);
#5808 = EDGE_LOOP('',(#5809,#5810,#5811,#5812,#5813,#5814,#5815,#5816));
#5809 = ORIENTED_EDGE('',*,*,#5581,.T.);
#5810 = ORIENTED_EDGE('',*,*,#5613,.T.);
#5811 = ORIENTED_EDGE('',*,*,#5645,.T.);
#5812 = ORIENTED_EDGE('',*,*,#5677,.T.);
#5813 = ORIENTED_EDGE('',*,*,#5709,.T.);
#5814 = ORIENTED_EDGE('',*,*,#5741,.T.);
#5815 = ORIENTED_EDGE('',*,*,#5773,.T.);
#5816 = ORIENTED_EDGE('',*,*,#5796,.T.);
#5817 = PLANE('',#5818);
#5818 = AXIS2_PLACEMENT_3D('',#5819,#5820,#5821);
#5819 = CARTESIAN_POINT('',(0.,0.,1.51));
#5820 = DIRECTION('',(0.,0.,1.));
#5821 = DIRECTION('',(1.,0.,-0.));
#5822 = ADVANCED_FACE('',(#5823),#5833,.T.);
#5823 = FACE_BOUND('',#5824,.F.);
#5824 = EDGE_LOOP('',(#5825,#5826,#5827,#5828,#5829,#5830,#5831,#5832));
#5825 = ORIENTED_EDGE('',*,*,#5564,.T.);
#5826 = ORIENTED_EDGE('',*,*,#5597,.T.);
#5827 = ORIENTED_EDGE('',*,*,#5628,.T.);
#5828 = ORIENTED_EDGE('',*,*,#5661,.T.);
#5829 = ORIENTED_EDGE('',*,*,#5692,.T.);
#5830 = ORIENTED_EDGE('',*,*,#5725,.T.);
#5831 = ORIENTED_EDGE('',*,*,#5756,.T.);
#5832 = ORIENTED_EDGE('',*,*,#5789,.T.);
#5833 = PLANE('',#5834);
#5834 = AXIS2_PLACEMENT_3D('',#5835,#5836,#5837);
#5835 = CARTESIAN_POINT('',(0.,0.,1.55));
#5836 = DIRECTION('',(0.,0.,1.));
#5837 = DIRECTION('',(1.,0.,-0.));
#5838 = MANIFOLD_SOLID_BREP('',#5839);
#5839 = CLOSED_SHELL('',(#5840,#5880,#5911,#5942,#5964,#5976));
#5840 = ADVANCED_FACE('',(#5841),#5875,.T.);
#5841 = FACE_BOUND('',#5842,.T.);
#5842 = EDGE_LOOP('',(#5843,#5853,#5861,#5869));
#5843 = ORIENTED_EDGE('',*,*,#5844,.T.);
#5844 = EDGE_CURVE('',#5845,#5847,#5849,.T.);
#5845 = VERTEX_POINT('',#5846);
#5846 = CARTESIAN_POINT('',(123.,-63.5,1.51));
#5847 = VERTEX_POINT('',#5848);
#5848 = CARTESIAN_POINT('',(123.,-63.5,1.55));
#5849 = LINE('',#5850,#5851);
#5850 = CARTESIAN_POINT('',(123.,-63.5,1.51));
#5851 = VECTOR('',#5852,1.);
#5852 = DIRECTION('',(0.,0.,1.));
#5853 = ORIENTED_EDGE('',*,*,#5854,.T.);
#5854 = EDGE_CURVE('',#5847,#5855,#5857,.T.);
#5855 = VERTEX_POINT('',#5856);
#5856 = CARTESIAN_POINT('',(123.,-60.5,1.55));
#5857 = LINE('',#5858,#5859);
#5858 = CARTESIAN_POINT('',(123.,-63.5,1.55));
#5859 = VECTOR('',#5860,1.);
#5860 = DIRECTION('',(0.,1.,0.));
#5861 = ORIENTED_EDGE('',*,*,#5862,.F.);
#5862 = EDGE_CURVE('',#5863,#5855,#5865,.T.);
#5863 = VERTEX_POINT('',#5864);
#5864 = CARTESIAN_POINT('',(123.,-60.5,1.51));
#5865 = LINE('',#5866,#5867);
#5866 = CARTESIAN_POINT('',(123.,-60.5,1.51));
#5867 = VECTOR('',#5868,1.);
#5868 = DIRECTION('',(0.,0.,1.));
#5869 = ORIENTED_EDGE('',*,*,#5870,.F.);
#5870 = EDGE_CURVE('',#5845,#5863,#5871,.T.);
#5871 = LINE('',#5872,#5873);
#5872 = CARTESIAN_POINT('',(123.,-63.5,1.51));
#5873 = VECTOR('',#5874,1.);
#5874 = DIRECTION('',(0.,1.,0.));
#5875 = PLANE('',#5876);
#5876 = AXIS2_PLACEMENT_3D('',#5877,#5878,#5879);
#5877 = CARTESIAN_POINT('',(123.,-63.5,1.51));
#5878 = DIRECTION('',(-1.,0.,0.));
#5879 = DIRECTION('',(0.,1.,0.));
#5880 = ADVANCED_FACE('',(#5881),#5906,.T.);
#5881 = FACE_BOUND('',#5882,.T.);
#5882 = EDGE_LOOP('',(#5883,#5884,#5892,#5900));
#5883 = ORIENTED_EDGE('',*,*,#5862,.T.);
#5884 = ORIENTED_EDGE('',*,*,#5885,.T.);
#5885 = EDGE_CURVE('',#5855,#5886,#5888,.T.);
#5886 = VERTEX_POINT('',#5887);
#5887 = CARTESIAN_POINT('',(124.,-60.5,1.55));
#5888 = LINE('',#5889,#5890);
#5889 = CARTESIAN_POINT('',(123.,-60.5,1.55));
#5890 = VECTOR('',#5891,1.);
#5891 = DIRECTION('',(1.,0.,0.));
#5892 = ORIENTED_EDGE('',*,*,#5893,.F.);
#5893 = EDGE_CURVE('',#5894,#5886,#5896,.T.);
#5894 = VERTEX_POINT('',#5895);
#5895 = CARTESIAN_POINT('',(124.,-60.5,1.51));
#5896 = LINE('',#5897,#5898);
#5897 = CARTESIAN_POINT('',(124.,-60.5,1.51));
#5898 = VECTOR('',#5899,1.);
#5899 = DIRECTION('',(0.,0.,1.));
#5900 = ORIENTED_EDGE('',*,*,#5901,.F.);
#5901 = EDGE_CURVE('',#5863,#5894,#5902,.T.);
#5902 = LINE('',#5903,#5904);
#5903 = CARTESIAN_POINT('',(123.,-60.5,1.51));
#5904 = VECTOR('',#5905,1.);
#5905 = DIRECTION('',(1.,0.,0.));
#5906 = PLANE('',#5907);
#5907 = AXIS2_PLACEMENT_3D('',#5908,#5909,#5910);
#5908 = CARTESIAN_POINT('',(123.,-60.5,1.51));
#5909 = DIRECTION('',(0.,1.,0.));
#5910 = DIRECTION('',(1.,0.,0.));
#5911 = ADVANCED_FACE('',(#5912),#5937,.T.);
#5912 = FACE_BOUND('',#5913,.T.);
#5913 = EDGE_LOOP('',(#5914,#5915,#5923,#5931));
#5914 = ORIENTED_EDGE('',*,*,#5893,.T.);
#5915 = ORIENTED_EDGE('',*,*,#5916,.T.);
#5916 = EDGE_CURVE('',#5886,#5917,#5919,.T.);
#5917 = VERTEX_POINT('',#5918);
#5918 = CARTESIAN_POINT('',(124.,-63.5,1.55));
#5919 = LINE('',#5920,#5921);
#5920 = CARTESIAN_POINT('',(124.,-60.5,1.55));
#5921 = VECTOR('',#5922,1.);
#5922 = DIRECTION('',(0.,-1.,0.));
#5923 = ORIENTED_EDGE('',*,*,#5924,.F.);
#5924 = EDGE_CURVE('',#5925,#5917,#5927,.T.);
#5925 = VERTEX_POINT('',#5926);
#5926 = CARTESIAN_POINT('',(124.,-63.5,1.51));
#5927 = LINE('',#5928,#5929);
#5928 = CARTESIAN_POINT('',(124.,-63.5,1.51));
#5929 = VECTOR('',#5930,1.);
#5930 = DIRECTION('',(0.,0.,1.));
#5931 = ORIENTED_EDGE('',*,*,#5932,.F.);
#5932 = EDGE_CURVE('',#5894,#5925,#5933,.T.);
#5933 = LINE('',#5934,#5935);
#5934 = CARTESIAN_POINT('',(124.,-60.5,1.51));
#5935 = VECTOR('',#5936,1.);
#5936 = DIRECTION('',(0.,-1.,0.));
#5937 = PLANE('',#5938);
#5938 = AXIS2_PLACEMENT_3D('',#5939,#5940,#5941);
#5939 = CARTESIAN_POINT('',(124.,-60.5,1.51));
#5940 = DIRECTION('',(1.,0.,-0.));
#5941 = DIRECTION('',(0.,-1.,0.));
#5942 = ADVANCED_FACE('',(#5943),#5959,.T.);
#5943 = FACE_BOUND('',#5944,.T.);
#5944 = EDGE_LOOP('',(#5945,#5946,#5952,#5953));
#5945 = ORIENTED_EDGE('',*,*,#5924,.T.);
#5946 = ORIENTED_EDGE('',*,*,#5947,.T.);
#5947 = EDGE_CURVE('',#5917,#5847,#5948,.T.);
#5948 = LINE('',#5949,#5950);
#5949 = CARTESIAN_POINT('',(124.,-63.5,1.55));
#5950 = VECTOR('',#5951,1.);
#5951 = DIRECTION('',(-1.,0.,0.));
#5952 = ORIENTED_EDGE('',*,*,#5844,.F.);
#5953 = ORIENTED_EDGE('',*,*,#5954,.F.);
#5954 = EDGE_CURVE('',#5925,#5845,#5955,.T.);
#5955 = LINE('',#5956,#5957);
#5956 = CARTESIAN_POINT('',(124.,-63.5,1.51));
#5957 = VECTOR('',#5958,1.);
#5958 = DIRECTION('',(-1.,0.,0.));
#5959 = PLANE('',#5960);
#5960 = AXIS2_PLACEMENT_3D('',#5961,#5962,#5963);
#5961 = CARTESIAN_POINT('',(124.,-63.5,1.51));
#5962 = DIRECTION('',(0.,-1.,0.));
#5963 = DIRECTION('',(-1.,0.,0.));
#5964 = ADVANCED_FACE('',(#5965),#5971,.F.);
#5965 = FACE_BOUND('',#5966,.T.);
#5966 = EDGE_LOOP('',(#5967,#5968,#5969,#5970));
#5967 = ORIENTED_EDGE('',*,*,#5870,.T.);
#5968 = ORIENTED_EDGE('',*,*,#5901,.T.);
#5969 = ORIENTED_EDGE('',*,*,#5932,.T.);
#5970 = ORIENTED_EDGE('',*,*,#5954,.T.);
#5971 = PLANE('',#5972);
#5972 = AXIS2_PLACEMENT_3D('',#5973,#5974,#5975);
#5973 = CARTESIAN_POINT('',(0.,0.,1.51));
#5974 = DIRECTION('',(0.,0.,1.));
#5975 = DIRECTION('',(1.,0.,-0.));
#5976 = ADVANCED_FACE('',(#5977),#5983,.T.);
#5977 = FACE_BOUND('',#5978,.F.);
#5978 = EDGE_LOOP('',(#5979,#5980,#5981,#5982));
#5979 = ORIENTED_EDGE('',*,*,#5854,.T.);
#5980 = ORIENTED_EDGE('',*,*,#5885,.T.);
#5981 = ORIENTED_EDGE('',*,*,#5916,.T.);
#5982 = ORIENTED_EDGE('',*,*,#5947,.T.);
#5983 = PLANE('',#5984);
#5984 = AXIS2_PLACEMENT_3D('',#5985,#5986,#5987);
#5985 = CARTESIAN_POINT('',(0.,0.,1.55));
#5986 = DIRECTION('',(0.,0.,1.));
#5987 = DIRECTION('',(1.,0.,-0.));
#5988 = MANIFOLD_SOLID_BREP('',#5989);
#5989 = CLOSED_SHELL('',(#5990,#6032,#6063,#6096,#6127,#6160,#6191,#6224
    ,#6246,#6262));
#5990 = ADVANCED_FACE('',(#5991),#6027,.T.);
#5991 = FACE_BOUND('',#5992,.T.);
#5992 = EDGE_LOOP('',(#5993,#6003,#6012,#6020));
#5993 = ORIENTED_EDGE('',*,*,#5994,.T.);
#5994 = EDGE_CURVE('',#5995,#5997,#5999,.T.);
#5995 = VERTEX_POINT('',#5996);
#5996 = CARTESIAN_POINT('',(122.3375,-64.525,1.51));
#5997 = VERTEX_POINT('',#5998);
#5998 = CARTESIAN_POINT('',(122.3375,-64.525,1.55));
#5999 = LINE('',#6000,#6001);
#6000 = CARTESIAN_POINT('',(122.3375,-64.525,1.51));
#6001 = VECTOR('',#6002,1.);
#6002 = DIRECTION('',(0.,0.,1.));
#6003 = ORIENTED_EDGE('',*,*,#6004,.T.);
#6004 = EDGE_CURVE('',#5997,#6005,#6007,.T.);
#6005 = VERTEX_POINT('',#6006);
#6006 = CARTESIAN_POINT('',(122.5875,-64.275,1.55));
#6007 = CIRCLE('',#6008,0.249998959685);
#6008 = AXIS2_PLACEMENT_3D('',#6009,#6010,#6011);
#6009 = CARTESIAN_POINT('',(122.58749895968,-64.52499895968,1.55));
#6010 = DIRECTION('',(0.,0.,-1.));
#6011 = DIRECTION('',(-0.999999999991,-4.16128589391E-06,-0.));
#6012 = ORIENTED_EDGE('',*,*,#6013,.F.);
#6013 = EDGE_CURVE('',#6014,#6005,#6016,.T.);
#6014 = VERTEX_POINT('',#6015);
#6015 = CARTESIAN_POINT('',(122.5875,-64.275,1.51));
#6016 = LINE('',#6017,#6018);
#6017 = CARTESIAN_POINT('',(122.5875,-64.275,1.51));
#6018 = VECTOR('',#6019,1.);
#6019 = DIRECTION('',(0.,0.,1.));
#6020 = ORIENTED_EDGE('',*,*,#6021,.F.);
#6021 = EDGE_CURVE('',#5995,#6014,#6022,.T.);
#6022 = CIRCLE('',#6023,0.249998959685);
#6023 = AXIS2_PLACEMENT_3D('',#6024,#6025,#6026);
#6024 = CARTESIAN_POINT('',(122.58749895968,-64.52499895968,1.51));
#6025 = DIRECTION('',(0.,0.,-1.));
#6026 = DIRECTION('',(-0.999999999991,-4.16128589391E-06,-0.));
#6027 = CYLINDRICAL_SURFACE('',#6028,0.249998959685);
#6028 = AXIS2_PLACEMENT_3D('',#6029,#6030,#6031);
#6029 = CARTESIAN_POINT('',(122.58749895968,-64.52499895968,1.51));
#6030 = DIRECTION('',(0.,0.,-1.));
#6031 = DIRECTION('',(-0.999999999991,-4.16128589391E-06,-0.));
#6032 = ADVANCED_FACE('',(#6033),#6058,.T.);
#6033 = FACE_BOUND('',#6034,.T.);
#6034 = EDGE_LOOP('',(#6035,#6036,#6044,#6052));
#6035 = ORIENTED_EDGE('',*,*,#6013,.T.);
#6036 = ORIENTED_EDGE('',*,*,#6037,.T.);
#6037 = EDGE_CURVE('',#6005,#6038,#6040,.T.);
#6038 = VERTEX_POINT('',#6039);
#6039 = CARTESIAN_POINT('',(123.2625,-64.275,1.55));
#6040 = LINE('',#6041,#6042);
#6041 = CARTESIAN_POINT('',(122.5875,-64.275,1.55));
#6042 = VECTOR('',#6043,1.);
#6043 = DIRECTION('',(1.,0.,0.));
#6044 = ORIENTED_EDGE('',*,*,#6045,.F.);
#6045 = EDGE_CURVE('',#6046,#6038,#6048,.T.);
#6046 = VERTEX_POINT('',#6047);
#6047 = CARTESIAN_POINT('',(123.2625,-64.275,1.51));
#6048 = LINE('',#6049,#6050);
#6049 = CARTESIAN_POINT('',(123.2625,-64.275,1.51));
#6050 = VECTOR('',#6051,1.);
#6051 = DIRECTION('',(0.,0.,1.));
#6052 = ORIENTED_EDGE('',*,*,#6053,.F.);
#6053 = EDGE_CURVE('',#6014,#6046,#6054,.T.);
#6054 = LINE('',#6055,#6056);
#6055 = CARTESIAN_POINT('',(122.5875,-64.275,1.51));
#6056 = VECTOR('',#6057,1.);
#6057 = DIRECTION('',(1.,0.,0.));
#6058 = PLANE('',#6059);
#6059 = AXIS2_PLACEMENT_3D('',#6060,#6061,#6062);
#6060 = CARTESIAN_POINT('',(122.5875,-64.275,1.51));
#6061 = DIRECTION('',(0.,1.,0.));
#6062 = DIRECTION('',(1.,0.,0.));
#6063 = ADVANCED_FACE('',(#6064),#6091,.T.);
#6064 = FACE_BOUND('',#6065,.T.);
#6065 = EDGE_LOOP('',(#6066,#6067,#6076,#6084));
#6066 = ORIENTED_EDGE('',*,*,#6045,.T.);
#6067 = ORIENTED_EDGE('',*,*,#6068,.T.);
#6068 = EDGE_CURVE('',#6038,#6069,#6071,.T.);
#6069 = VERTEX_POINT('',#6070);
#6070 = CARTESIAN_POINT('',(123.5125,-64.525,1.55));
#6071 = CIRCLE('',#6072,0.249998959685);
#6072 = AXIS2_PLACEMENT_3D('',#6073,#6074,#6075);
#6073 = CARTESIAN_POINT('',(123.26250104031,-64.52499895968,1.55));
#6074 = DIRECTION('',(0.,0.,-1.));
#6075 = DIRECTION('',(-4.161285837067E-06,0.999999999991,0.));
#6076 = ORIENTED_EDGE('',*,*,#6077,.F.);
#6077 = EDGE_CURVE('',#6078,#6069,#6080,.T.);
#6078 = VERTEX_POINT('',#6079);
#6079 = CARTESIAN_POINT('',(123.5125,-64.525,1.51));
#6080 = LINE('',#6081,#6082);
#6081 = CARTESIAN_POINT('',(123.5125,-64.525,1.51));
#6082 = VECTOR('',#6083,1.);
#6083 = DIRECTION('',(0.,0.,1.));
#6084 = ORIENTED_EDGE('',*,*,#6085,.F.);
#6085 = EDGE_CURVE('',#6046,#6078,#6086,.T.);
#6086 = CIRCLE('',#6087,0.249998959685);
#6087 = AXIS2_PLACEMENT_3D('',#6088,#6089,#6090);
#6088 = CARTESIAN_POINT('',(123.26250104031,-64.52499895968,1.51));
#6089 = DIRECTION('',(0.,0.,-1.));
#6090 = DIRECTION('',(-4.161285837067E-06,0.999999999991,0.));
#6091 = CYLINDRICAL_SURFACE('',#6092,0.249998959685);
#6092 = AXIS2_PLACEMENT_3D('',#6093,#6094,#6095);
#6093 = CARTESIAN_POINT('',(123.26250104031,-64.52499895968,1.51));
#6094 = DIRECTION('',(0.,0.,-1.));
#6095 = DIRECTION('',(-4.161285837067E-06,0.999999999991,0.));
#6096 = ADVANCED_FACE('',(#6097),#6122,.T.);
#6097 = FACE_BOUND('',#6098,.T.);
#6098 = EDGE_LOOP('',(#6099,#6100,#6108,#6116));
#6099 = ORIENTED_EDGE('',*,*,#6077,.T.);
#6100 = ORIENTED_EDGE('',*,*,#6101,.T.);
#6101 = EDGE_CURVE('',#6069,#6102,#6104,.T.);
#6102 = VERTEX_POINT('',#6103);
#6103 = CARTESIAN_POINT('',(123.5125,-65.475,1.55));
#6104 = LINE('',#6105,#6106);
#6105 = CARTESIAN_POINT('',(123.5125,-64.525,1.55));
#6106 = VECTOR('',#6107,1.);
#6107 = DIRECTION('',(0.,-1.,0.));
#6108 = ORIENTED_EDGE('',*,*,#6109,.F.);
#6109 = EDGE_CURVE('',#6110,#6102,#6112,.T.);
#6110 = VERTEX_POINT('',#6111);
#6111 = CARTESIAN_POINT('',(123.5125,-65.475,1.51));
#6112 = LINE('',#6113,#6114);
#6113 = CARTESIAN_POINT('',(123.5125,-65.475,1.51));
#6114 = VECTOR('',#6115,1.);
#6115 = DIRECTION('',(0.,0.,1.));
#6116 = ORIENTED_EDGE('',*,*,#6117,.F.);
#6117 = EDGE_CURVE('',#6078,#6110,#6118,.T.);
#6118 = LINE('',#6119,#6120);
#6119 = CARTESIAN_POINT('',(123.5125,-64.525,1.51));
#6120 = VECTOR('',#6121,1.);
#6121 = DIRECTION('',(0.,-1.,0.));
#6122 = PLANE('',#6123);
#6123 = AXIS2_PLACEMENT_3D('',#6124,#6125,#6126);
#6124 = CARTESIAN_POINT('',(123.5125,-64.525,1.51));
#6125 = DIRECTION('',(1.,0.,-0.));
#6126 = DIRECTION('',(0.,-1.,0.));
#6127 = ADVANCED_FACE('',(#6128),#6155,.T.);
#6128 = FACE_BOUND('',#6129,.T.);
#6129 = EDGE_LOOP('',(#6130,#6131,#6140,#6148));
#6130 = ORIENTED_EDGE('',*,*,#6109,.T.);
#6131 = ORIENTED_EDGE('',*,*,#6132,.T.);
#6132 = EDGE_CURVE('',#6102,#6133,#6135,.T.);
#6133 = VERTEX_POINT('',#6134);
#6134 = CARTESIAN_POINT('',(123.2625,-65.725,1.55));
#6135 = CIRCLE('',#6136,0.249998959685);
#6136 = AXIS2_PLACEMENT_3D('',#6137,#6138,#6139);
#6137 = CARTESIAN_POINT('',(123.26250104031,-65.47500104031,1.55));
#6138 = DIRECTION('',(0.,0.,-1.));
#6139 = DIRECTION('',(0.999999999991,4.16128589391E-06,0.));
#6140 = ORIENTED_EDGE('',*,*,#6141,.F.);
#6141 = EDGE_CURVE('',#6142,#6133,#6144,.T.);
#6142 = VERTEX_POINT('',#6143);
#6143 = CARTESIAN_POINT('',(123.2625,-65.725,1.51));
#6144 = LINE('',#6145,#6146);
#6145 = CARTESIAN_POINT('',(123.2625,-65.725,1.51));
#6146 = VECTOR('',#6147,1.);
#6147 = DIRECTION('',(0.,0.,1.));
#6148 = ORIENTED_EDGE('',*,*,#6149,.F.);
#6149 = EDGE_CURVE('',#6110,#6142,#6150,.T.);
#6150 = CIRCLE('',#6151,0.249998959685);
#6151 = AXIS2_PLACEMENT_3D('',#6152,#6153,#6154);
#6152 = CARTESIAN_POINT('',(123.26250104031,-65.47500104031,1.51));
#6153 = DIRECTION('',(0.,0.,-1.));
#6154 = DIRECTION('',(0.999999999991,4.16128589391E-06,0.));
#6155 = CYLINDRICAL_SURFACE('',#6156,0.249998959685);
#6156 = AXIS2_PLACEMENT_3D('',#6157,#6158,#6159);
#6157 = CARTESIAN_POINT('',(123.26250104031,-65.47500104031,1.51));
#6158 = DIRECTION('',(0.,0.,-1.));
#6159 = DIRECTION('',(0.999999999991,4.16128589391E-06,0.));
#6160 = ADVANCED_FACE('',(#6161),#6186,.T.);
#6161 = FACE_BOUND('',#6162,.T.);
#6162 = EDGE_LOOP('',(#6163,#6164,#6172,#6180));
#6163 = ORIENTED_EDGE('',*,*,#6141,.T.);
#6164 = ORIENTED_EDGE('',*,*,#6165,.T.);
#6165 = EDGE_CURVE('',#6133,#6166,#6168,.T.);
#6166 = VERTEX_POINT('',#6167);
#6167 = CARTESIAN_POINT('',(122.5875,-65.725,1.55));
#6168 = LINE('',#6169,#6170);
#6169 = CARTESIAN_POINT('',(123.2625,-65.725,1.55));
#6170 = VECTOR('',#6171,1.);
#6171 = DIRECTION('',(-1.,0.,0.));
#6172 = ORIENTED_EDGE('',*,*,#6173,.F.);
#6173 = EDGE_CURVE('',#6174,#6166,#6176,.T.);
#6174 = VERTEX_POINT('',#6175);
#6175 = CARTESIAN_POINT('',(122.5875,-65.725,1.51));
#6176 = LINE('',#6177,#6178);
#6177 = CARTESIAN_POINT('',(122.5875,-65.725,1.51));
#6178 = VECTOR('',#6179,1.);
#6179 = DIRECTION('',(0.,0.,1.));
#6180 = ORIENTED_EDGE('',*,*,#6181,.F.);
#6181 = EDGE_CURVE('',#6142,#6174,#6182,.T.);
#6182 = LINE('',#6183,#6184);
#6183 = CARTESIAN_POINT('',(123.2625,-65.725,1.51));
#6184 = VECTOR('',#6185,1.);
#6185 = DIRECTION('',(-1.,0.,0.));
#6186 = PLANE('',#6187);
#6187 = AXIS2_PLACEMENT_3D('',#6188,#6189,#6190);
#6188 = CARTESIAN_POINT('',(123.2625,-65.725,1.51));
#6189 = DIRECTION('',(0.,-1.,0.));
#6190 = DIRECTION('',(-1.,0.,0.));
#6191 = ADVANCED_FACE('',(#6192),#6219,.T.);
#6192 = FACE_BOUND('',#6193,.T.);
#6193 = EDGE_LOOP('',(#6194,#6195,#6204,#6212));
#6194 = ORIENTED_EDGE('',*,*,#6173,.T.);
#6195 = ORIENTED_EDGE('',*,*,#6196,.T.);
#6196 = EDGE_CURVE('',#6166,#6197,#6199,.T.);
#6197 = VERTEX_POINT('',#6198);
#6198 = CARTESIAN_POINT('',(122.3375,-65.475,1.55));
#6199 = CIRCLE('',#6200,0.249998959685);
#6200 = AXIS2_PLACEMENT_3D('',#6201,#6202,#6203);
#6201 = CARTESIAN_POINT('',(122.58749895968,-65.47500104031,1.55));
#6202 = DIRECTION('',(0.,0.,-1.));
#6203 = DIRECTION('',(4.16128589391E-06,-0.999999999991,0.));
#6204 = ORIENTED_EDGE('',*,*,#6205,.F.);
#6205 = EDGE_CURVE('',#6206,#6197,#6208,.T.);
#6206 = VERTEX_POINT('',#6207);
#6207 = CARTESIAN_POINT('',(122.3375,-65.475,1.51));
#6208 = LINE('',#6209,#6210);
#6209 = CARTESIAN_POINT('',(122.3375,-65.475,1.51));
#6210 = VECTOR('',#6211,1.);
#6211 = DIRECTION('',(0.,0.,1.));
#6212 = ORIENTED_EDGE('',*,*,#6213,.F.);
#6213 = EDGE_CURVE('',#6174,#6206,#6214,.T.);
#6214 = CIRCLE('',#6215,0.249998959685);
#6215 = AXIS2_PLACEMENT_3D('',#6216,#6217,#6218);
#6216 = CARTESIAN_POINT('',(122.58749895968,-65.47500104031,1.51));
#6217 = DIRECTION('',(0.,0.,-1.));
#6218 = DIRECTION('',(4.16128589391E-06,-0.999999999991,0.));
#6219 = CYLINDRICAL_SURFACE('',#6220,0.249998959685);
#6220 = AXIS2_PLACEMENT_3D('',#6221,#6222,#6223);
#6221 = CARTESIAN_POINT('',(122.58749895968,-65.47500104031,1.51));
#6222 = DIRECTION('',(0.,0.,-1.));
#6223 = DIRECTION('',(4.16128589391E-06,-0.999999999991,0.));
#6224 = ADVANCED_FACE('',(#6225),#6241,.T.);
#6225 = FACE_BOUND('',#6226,.T.);
#6226 = EDGE_LOOP('',(#6227,#6228,#6234,#6235));
#6227 = ORIENTED_EDGE('',*,*,#6205,.T.);
#6228 = ORIENTED_EDGE('',*,*,#6229,.T.);
#6229 = EDGE_CURVE('',#6197,#5997,#6230,.T.);
#6230 = LINE('',#6231,#6232);
#6231 = CARTESIAN_POINT('',(122.3375,-65.475,1.55));
#6232 = VECTOR('',#6233,1.);
#6233 = DIRECTION('',(0.,1.,0.));
#6234 = ORIENTED_EDGE('',*,*,#5994,.F.);
#6235 = ORIENTED_EDGE('',*,*,#6236,.F.);
#6236 = EDGE_CURVE('',#6206,#5995,#6237,.T.);
#6237 = LINE('',#6238,#6239);
#6238 = CARTESIAN_POINT('',(122.3375,-65.475,1.51));
#6239 = VECTOR('',#6240,1.);
#6240 = DIRECTION('',(0.,1.,0.));
#6241 = PLANE('',#6242);
#6242 = AXIS2_PLACEMENT_3D('',#6243,#6244,#6245);
#6243 = CARTESIAN_POINT('',(122.3375,-65.475,1.51));
#6244 = DIRECTION('',(-1.,0.,0.));
#6245 = DIRECTION('',(0.,1.,0.));
#6246 = ADVANCED_FACE('',(#6247),#6257,.F.);
#6247 = FACE_BOUND('',#6248,.T.);
#6248 = EDGE_LOOP('',(#6249,#6250,#6251,#6252,#6253,#6254,#6255,#6256));
#6249 = ORIENTED_EDGE('',*,*,#6021,.T.);
#6250 = ORIENTED_EDGE('',*,*,#6053,.T.);
#6251 = ORIENTED_EDGE('',*,*,#6085,.T.);
#6252 = ORIENTED_EDGE('',*,*,#6117,.T.);
#6253 = ORIENTED_EDGE('',*,*,#6149,.T.);
#6254 = ORIENTED_EDGE('',*,*,#6181,.T.);
#6255 = ORIENTED_EDGE('',*,*,#6213,.T.);
#6256 = ORIENTED_EDGE('',*,*,#6236,.T.);
#6257 = PLANE('',#6258);
#6258 = AXIS2_PLACEMENT_3D('',#6259,#6260,#6261);
#6259 = CARTESIAN_POINT('',(0.,0.,1.51));
#6260 = DIRECTION('',(0.,0.,1.));
#6261 = DIRECTION('',(1.,0.,-0.));
#6262 = ADVANCED_FACE('',(#6263),#6273,.T.);
#6263 = FACE_BOUND('',#6264,.F.);
#6264 = EDGE_LOOP('',(#6265,#6266,#6267,#6268,#6269,#6270,#6271,#6272));
#6265 = ORIENTED_EDGE('',*,*,#6004,.T.);
#6266 = ORIENTED_EDGE('',*,*,#6037,.T.);
#6267 = ORIENTED_EDGE('',*,*,#6068,.T.);
#6268 = ORIENTED_EDGE('',*,*,#6101,.T.);
#6269 = ORIENTED_EDGE('',*,*,#6132,.T.);
#6270 = ORIENTED_EDGE('',*,*,#6165,.T.);
#6271 = ORIENTED_EDGE('',*,*,#6196,.T.);
#6272 = ORIENTED_EDGE('',*,*,#6229,.T.);
#6273 = PLANE('',#6274);
#6274 = AXIS2_PLACEMENT_3D('',#6275,#6276,#6277);
#6275 = CARTESIAN_POINT('',(0.,0.,1.55));
#6276 = DIRECTION('',(0.,0.,1.));
#6277 = DIRECTION('',(1.,0.,-0.));
#6278 = MANIFOLD_SOLID_BREP('',#6279);
#6279 = CLOSED_SHELL('',(#6280,#6322,#6353,#6386,#6417,#6450,#6481,#6514
    ,#6536,#6552));
#6280 = ADVANCED_FACE('',(#6281),#6317,.T.);
#6281 = FACE_BOUND('',#6282,.T.);
#6282 = EDGE_LOOP('',(#6283,#6293,#6302,#6310));
#6283 = ORIENTED_EDGE('',*,*,#6284,.T.);
#6284 = EDGE_CURVE('',#6285,#6287,#6289,.T.);
#6285 = VERTEX_POINT('',#6286);
#6286 = CARTESIAN_POINT('',(125.037957,-68.872443,1.51));
#6287 = VERTEX_POINT('',#6288);
#6288 = CARTESIAN_POINT('',(125.037957,-68.872443,1.55));
#6289 = LINE('',#6290,#6291);
#6290 = CARTESIAN_POINT('',(125.037957,-68.872443,1.51));
#6291 = VECTOR('',#6292,1.);
#6292 = DIRECTION('',(0.,0.,1.));
#6293 = ORIENTED_EDGE('',*,*,#6294,.T.);
#6294 = EDGE_CURVE('',#6287,#6295,#6297,.T.);
#6295 = VERTEX_POINT('',#6296);
#6296 = CARTESIAN_POINT('',(125.250089,-68.872443,1.55));
#6297 = CIRCLE('',#6298,0.149999917057);
#6298 = AXIS2_PLACEMENT_3D('',#6299,#6300,#6301);
#6299 = CARTESIAN_POINT('',(125.144023,-68.97850891705,1.55));
#6300 = DIRECTION('',(0.,0.,-1.));
#6301 = DIRECTION('',(-0.707107057662,0.707106504711,0.));
#6302 = ORIENTED_EDGE('',*,*,#6303,.F.);
#6303 = EDGE_CURVE('',#6304,#6295,#6306,.T.);
#6304 = VERTEX_POINT('',#6305);
#6305 = CARTESIAN_POINT('',(125.250089,-68.872443,1.51));
#6306 = LINE('',#6307,#6308);
#6307 = CARTESIAN_POINT('',(125.250089,-68.872443,1.51));
#6308 = VECTOR('',#6309,1.);
#6309 = DIRECTION('',(0.,0.,1.));
#6310 = ORIENTED_EDGE('',*,*,#6311,.F.);
#6311 = EDGE_CURVE('',#6285,#6304,#6312,.T.);
#6312 = CIRCLE('',#6313,0.149999917057);
#6313 = AXIS2_PLACEMENT_3D('',#6314,#6315,#6316);
#6314 = CARTESIAN_POINT('',(125.144023,-68.97850891705,1.51));
#6315 = DIRECTION('',(0.,0.,-1.));
#6316 = DIRECTION('',(-0.707107057662,0.707106504711,0.));
#6317 = CYLINDRICAL_SURFACE('',#6318,0.149999917057);
#6318 = AXIS2_PLACEMENT_3D('',#6319,#6320,#6321);
#6319 = CARTESIAN_POINT('',(125.144023,-68.97850891705,1.51));
#6320 = DIRECTION('',(0.,0.,-1.));
#6321 = DIRECTION('',(-0.707107057662,0.707106504711,0.));
#6322 = ADVANCED_FACE('',(#6323),#6348,.T.);
#6323 = FACE_BOUND('',#6324,.T.);
#6324 = EDGE_LOOP('',(#6325,#6326,#6334,#6342));
#6325 = ORIENTED_EDGE('',*,*,#6303,.T.);
#6326 = ORIENTED_EDGE('',*,*,#6327,.T.);
#6327 = EDGE_CURVE('',#6295,#6328,#6330,.T.);
#6328 = VERTEX_POINT('',#6329);
#6329 = CARTESIAN_POINT('',(125.462221,-69.084575,1.55));
#6330 = LINE('',#6331,#6332);
#6331 = CARTESIAN_POINT('',(125.250089,-68.872443,1.55));
#6332 = VECTOR('',#6333,1.);
#6333 = DIRECTION('',(0.707106781187,-0.707106781187,0.));
#6334 = ORIENTED_EDGE('',*,*,#6335,.F.);
#6335 = EDGE_CURVE('',#6336,#6328,#6338,.T.);
#6336 = VERTEX_POINT('',#6337);
#6337 = CARTESIAN_POINT('',(125.462221,-69.084575,1.51));
#6338 = LINE('',#6339,#6340);
#6339 = CARTESIAN_POINT('',(125.462221,-69.084575,1.51));
#6340 = VECTOR('',#6341,1.);
#6341 = DIRECTION('',(0.,0.,1.));
#6342 = ORIENTED_EDGE('',*,*,#6343,.F.);
#6343 = EDGE_CURVE('',#6304,#6336,#6344,.T.);
#6344 = LINE('',#6345,#6346);
#6345 = CARTESIAN_POINT('',(125.250089,-68.872443,1.51));
#6346 = VECTOR('',#6347,1.);
#6347 = DIRECTION('',(0.707106781187,-0.707106781187,0.));
#6348 = PLANE('',#6349);
#6349 = AXIS2_PLACEMENT_3D('',#6350,#6351,#6352);
#6350 = CARTESIAN_POINT('',(125.250089,-68.872443,1.51));
#6351 = DIRECTION('',(0.707106781187,0.707106781187,-0.));
#6352 = DIRECTION('',(0.707106781187,-0.707106781187,0.));
#6353 = ADVANCED_FACE('',(#6354),#6381,.T.);
#6354 = FACE_BOUND('',#6355,.T.);
#6355 = EDGE_LOOP('',(#6356,#6357,#6366,#6374));
#6356 = ORIENTED_EDGE('',*,*,#6335,.T.);
#6357 = ORIENTED_EDGE('',*,*,#6358,.T.);
#6358 = EDGE_CURVE('',#6328,#6359,#6361,.T.);
#6359 = VERTEX_POINT('',#6360);
#6360 = CARTESIAN_POINT('',(125.462221,-69.296707,1.55));
#6361 = CIRCLE('',#6362,0.149999917057);
#6362 = AXIS2_PLACEMENT_3D('',#6363,#6364,#6365);
#6363 = CARTESIAN_POINT('',(125.35615508294,-69.190641,1.55));
#6364 = DIRECTION('',(0.,0.,-1.));
#6365 = DIRECTION('',(0.707106504711,0.707107057662,0.));
#6366 = ORIENTED_EDGE('',*,*,#6367,.F.);
#6367 = EDGE_CURVE('',#6368,#6359,#6370,.T.);
#6368 = VERTEX_POINT('',#6369);
#6369 = CARTESIAN_POINT('',(125.462221,-69.296707,1.51));
#6370 = LINE('',#6371,#6372);
#6371 = CARTESIAN_POINT('',(125.462221,-69.296707,1.51));
#6372 = VECTOR('',#6373,1.);
#6373 = DIRECTION('',(0.,0.,1.));
#6374 = ORIENTED_EDGE('',*,*,#6375,.F.);
#6375 = EDGE_CURVE('',#6336,#6368,#6376,.T.);
#6376 = CIRCLE('',#6377,0.149999917057);
#6377 = AXIS2_PLACEMENT_3D('',#6378,#6379,#6380);
#6378 = CARTESIAN_POINT('',(125.35615508294,-69.190641,1.51));
#6379 = DIRECTION('',(0.,0.,-1.));
#6380 = DIRECTION('',(0.707106504711,0.707107057662,0.));
#6381 = CYLINDRICAL_SURFACE('',#6382,0.149999917057);
#6382 = AXIS2_PLACEMENT_3D('',#6383,#6384,#6385);
#6383 = CARTESIAN_POINT('',(125.35615508294,-69.190641,1.51));
#6384 = DIRECTION('',(0.,0.,-1.));
#6385 = DIRECTION('',(0.707106504711,0.707107057662,0.));
#6386 = ADVANCED_FACE('',(#6387),#6412,.T.);
#6387 = FACE_BOUND('',#6388,.T.);
#6388 = EDGE_LOOP('',(#6389,#6390,#6398,#6406));
#6389 = ORIENTED_EDGE('',*,*,#6367,.T.);
#6390 = ORIENTED_EDGE('',*,*,#6391,.T.);
#6391 = EDGE_CURVE('',#6359,#6392,#6394,.T.);
#6392 = VERTEX_POINT('',#6393);
#6393 = CARTESIAN_POINT('',(124.631371,-70.127557,1.55));
#6394 = LINE('',#6395,#6396);
#6395 = CARTESIAN_POINT('',(125.462221,-69.296707,1.55));
#6396 = VECTOR('',#6397,1.);
#6397 = DIRECTION('',(-0.707106781187,-0.707106781187,0.));
#6398 = ORIENTED_EDGE('',*,*,#6399,.F.);
#6399 = EDGE_CURVE('',#6400,#6392,#6402,.T.);
#6400 = VERTEX_POINT('',#6401);
#6401 = CARTESIAN_POINT('',(124.631371,-70.127557,1.51));
#6402 = LINE('',#6403,#6404);
#6403 = CARTESIAN_POINT('',(124.631371,-70.127557,1.51));
#6404 = VECTOR('',#6405,1.);
#6405 = DIRECTION('',(0.,0.,1.));
#6406 = ORIENTED_EDGE('',*,*,#6407,.F.);
#6407 = EDGE_CURVE('',#6368,#6400,#6408,.T.);
#6408 = LINE('',#6409,#6410);
#6409 = CARTESIAN_POINT('',(125.462221,-69.296707,1.51));
#6410 = VECTOR('',#6411,1.);
#6411 = DIRECTION('',(-0.707106781187,-0.707106781187,0.));
#6412 = PLANE('',#6413);
#6413 = AXIS2_PLACEMENT_3D('',#6414,#6415,#6416);
#6414 = CARTESIAN_POINT('',(125.462221,-69.296707,1.51));
#6415 = DIRECTION('',(0.707106781187,-0.707106781187,0.));
#6416 = DIRECTION('',(-0.707106781187,-0.707106781187,0.));
#6417 = ADVANCED_FACE('',(#6418),#6445,.T.);
#6418 = FACE_BOUND('',#6419,.T.);
#6419 = EDGE_LOOP('',(#6420,#6421,#6430,#6438));
#6420 = ORIENTED_EDGE('',*,*,#6399,.T.);
#6421 = ORIENTED_EDGE('',*,*,#6422,.T.);
#6422 = EDGE_CURVE('',#6392,#6423,#6425,.T.);
#6423 = VERTEX_POINT('',#6424);
#6424 = CARTESIAN_POINT('',(124.419239,-70.127557,1.55));
#6425 = CIRCLE('',#6426,0.149999917057);
#6426 = AXIS2_PLACEMENT_3D('',#6427,#6428,#6429);
#6427 = CARTESIAN_POINT('',(124.525305,-70.02149108294,1.55));
#6428 = DIRECTION('',(-0.,0.,-1.));
#6429 = DIRECTION('',(0.707107057662,-0.707106504711,-0.));
#6430 = ORIENTED_EDGE('',*,*,#6431,.F.);
#6431 = EDGE_CURVE('',#6432,#6423,#6434,.T.);
#6432 = VERTEX_POINT('',#6433);
#6433 = CARTESIAN_POINT('',(124.419239,-70.127557,1.51));
#6434 = LINE('',#6435,#6436);
#6435 = CARTESIAN_POINT('',(124.419239,-70.127557,1.51));
#6436 = VECTOR('',#6437,1.);
#6437 = DIRECTION('',(0.,0.,1.));
#6438 = ORIENTED_EDGE('',*,*,#6439,.F.);
#6439 = EDGE_CURVE('',#6400,#6432,#6440,.T.);
#6440 = CIRCLE('',#6441,0.149999917057);
#6441 = AXIS2_PLACEMENT_3D('',#6442,#6443,#6444);
#6442 = CARTESIAN_POINT('',(124.525305,-70.02149108294,1.51));
#6443 = DIRECTION('',(-0.,0.,-1.));
#6444 = DIRECTION('',(0.707107057662,-0.707106504711,-0.));
#6445 = CYLINDRICAL_SURFACE('',#6446,0.149999917057);
#6446 = AXIS2_PLACEMENT_3D('',#6447,#6448,#6449);
#6447 = CARTESIAN_POINT('',(124.525305,-70.02149108294,1.51));
#6448 = DIRECTION('',(-0.,0.,-1.));
#6449 = DIRECTION('',(0.707107057662,-0.707106504711,-0.));
#6450 = ADVANCED_FACE('',(#6451),#6476,.T.);
#6451 = FACE_BOUND('',#6452,.T.);
#6452 = EDGE_LOOP('',(#6453,#6454,#6462,#6470));
#6453 = ORIENTED_EDGE('',*,*,#6431,.T.);
#6454 = ORIENTED_EDGE('',*,*,#6455,.T.);
#6455 = EDGE_CURVE('',#6423,#6456,#6458,.T.);
#6456 = VERTEX_POINT('',#6457);
#6457 = CARTESIAN_POINT('',(124.207107,-69.915425,1.55));
#6458 = LINE('',#6459,#6460);
#6459 = CARTESIAN_POINT('',(124.419239,-70.127557,1.55));
#6460 = VECTOR('',#6461,1.);
#6461 = DIRECTION('',(-0.707106781187,0.707106781187,0.));
#6462 = ORIENTED_EDGE('',*,*,#6463,.F.);
#6463 = EDGE_CURVE('',#6464,#6456,#6466,.T.);
#6464 = VERTEX_POINT('',#6465);
#6465 = CARTESIAN_POINT('',(124.207107,-69.915425,1.51));
#6466 = LINE('',#6467,#6468);
#6467 = CARTESIAN_POINT('',(124.207107,-69.915425,1.51));
#6468 = VECTOR('',#6469,1.);
#6469 = DIRECTION('',(0.,0.,1.));
#6470 = ORIENTED_EDGE('',*,*,#6471,.F.);
#6471 = EDGE_CURVE('',#6432,#6464,#6472,.T.);
#6472 = LINE('',#6473,#6474);
#6473 = CARTESIAN_POINT('',(124.419239,-70.127557,1.51));
#6474 = VECTOR('',#6475,1.);
#6475 = DIRECTION('',(-0.707106781187,0.707106781187,0.));
#6476 = PLANE('',#6477);
#6477 = AXIS2_PLACEMENT_3D('',#6478,#6479,#6480);
#6478 = CARTESIAN_POINT('',(124.419239,-70.127557,1.51));
#6479 = DIRECTION('',(-0.707106781187,-0.707106781187,0.));
#6480 = DIRECTION('',(-0.707106781187,0.707106781187,0.));
#6481 = ADVANCED_FACE('',(#6482),#6509,.T.);
#6482 = FACE_BOUND('',#6483,.T.);
#6483 = EDGE_LOOP('',(#6484,#6485,#6494,#6502));
#6484 = ORIENTED_EDGE('',*,*,#6463,.T.);
#6485 = ORIENTED_EDGE('',*,*,#6486,.T.);
#6486 = EDGE_CURVE('',#6456,#6487,#6489,.T.);
#6487 = VERTEX_POINT('',#6488);
#6488 = CARTESIAN_POINT('',(124.207107,-69.703293,1.55));
#6489 = CIRCLE('',#6490,0.149999917057);
#6490 = AXIS2_PLACEMENT_3D('',#6491,#6492,#6493);
#6491 = CARTESIAN_POINT('',(124.31317291705,-69.809359,1.55));
#6492 = DIRECTION('',(0.,0.,-1.));
#6493 = DIRECTION('',(-0.707106504711,-0.707107057662,-0.));
#6494 = ORIENTED_EDGE('',*,*,#6495,.F.);
#6495 = EDGE_CURVE('',#6496,#6487,#6498,.T.);
#6496 = VERTEX_POINT('',#6497);
#6497 = CARTESIAN_POINT('',(124.207107,-69.703293,1.51));
#6498 = LINE('',#6499,#6500);
#6499 = CARTESIAN_POINT('',(124.207107,-69.703293,1.51));
#6500 = VECTOR('',#6501,1.);
#6501 = DIRECTION('',(0.,0.,1.));
#6502 = ORIENTED_EDGE('',*,*,#6503,.F.);
#6503 = EDGE_CURVE('',#6464,#6496,#6504,.T.);
#6504 = CIRCLE('',#6505,0.149999917057);
#6505 = AXIS2_PLACEMENT_3D('',#6506,#6507,#6508);
#6506 = CARTESIAN_POINT('',(124.31317291705,-69.809359,1.51));
#6507 = DIRECTION('',(0.,0.,-1.));
#6508 = DIRECTION('',(-0.707106504711,-0.707107057662,-0.));
#6509 = CYLINDRICAL_SURFACE('',#6510,0.149999917057);
#6510 = AXIS2_PLACEMENT_3D('',#6511,#6512,#6513);
#6511 = CARTESIAN_POINT('',(124.31317291705,-69.809359,1.51));
#6512 = DIRECTION('',(0.,0.,-1.));
#6513 = DIRECTION('',(-0.707106504711,-0.707107057662,-0.));
#6514 = ADVANCED_FACE('',(#6515),#6531,.T.);
#6515 = FACE_BOUND('',#6516,.T.);
#6516 = EDGE_LOOP('',(#6517,#6518,#6524,#6525));
#6517 = ORIENTED_EDGE('',*,*,#6495,.T.);
#6518 = ORIENTED_EDGE('',*,*,#6519,.T.);
#6519 = EDGE_CURVE('',#6487,#6287,#6520,.T.);
#6520 = LINE('',#6521,#6522);
#6521 = CARTESIAN_POINT('',(124.207107,-69.703293,1.55));
#6522 = VECTOR('',#6523,1.);
#6523 = DIRECTION('',(0.707106781187,0.707106781187,0.));
#6524 = ORIENTED_EDGE('',*,*,#6284,.F.);
#6525 = ORIENTED_EDGE('',*,*,#6526,.F.);
#6526 = EDGE_CURVE('',#6496,#6285,#6527,.T.);
#6527 = LINE('',#6528,#6529);
#6528 = CARTESIAN_POINT('',(124.207107,-69.703293,1.51));
#6529 = VECTOR('',#6530,1.);
#6530 = DIRECTION('',(0.707106781187,0.707106781187,0.));
#6531 = PLANE('',#6532);
#6532 = AXIS2_PLACEMENT_3D('',#6533,#6534,#6535);
#6533 = CARTESIAN_POINT('',(124.207107,-69.703293,1.51));
#6534 = DIRECTION('',(-0.707106781187,0.707106781187,0.));
#6535 = DIRECTION('',(0.707106781187,0.707106781187,0.));
#6536 = ADVANCED_FACE('',(#6537),#6547,.F.);
#6537 = FACE_BOUND('',#6538,.T.);
#6538 = EDGE_LOOP('',(#6539,#6540,#6541,#6542,#6543,#6544,#6545,#6546));
#6539 = ORIENTED_EDGE('',*,*,#6311,.T.);
#6540 = ORIENTED_EDGE('',*,*,#6343,.T.);
#6541 = ORIENTED_EDGE('',*,*,#6375,.T.);
#6542 = ORIENTED_EDGE('',*,*,#6407,.T.);
#6543 = ORIENTED_EDGE('',*,*,#6439,.T.);
#6544 = ORIENTED_EDGE('',*,*,#6471,.T.);
#6545 = ORIENTED_EDGE('',*,*,#6503,.T.);
#6546 = ORIENTED_EDGE('',*,*,#6526,.T.);
#6547 = PLANE('',#6548);
#6548 = AXIS2_PLACEMENT_3D('',#6549,#6550,#6551);
#6549 = CARTESIAN_POINT('',(0.,0.,1.51));
#6550 = DIRECTION('',(0.,0.,1.));
#6551 = DIRECTION('',(1.,0.,-0.));
#6552 = ADVANCED_FACE('',(#6553),#6563,.T.);
#6553 = FACE_BOUND('',#6554,.F.);
#6554 = EDGE_LOOP('',(#6555,#6556,#6557,#6558,#6559,#6560,#6561,#6562));
#6555 = ORIENTED_EDGE('',*,*,#6294,.T.);
#6556 = ORIENTED_EDGE('',*,*,#6327,.T.);
#6557 = ORIENTED_EDGE('',*,*,#6358,.T.);
#6558 = ORIENTED_EDGE('',*,*,#6391,.T.);
#6559 = ORIENTED_EDGE('',*,*,#6422,.T.);
#6560 = ORIENTED_EDGE('',*,*,#6455,.T.);
#6561 = ORIENTED_EDGE('',*,*,#6486,.T.);
#6562 = ORIENTED_EDGE('',*,*,#6519,.T.);
#6563 = PLANE('',#6564);
#6564 = AXIS2_PLACEMENT_3D('',#6565,#6566,#6567);
#6565 = CARTESIAN_POINT('',(0.,0.,1.55));
#6566 = DIRECTION('',(0.,0.,1.));
#6567 = DIRECTION('',(1.,0.,-0.));
#6568 = ( GEOMETRIC_REPRESENTATION_CONTEXT(3) 
GLOBAL_UNCERTAINTY_ASSIGNED_CONTEXT((#6572)) 
GLOBAL_UNIT_ASSIGNED_CONTEXT((#6569,#6570,#6571)) REPRESENTATION_CONTEXT
('Context #1','3D Context with UNIT and UNCERTAINTY') );
#6569 = ( LENGTH_UNIT() NAMED_UNIT(*) SI_UNIT(.MILLI.,.METRE.) );
#6570 = ( NAMED_UNIT(*) PLANE_ANGLE_UNIT() SI_UNIT($,.RADIAN.) );
#6571 = ( NAMED_UNIT(*) SI_UNIT($,.STERADIAN.) SOLID_ANGLE_UNIT() );
#6572 = UNCERTAINTY_MEASURE_WITH_UNIT(LENGTH_MEASURE(1.E-07),#6569,
  'distance_accuracy_value','confusion accuracy');
#6573 = CONTEXT_DEPENDENT_SHAPE_REPRESENTATION(#6574,#6576);
#6574 = ( REPRESENTATION_RELATIONSHIP('','',#4667,#10) 
REPRESENTATION_RELATIONSHIP_WITH_TRANSFORMATION(#6575) 
SHAPE_REPRESENTATION_RELATIONSHIP() );
#6575 = ITEM_DEFINED_TRANSFORMATION('','',#11,#27);
#6576 = PRODUCT_DEFINITION_SHAPE('Placement','Placement of an item',
  #6577);
#6577 = NEXT_ASSEMBLY_USAGE_OCCURRENCE('4','=>[0:1:1:5]','',#5,#4662,$);
#6578 = PRODUCT_RELATED_PRODUCT_CATEGORY('part',$,(#4664));
#6579 = SHAPE_DEFINITION_REPRESENTATION(#6580,#6586);
#6580 = PRODUCT_DEFINITION_SHAPE('','',#6581);
#6581 = PRODUCT_DEFINITION('design','',#6582,#6585);
#6582 = PRODUCT_DEFINITION_FORMATION('','',#6583);
#6583 = PRODUCT('Hall_Sensor_V1_silkscreen','Hall_Sensor_V1_silkscreen',
  '',(#6584));
#6584 = PRODUCT_CONTEXT('',#2,'mechanical');
#6585 = PRODUCT_DEFINITION_CONTEXT('part definition',#2,'design');
#6586 = SHAPE_REPRESENTATION('',(#11,#6587,#6754,#6847,#6891,#7100,#7309
    ,#7411,#7560,#7695,#7919,#8013,#8262,#8322,#8390,#8572,#8616,#8847,
    #8996,#9040,#9141),#9290);
#6587 = SHELL_BASED_SURFACE_MODEL('',(#6588));
#6588 = OPEN_SHELL('',(#6589));
#6589 = ADVANCED_FACE('',(#6590),#6749,.T.);
#6590 = FACE_BOUND('',#6591,.F.);
#6591 = EDGE_LOOP('',(#6592,#6603,#6611,#6619,#6628,#6636,#6644,#6653,
    #6661,#6669,#6677,#6685,#6693,#6702,#6710,#6719,#6727,#6735,#6743));
#6592 = ORIENTED_EDGE('',*,*,#6593,.T.);
#6593 = EDGE_CURVE('',#6594,#6596,#6598,.T.);
#6594 = VERTEX_POINT('',#6595);
#6595 = CARTESIAN_POINT('',(133.24389,-73.191288,1.585));
#6596 = VERTEX_POINT('',#6597);
#6597 = CARTESIAN_POINT('',(133.397526,-73.254926,1.585));
#6598 = CIRCLE('',#6599,0.100000590676);
#6599 = AXIS2_PLACEMENT_3D('',#6600,#6601,#6602);
#6600 = CARTESIAN_POINT('',(133.299447,-73.27443568719,1.585));
#6601 = DIRECTION('',(0.,0.,-1.));
#6602 = DIRECTION('',(-0.555566718399,0.831471960686,0.));
#6603 = ORIENTED_EDGE('',*,*,#6604,.T.);
#6604 = EDGE_CURVE('',#6596,#6605,#6607,.T.);
#6605 = VERTEX_POINT('',#6606);
#6606 = CARTESIAN_POINT('',(133.399447,-73.317292,1.585));
#6607 = LINE('',#6608,#6609);
#6608 = CARTESIAN_POINT('',(133.397526,-73.254926,1.585));
#6609 = VECTOR('',#6610,1.);
#6610 = DIRECTION('',(3.078743800386E-02,-0.999525954471,0.));
#6611 = ORIENTED_EDGE('',*,*,#6612,.T.);
#6612 = EDGE_CURVE('',#6605,#6613,#6615,.T.);
#6613 = VERTEX_POINT('',#6614);
#6614 = CARTESIAN_POINT('',(133.652289,-73.319213,1.585));
#6615 = LINE('',#6616,#6617);
#6616 = CARTESIAN_POINT('',(133.399447,-73.317292,1.585));
#6617 = VECTOR('',#6618,1.);
#6618 = DIRECTION('',(0.999971139258,-7.597410867356E-03,0.));
#6619 = ORIENTED_EDGE('',*,*,#6620,.T.);
#6620 = EDGE_CURVE('',#6613,#6621,#6623,.T.);
#6621 = VERTEX_POINT('',#6622);
#6622 = CARTESIAN_POINT('',(133.652289,-73.515371,1.585));
#6623 = CIRCLE('',#6624,0.100000456609);
#6624 = AXIS2_PLACEMENT_3D('',#6625,#6626,#6627);
#6625 = CARTESIAN_POINT('',(133.63278,-73.417292,1.585));
#6626 = DIRECTION('',(0.,0.,-1.));
#6627 = DIRECTION('',(0.195089109206,0.980785521645,0.));
#6628 = ORIENTED_EDGE('',*,*,#6629,.T.);
#6629 = EDGE_CURVE('',#6621,#6630,#6632,.T.);
#6630 = VERTEX_POINT('',#6631);
#6631 = CARTESIAN_POINT('',(133.399447,-73.517292,1.585));
#6632 = LINE('',#6633,#6634);
#6633 = CARTESIAN_POINT('',(133.652289,-73.515371,1.585));
#6634 = VECTOR('',#6635,1.);
#6635 = DIRECTION('',(-0.999971139258,-7.5974108673E-03,0.));
#6636 = ORIENTED_EDGE('',*,*,#6637,.T.);
#6637 = EDGE_CURVE('',#6630,#6638,#6640,.T.);
#6638 = VERTEX_POINT('',#6639);
#6639 = CARTESIAN_POINT('',(133.397526,-73.674896,1.585));
#6640 = LINE('',#6641,#6642);
#6641 = CARTESIAN_POINT('',(133.399447,-73.517292,1.585));
#6642 = VECTOR('',#6643,1.);
#6643 = DIRECTION('',(-1.218787161489E-02,-0.999925725134,0.));
#6644 = ORIENTED_EDGE('',*,*,#6645,.T.);
#6645 = EDGE_CURVE('',#6638,#6646,#6648,.T.);
#6646 = VERTEX_POINT('',#6647);
#6647 = CARTESIAN_POINT('',(133.201368,-73.674896,1.585));
#6648 = CIRCLE('',#6649,0.100000456609);
#6649 = AXIS2_PLACEMENT_3D('',#6650,#6651,#6652);
#6650 = CARTESIAN_POINT('',(133.299447,-73.655387,1.585));
#6651 = DIRECTION('',(-0.,0.,-1.));
#6652 = DIRECTION('',(0.980785521645,-0.195089109206,-0.));
#6653 = ORIENTED_EDGE('',*,*,#6654,.T.);
#6654 = EDGE_CURVE('',#6646,#6655,#6657,.T.);
#6655 = VERTEX_POINT('',#6656);
#6656 = CARTESIAN_POINT('',(133.199447,-73.517292,1.585));
#6657 = LINE('',#6658,#6659);
#6658 = CARTESIAN_POINT('',(133.201368,-73.674896,1.585));
#6659 = VECTOR('',#6660,1.);
#6660 = DIRECTION('',(-1.218787161489E-02,0.999925725134,0.));
#6661 = ORIENTED_EDGE('',*,*,#6662,.T.);
#6662 = EDGE_CURVE('',#6655,#6663,#6665,.T.);
#6663 = VERTEX_POINT('',#6664);
#6664 = CARTESIAN_POINT('',(132.799245,-73.517292,1.585));
#6665 = LINE('',#6666,#6667);
#6666 = CARTESIAN_POINT('',(133.199447,-73.517292,1.585));
#6667 = VECTOR('',#6668,1.);
#6668 = DIRECTION('',(-1.,0.,0.));
#6669 = ORIENTED_EDGE('',*,*,#6670,.T.);
#6670 = EDGE_CURVE('',#6663,#6671,#6673,.T.);
#6671 = VERTEX_POINT('',#6672);
#6672 = CARTESIAN_POINT('',(132.754934,-73.539447,1.585));
#6673 = LINE('',#6674,#6675);
#6674 = CARTESIAN_POINT('',(132.799245,-73.517292,1.585));
#6675 = VECTOR('',#6676,1.);
#6676 = DIRECTION('',(-0.894431228025,-0.447205521358,0.));
#6677 = ORIENTED_EDGE('',*,*,#6678,.T.);
#6678 = EDGE_CURVE('',#6671,#6679,#6681,.T.);
#6679 = VERTEX_POINT('',#6680);
#6680 = CARTESIAN_POINT('',(132.73278,-73.583755,1.585));
#6681 = LINE('',#6682,#6683);
#6682 = CARTESIAN_POINT('',(132.754934,-73.539447,1.585));
#6683 = VECTOR('',#6684,1.);
#6684 = DIRECTION('',(-0.4472135955,-0.894427191,0.));
#6685 = ORIENTED_EDGE('',*,*,#6686,.T.);
#6686 = EDGE_CURVE('',#6679,#6687,#6689,.T.);
#6687 = VERTEX_POINT('',#6688);
#6688 = CARTESIAN_POINT('',(132.730859,-73.674896,1.585));
#6689 = LINE('',#6690,#6691);
#6690 = CARTESIAN_POINT('',(132.73278,-73.583755,1.585));
#6691 = VECTOR('',#6692,1.);
#6692 = DIRECTION('',(-2.107255176327E-02,-0.999777949128,0.));
#6693 = ORIENTED_EDGE('',*,*,#6694,.T.);
#6694 = EDGE_CURVE('',#6687,#6695,#6697,.T.);
#6695 = VERTEX_POINT('',#6696);
#6696 = CARTESIAN_POINT('',(132.534701,-73.674896,1.585));
#6697 = CIRCLE('',#6698,0.100000456609);
#6698 = AXIS2_PLACEMENT_3D('',#6699,#6700,#6701);
#6699 = CARTESIAN_POINT('',(132.63278,-73.655387,1.585));
#6700 = DIRECTION('',(-0.,0.,-1.));
#6701 = DIRECTION('',(0.980785521645,-0.195089109206,-0.));
#6702 = ORIENTED_EDGE('',*,*,#6703,.T.);
#6703 = EDGE_CURVE('',#6695,#6704,#6706,.T.);
#6704 = VERTEX_POINT('',#6705);
#6705 = CARTESIAN_POINT('',(132.534701,-73.54064,1.585));
#6706 = LINE('',#6707,#6708);
#6707 = CARTESIAN_POINT('',(132.534701,-73.674896,1.585));
#6708 = VECTOR('',#6709,1.);
#6709 = DIRECTION('',(0.,1.,0.));
#6710 = ORIENTED_EDGE('',*,*,#6711,.T.);
#6711 = EDGE_CURVE('',#6704,#6712,#6714,.T.);
#6712 = VERTEX_POINT('',#6713);
#6713 = CARTESIAN_POINT('',(132.756129,-73.319213,1.585));
#6714 = CIRCLE('',#6715,0.278267203111);
#6715 = AXIS2_PLACEMENT_3D('',#6716,#6717,#6718);
#6716 = CARTESIAN_POINT('',(132.80807619461,-73.59258842921,1.585));
#6717 = DIRECTION('',(0.,0.,-1.));
#6718 = DIRECTION('',(-0.982419744605,0.186685418314,0.));
#6719 = ORIENTED_EDGE('',*,*,#6720,.T.);
#6720 = EDGE_CURVE('',#6712,#6721,#6723,.T.);
#6721 = VERTEX_POINT('',#6722);
#6722 = CARTESIAN_POINT('',(133.199447,-73.317292,1.585));
#6723 = LINE('',#6724,#6725);
#6724 = CARTESIAN_POINT('',(132.756129,-73.319213,1.585));
#6725 = VECTOR('',#6726,1.);
#6726 = DIRECTION('',(0.99999061168,4.333191896217E-03,0.));
#6727 = ORIENTED_EDGE('',*,*,#6728,.T.);
#6728 = EDGE_CURVE('',#6721,#6729,#6731,.T.);
#6729 = VERTEX_POINT('',#6730);
#6730 = CARTESIAN_POINT('',(133.201368,-73.254926,1.585));
#6731 = LINE('',#6732,#6733);
#6732 = CARTESIAN_POINT('',(133.199447,-73.317292,1.585));
#6733 = VECTOR('',#6734,1.);
#6734 = DIRECTION('',(3.078743800386E-02,0.999525954471,0.));
#6735 = ORIENTED_EDGE('',*,*,#6736,.T.);
#6736 = EDGE_CURVE('',#6729,#6737,#6739,.T.);
#6737 = VERTEX_POINT('',#6738);
#6738 = CARTESIAN_POINT('',(133.2163,-73.218878,1.585));
#6739 = LINE('',#6740,#6741);
#6740 = CARTESIAN_POINT('',(133.201368,-73.254926,1.585));
#6741 = VECTOR('',#6742,1.);
#6742 = DIRECTION('',(0.38269282806,0.923875640631,0.));
#6743 = ORIENTED_EDGE('',*,*,#6744,.T.);
#6744 = EDGE_CURVE('',#6737,#6594,#6745,.T.);
#6745 = LINE('',#6746,#6747);
#6746 = CARTESIAN_POINT('',(133.2163,-73.218878,1.585));
#6747 = VECTOR('',#6748,1.);
#6748 = DIRECTION('',(0.707106781187,0.707106781187,0.));
#6749 = PLANE('',#6750);
#6750 = AXIS2_PLACEMENT_3D('',#6751,#6752,#6753);
#6751 = CARTESIAN_POINT('',(0.,0.,1.585));
#6752 = DIRECTION('',(0.,0.,1.));
#6753 = DIRECTION('',(1.,0.,-0.));
#6754 = SHELL_BASED_SURFACE_MODEL('',(#6755));
#6755 = OPEN_SHELL('',(#6756));
#6756 = ADVANCED_FACE('',(#6757),#6842,.T.);
#6757 = FACE_BOUND('',#6758,.F.);
#6758 = EDGE_LOOP('',(#6759,#6770,#6778,#6786,#6794,#6802,#6810,#6819,
    #6827,#6836));
#6759 = ORIENTED_EDGE('',*,*,#6760,.T.);
#6760 = EDGE_CURVE('',#6761,#6763,#6765,.T.);
#6761 = VERTEX_POINT('',#6762);
#6762 = CARTESIAN_POINT('',(133.529603,-72.810336,1.585));
#6763 = VERTEX_POINT('',#6764);
#6764 = CARTESIAN_POINT('',(133.640718,-72.810336,1.585));
#6765 = CIRCLE('',#6766,9.999886556634E-02);
#6766 = AXIS2_PLACEMENT_3D('',#6767,#6768,#6769);
#6767 = CARTESIAN_POINT('',(133.5851605,-72.89348127832,1.585));
#6768 = DIRECTION('',(0.,0.,-1.));
#6769 = DIRECTION('',(-0.555581302701,0.831462215671,0.));
#6770 = ORIENTED_EDGE('',*,*,#6771,.T.);
#6771 = EDGE_CURVE('',#6763,#6772,#6774,.T.);
#6772 = VERTEX_POINT('',#6773);
#6773 = CARTESIAN_POINT('',(133.715927,-72.885545,1.585));
#6774 = LINE('',#6775,#6776);
#6775 = CARTESIAN_POINT('',(133.640718,-72.810336,1.585));
#6776 = VECTOR('',#6777,1.);
#6777 = DIRECTION('',(0.707106781187,-0.707106781186,0.));
#6778 = ORIENTED_EDGE('',*,*,#6779,.T.);
#6779 = EDGE_CURVE('',#6772,#6780,#6782,.T.);
#6780 = VERTEX_POINT('',#6781);
#6781 = CARTESIAN_POINT('',(133.730859,-72.921593,1.585));
#6782 = LINE('',#6783,#6784);
#6783 = CARTESIAN_POINT('',(133.715927,-72.885545,1.585));
#6784 = VECTOR('',#6785,1.);
#6785 = DIRECTION('',(0.38269282806,-0.923875640631,0.));
#6786 = ORIENTED_EDGE('',*,*,#6787,.T.);
#6787 = EDGE_CURVE('',#6780,#6788,#6790,.T.);
#6788 = VERTEX_POINT('',#6789);
#6789 = CARTESIAN_POINT('',(133.727296,-72.969212,1.585));
#6790 = LINE('',#6791,#6792);
#6791 = CARTESIAN_POINT('',(133.730859,-72.921593,1.585));
#6792 = VECTOR('',#6793,1.);
#6793 = DIRECTION('',(-7.46145019735E-02,-0.997212452838,0.));
#6794 = ORIENTED_EDGE('',*,*,#6795,.T.);
#6795 = EDGE_CURVE('',#6788,#6796,#6798,.T.);
#6796 = VERTEX_POINT('',#6797);
#6797 = CARTESIAN_POINT('',(133.715927,-72.99666,1.585));
#6798 = LINE('',#6799,#6800);
#6799 = CARTESIAN_POINT('',(133.727296,-72.969212,1.585));
#6800 = VECTOR('',#6801,1.);
#6801 = DIRECTION('',(-0.382673840511,-0.923883505529,0.));
#6802 = ORIENTED_EDGE('',*,*,#6803,.T.);
#6803 = EDGE_CURVE('',#6796,#6804,#6806,.T.);
#6804 = VERTEX_POINT('',#6805);
#6805 = CARTESIAN_POINT('',(133.640718,-73.071868,1.585));
#6806 = LINE('',#6807,#6808);
#6807 = CARTESIAN_POINT('',(133.715927,-72.99666,1.585));
#6808 = VECTOR('',#6809,1.);
#6809 = DIRECTION('',(-0.707111482147,-0.707102080194,0.));
#6810 = ORIENTED_EDGE('',*,*,#6811,.T.);
#6811 = EDGE_CURVE('',#6804,#6812,#6814,.T.);
#6812 = VERTEX_POINT('',#6813);
#6813 = CARTESIAN_POINT('',(133.529603,-73.071868,1.585));
#6814 = CIRCLE('',#6815,9.999886556634E-02);
#6815 = AXIS2_PLACEMENT_3D('',#6816,#6817,#6818);
#6816 = CARTESIAN_POINT('',(133.5851605,-72.98872272167,1.585));
#6817 = DIRECTION('',(-0.,0.,-1.));
#6818 = DIRECTION('',(0.555581302701,-0.831462215671,-0.));
#6819 = ORIENTED_EDGE('',*,*,#6820,.T.);
#6820 = EDGE_CURVE('',#6812,#6821,#6823,.T.);
#6821 = VERTEX_POINT('',#6822);
#6822 = CARTESIAN_POINT('',(133.454395,-72.996659,1.585));
#6823 = LINE('',#6824,#6825);
#6824 = CARTESIAN_POINT('',(133.529603,-73.071868,1.585));
#6825 = VECTOR('',#6826,1.);
#6826 = DIRECTION('',(-0.707102080194,0.707111482147,0.));
#6827 = ORIENTED_EDGE('',*,*,#6828,.T.);
#6828 = EDGE_CURVE('',#6821,#6829,#6831,.T.);
#6829 = VERTEX_POINT('',#6830);
#6830 = CARTESIAN_POINT('',(133.454396,-72.885544,1.585));
#6831 = CIRCLE('',#6832,9.999694788676E-02);
#6832 = AXIS2_PLACEMENT_3D('',#6833,#6834,#6835);
#6833 = CARTESIAN_POINT('',(133.53753847192,-72.94110224826,1.585));
#6834 = DIRECTION('',(0.,0.,-1.));
#6835 = DIRECTION('',(-0.831460096299,-0.555584474462,-0.));
#6836 = ORIENTED_EDGE('',*,*,#6837,.T.);
#6837 = EDGE_CURVE('',#6829,#6761,#6838,.T.);
#6838 = LINE('',#6839,#6840);
#6839 = CARTESIAN_POINT('',(133.454396,-72.885544,1.585));
#6840 = VECTOR('',#6841,1.);
#6841 = DIRECTION('',(0.707102080132,0.70711148221,0.));
#6842 = PLANE('',#6843);
#6843 = AXIS2_PLACEMENT_3D('',#6844,#6845,#6846);
#6844 = CARTESIAN_POINT('',(0.,0.,1.585));
#6845 = DIRECTION('',(0.,0.,1.));
#6846 = DIRECTION('',(1.,0.,-0.));
#6847 = SHELL_BASED_SURFACE_MODEL('',(#6848));
#6848 = OPEN_SHELL('',(#6849));
#6849 = ADVANCED_FACE('',(#6850),#6886,.T.);
#6850 = FACE_BOUND('',#6851,.F.);
#6851 = EDGE_LOOP('',(#6852,#6863,#6871,#6880));
#6852 = ORIENTED_EDGE('',*,*,#6853,.T.);
#6853 = EDGE_CURVE('',#6854,#6856,#6858,.T.);
#6854 = VERTEX_POINT('',#6855);
#6855 = CARTESIAN_POINT('',(132.613271,-73.039181,1.585));
#6856 = VERTEX_POINT('',#6857);
#6857 = CARTESIAN_POINT('',(132.613271,-72.843023,1.585));
#6858 = CIRCLE('',#6859,0.100000456609);
#6859 = AXIS2_PLACEMENT_3D('',#6860,#6861,#6862);
#6860 = CARTESIAN_POINT('',(132.63278,-72.941102,1.585));
#6861 = DIRECTION('',(0.,0.,-1.));
#6862 = DIRECTION('',(-0.195089109206,-0.980785521645,-0.));
#6863 = ORIENTED_EDGE('',*,*,#6864,.T.);
#6864 = EDGE_CURVE('',#6856,#6865,#6867,.T.);
#6865 = VERTEX_POINT('',#6866);
#6866 = CARTESIAN_POINT('',(133.318956,-72.843023,1.585));
#6867 = LINE('',#6868,#6869);
#6868 = CARTESIAN_POINT('',(132.613271,-72.843023,1.585));
#6869 = VECTOR('',#6870,1.);
#6870 = DIRECTION('',(1.,0.,0.));
#6871 = ORIENTED_EDGE('',*,*,#6872,.T.);
#6872 = EDGE_CURVE('',#6865,#6873,#6875,.T.);
#6873 = VERTEX_POINT('',#6874);
#6874 = CARTESIAN_POINT('',(133.318956,-73.039181,1.585));
#6875 = CIRCLE('',#6876,0.100000456609);
#6876 = AXIS2_PLACEMENT_3D('',#6877,#6878,#6879);
#6877 = CARTESIAN_POINT('',(133.299447,-72.941102,1.585));
#6878 = DIRECTION('',(0.,0.,-1.));
#6879 = DIRECTION('',(0.195089109206,0.980785521645,0.));
#6880 = ORIENTED_EDGE('',*,*,#6881,.T.);
#6881 = EDGE_CURVE('',#6873,#6854,#6882,.T.);
#6882 = LINE('',#6883,#6884);
#6883 = CARTESIAN_POINT('',(133.318956,-73.039181,1.585));
#6884 = VECTOR('',#6885,1.);
#6885 = DIRECTION('',(-1.,0.,0.));
#6886 = PLANE('',#6887);
#6887 = AXIS2_PLACEMENT_3D('',#6888,#6889,#6890);
#6888 = CARTESIAN_POINT('',(0.,0.,1.585));
#6889 = DIRECTION('',(0.,0.,1.));
#6890 = DIRECTION('',(1.,0.,-0.));
#6891 = SHELL_BASED_SURFACE_MODEL('',(#6892));
#6892 = OPEN_SHELL('',(#6893));
#6893 = ADVANCED_FACE('',(#6894),#7095,.T.);
#6894 = FACE_BOUND('',#6895,.F.);
#6895 = EDGE_LOOP('',(#6896,#6907,#6915,#6924,#6932,#6940,#6948,#6956,
    #6965,#6973,#6982,#6990,#6999,#7007,#7015,#7024,#7032,#7040,#7049,
    #7057,#7065,#7073,#7081,#7089));
#6896 = ORIENTED_EDGE('',*,*,#6897,.T.);
#6897 = EDGE_CURVE('',#6898,#6900,#6902,.T.);
#6898 = VERTEX_POINT('',#6899);
#6899 = CARTESIAN_POINT('',(132.613271,-71.705848,1.585));
#6900 = VERTEX_POINT('',#6901);
#6901 = CARTESIAN_POINT('',(132.613271,-71.50969,1.585));
#6902 = CIRCLE('',#6903,0.100000456609);
#6903 = AXIS2_PLACEMENT_3D('',#6904,#6905,#6906);
#6904 = CARTESIAN_POINT('',(132.63278,-71.607769,1.585));
#6905 = DIRECTION('',(0.,0.,-1.));
#6906 = DIRECTION('',(-0.195089109206,-0.980785521645,-0.));
#6907 = ORIENTED_EDGE('',*,*,#6908,.T.);
#6908 = EDGE_CURVE('',#6900,#6909,#6911,.T.);
#6909 = VERTEX_POINT('',#6910);
#6910 = CARTESIAN_POINT('',(133.318956,-71.50969,1.585));
#6911 = LINE('',#6912,#6913);
#6912 = CARTESIAN_POINT('',(132.613271,-71.50969,1.585));
#6913 = VECTOR('',#6914,1.);
#6914 = DIRECTION('',(1.,0.,0.));
#6915 = ORIENTED_EDGE('',*,*,#6916,.T.);
#6916 = EDGE_CURVE('',#6909,#6917,#6919,.T.);
#6917 = VERTEX_POINT('',#6918);
#6918 = CARTESIAN_POINT('',(133.382594,-71.663326,1.585));
#6919 = CIRCLE('',#6920,0.100000590676);
#6920 = AXIS2_PLACEMENT_3D('',#6921,#6922,#6923);
#6921 = CARTESIAN_POINT('',(133.2994463128,-71.607769,1.585));
#6922 = DIRECTION('',(0.,0.,-1.));
#6923 = DIRECTION('',(0.19509571961,0.98078420674,0.));
#6924 = ORIENTED_EDGE('',*,*,#6925,.T.);
#6925 = EDGE_CURVE('',#6917,#6926,#6928,.T.);
#6926 = VERTEX_POINT('',#6927);
#6927 = CARTESIAN_POINT('',(133.372598,-71.673321,1.585));
#6928 = LINE('',#6929,#6930);
#6929 = CARTESIAN_POINT('',(133.382594,-71.663326,1.585));
#6930 = VECTOR('',#6931,1.);
#6931 = DIRECTION('',(-0.707142151558,-0.707071409046,0.));
#6932 = ORIENTED_EDGE('',*,*,#6933,.T.);
#6933 = EDGE_CURVE('',#6926,#6934,#6936,.T.);
#6934 = VERTEX_POINT('',#6935);
#6935 = CARTESIAN_POINT('',(133.397526,-71.731117,1.585));
#6936 = LINE('',#6937,#6938);
#6937 = CARTESIAN_POINT('',(133.372598,-71.673321,1.585));
#6938 = VECTOR('',#6939,1.);
#6939 = DIRECTION('',(0.396042784146,-0.918232058429,0.));
#6940 = ORIENTED_EDGE('',*,*,#6941,.T.);
#6941 = EDGE_CURVE('',#6934,#6942,#6944,.T.);
#6942 = VERTEX_POINT('',#6943);
#6943 = CARTESIAN_POINT('',(133.397526,-71.912992,1.585));
#6944 = LINE('',#6945,#6946);
#6945 = CARTESIAN_POINT('',(133.397526,-71.731117,1.585));
#6946 = VECTOR('',#6947,1.);
#6947 = DIRECTION('',(0.,-1.,0.));
#6948 = ORIENTED_EDGE('',*,*,#6949,.T.);
#6949 = EDGE_CURVE('',#6942,#6950,#6952,.T.);
#6950 = VERTEX_POINT('',#6951);
#6951 = CARTESIAN_POINT('',(133.341271,-72.039238,1.585));
#6952 = LINE('',#6953,#6954);
#6953 = CARTESIAN_POINT('',(133.397526,-71.912992,1.585));
#6954 = VECTOR('',#6955,1.);
#6955 = DIRECTION('',(-0.407018366192,-0.913419974372,0.));
#6956 = ORIENTED_EDGE('',*,*,#6957,.T.);
#6957 = EDGE_CURVE('',#6950,#6958,#6960,.T.);
#6958 = VERTEX_POINT('',#6959);
#6959 = CARTESIAN_POINT('',(133.338704,-72.466816,1.585));
#6960 = CIRCLE('',#6961,0.364808224168);
#6961 = AXIS2_PLACEMENT_3D('',#6962,#6963,#6964);
#6962 = CARTESIAN_POINT('',(133.04439570835,-72.25125239015,1.585));
#6963 = DIRECTION('',(0.,0.,-1.));
#6964 = DIRECTION('',(0.813784536577,0.58116669556,0.));
#6965 = ORIENTED_EDGE('',*,*,#6966,.T.);
#6966 = EDGE_CURVE('',#6958,#6967,#6969,.T.);
#6967 = VERTEX_POINT('',#6968);
#6968 = CARTESIAN_POINT('',(133.301351,-72.504169,1.585));
#6969 = LINE('',#6970,#6971);
#6970 = CARTESIAN_POINT('',(133.338704,-72.466816,1.585));
#6971 = VECTOR('',#6972,1.);
#6972 = DIRECTION('',(-0.707106781186,-0.707106781187,0.));
#6973 = ORIENTED_EDGE('',*,*,#6974,.T.);
#6974 = EDGE_CURVE('',#6967,#6975,#6977,.T.);
#6975 = VERTEX_POINT('',#6976);
#6976 = CARTESIAN_POINT('',(132.577223,-72.548059,1.585));
#6977 = CIRCLE('',#6978,0.810537971059);
#6978 = AXIS2_PLACEMENT_3D('',#6979,#6980,#6981);
#6979 = CARTESIAN_POINT('',(132.89543403541,-71.8025970362,1.585));
#6980 = DIRECTION('',(-0.,0.,-1.));
#6981 = DIRECTION('',(0.500799443186,-0.865563352796,-0.));
#6982 = ORIENTED_EDGE('',*,*,#6983,.T.);
#6983 = EDGE_CURVE('',#6975,#6984,#6986,.T.);
#6984 = VERTEX_POINT('',#6985);
#6985 = CARTESIAN_POINT('',(132.549633,-72.520469,1.585));
#6986 = LINE('',#6987,#6988);
#6987 = CARTESIAN_POINT('',(132.577223,-72.548059,1.585));
#6988 = VECTOR('',#6989,1.);
#6989 = DIRECTION('',(-0.707106781187,0.707106781186,0.));
#6990 = ORIENTED_EDGE('',*,*,#6991,.T.);
#6991 = EDGE_CURVE('',#6984,#6992,#6994,.T.);
#6992 = VERTEX_POINT('',#6993);
#6993 = CARTESIAN_POINT('',(132.613271,-72.366833,1.585));
#6994 = CIRCLE('',#6995,9.999988522646E-02);
#6995 = AXIS2_PLACEMENT_3D('',#6996,#6997,#6998);
#6996 = CARTESIAN_POINT('',(132.63277951407,-72.46491151407,1.585));
#6997 = DIRECTION('',(0.,0.,-1.));
#6998 = DIRECTION('',(-0.831466095084,-0.555575496873,-0.));
#6999 = ORIENTED_EDGE('',*,*,#7000,.T.);
#7000 = EDGE_CURVE('',#6992,#7001,#7003,.T.);
#7001 = VERTEX_POINT('',#7002);
#7002 = CARTESIAN_POINT('',(133.132983,-72.364912,1.585));
#7003 = LINE('',#7004,#7005);
#7004 = CARTESIAN_POINT('',(132.613271,-72.366833,1.585));
#7005 = VECTOR('',#7006,1.);
#7006 = DIRECTION('',(0.999993168835,3.696252688657E-03,0.));
#7007 = ORIENTED_EDGE('',*,*,#7008,.T.);
#7008 = EDGE_CURVE('',#7001,#7009,#7011,.T.);
#7009 = VERTEX_POINT('',#7010);
#7010 = CARTESIAN_POINT('',(133.177292,-72.342756,1.585));
#7011 = LINE('',#7012,#7013);
#7012 = CARTESIAN_POINT('',(133.132983,-72.364912,1.585));
#7013 = VECTOR('',#7014,1.);
#7014 = DIRECTION('',(0.894415079158,0.447237818363,0.));
#7015 = ORIENTED_EDGE('',*,*,#7016,.T.);
#7016 = EDGE_CURVE('',#7009,#7017,#7019,.T.);
#7017 = VERTEX_POINT('',#7018);
#7018 = CARTESIAN_POINT('',(133.177292,-72.158495,1.585));
#7019 = CIRCLE('',#7020,0.158416702708);
#7020 = AXIS2_PLACEMENT_3D('',#7021,#7022,#7023);
#7021 = CARTESIAN_POINT('',(133.04842065847,-72.2506255,1.585));
#7022 = DIRECTION('',(0.,-0.,1.));
#7023 = DIRECTION('',(0.813495921344,-0.581570619923,-0.));
#7024 = ORIENTED_EDGE('',*,*,#7025,.T.);
#7025 = EDGE_CURVE('',#7017,#7026,#7028,.T.);
#7026 = VERTEX_POINT('',#7027);
#7027 = CARTESIAN_POINT('',(133.132983,-72.13634,1.585));
#7028 = LINE('',#7029,#7030);
#7029 = CARTESIAN_POINT('',(133.177292,-72.158495,1.585));
#7030 = VECTOR('',#7031,1.);
#7031 = DIRECTION('',(-0.894423153756,0.447221669897,0.));
#7032 = ORIENTED_EDGE('',*,*,#7033,.T.);
#7033 = EDGE_CURVE('',#7026,#7034,#7036,.T.);
#7034 = VERTEX_POINT('',#7035);
#7035 = CARTESIAN_POINT('',(132.613271,-72.134419,1.585));
#7036 = LINE('',#7037,#7038);
#7037 = CARTESIAN_POINT('',(133.132983,-72.13634,1.585));
#7038 = VECTOR('',#7039,1.);
#7039 = DIRECTION('',(-0.999993168835,3.696252688684E-03,0.));
#7040 = ORIENTED_EDGE('',*,*,#7041,.T.);
#7041 = EDGE_CURVE('',#7034,#7042,#7044,.T.);
#7042 = VERTEX_POINT('',#7043);
#7043 = CARTESIAN_POINT('',(132.613271,-71.938261,1.585));
#7044 = CIRCLE('',#7045,0.100000456609);
#7045 = AXIS2_PLACEMENT_3D('',#7046,#7047,#7048);
#7046 = CARTESIAN_POINT('',(132.63278,-72.03634,1.585));
#7047 = DIRECTION('',(0.,0.,-1.));
#7048 = DIRECTION('',(-0.195089109206,-0.980785521645,-0.));
#7049 = ORIENTED_EDGE('',*,*,#7050,.T.);
#7050 = EDGE_CURVE('',#7042,#7051,#7053,.T.);
#7051 = VERTEX_POINT('',#7052);
#7052 = CARTESIAN_POINT('',(133.132983,-71.93634,1.585));
#7053 = LINE('',#7054,#7055);
#7054 = CARTESIAN_POINT('',(132.613271,-71.938261,1.585));
#7055 = VECTOR('',#7056,1.);
#7056 = DIRECTION('',(0.999993168835,3.696252688657E-03,0.));
#7057 = ORIENTED_EDGE('',*,*,#7058,.T.);
#7058 = EDGE_CURVE('',#7051,#7059,#7061,.T.);
#7059 = VERTEX_POINT('',#7060);
#7060 = CARTESIAN_POINT('',(133.177292,-71.914184,1.585));
#7061 = LINE('',#7062,#7063);
#7062 = CARTESIAN_POINT('',(133.132983,-71.93634,1.585));
#7063 = VECTOR('',#7064,1.);
#7064 = DIRECTION('',(0.894415079159,0.447237818363,0.));
#7065 = ORIENTED_EDGE('',*,*,#7066,.T.);
#7066 = EDGE_CURVE('',#7059,#7067,#7069,.T.);
#7067 = VERTEX_POINT('',#7068);
#7068 = CARTESIAN_POINT('',(133.199447,-71.869876,1.585));
#7069 = LINE('',#7070,#7071);
#7070 = CARTESIAN_POINT('',(133.177292,-71.914184,1.585));
#7071 = VECTOR('',#7072,1.);
#7072 = DIRECTION('',(0.447229744549,0.894419116293,0.));
#7073 = ORIENTED_EDGE('',*,*,#7074,.T.);
#7074 = EDGE_CURVE('',#7067,#7075,#7077,.T.);
#7075 = VERTEX_POINT('',#7076);
#7076 = CARTESIAN_POINT('',(133.199447,-71.774233,1.585));
#7077 = LINE('',#7078,#7079);
#7078 = CARTESIAN_POINT('',(133.199447,-71.869876,1.585));
#7079 = VECTOR('',#7080,1.);
#7080 = DIRECTION('',(0.,1.,0.));
#7081 = ORIENTED_EDGE('',*,*,#7082,.T.);
#7082 = EDGE_CURVE('',#7075,#7083,#7085,.T.);
#7083 = VERTEX_POINT('',#7084);
#7084 = CARTESIAN_POINT('',(133.162788,-71.707769,1.585));
#7085 = LINE('',#7086,#7087);
#7086 = CARTESIAN_POINT('',(133.199447,-71.774233,1.585));
#7087 = VECTOR('',#7088,1.);
#7088 = DIRECTION('',(-0.482968327308,0.875637821715,0.));
#7089 = ORIENTED_EDGE('',*,*,#7090,.T.);
#7090 = EDGE_CURVE('',#7083,#6898,#7091,.T.);
#7091 = LINE('',#7092,#7093);
#7092 = CARTESIAN_POINT('',(133.162788,-71.707769,1.585));
#7093 = VECTOR('',#7094,1.);
#7094 = DIRECTION('',(-0.999993889757,3.495775858106E-03,0.));
#7095 = PLANE('',#7096);
#7096 = AXIS2_PLACEMENT_3D('',#7097,#7098,#7099);
#7097 = CARTESIAN_POINT('',(0.,0.,1.585));
#7098 = DIRECTION('',(0.,0.,1.));
#7099 = DIRECTION('',(1.,0.,-0.));
#7100 = SHELL_BASED_SURFACE_MODEL('',(#7101));
#7101 = OPEN_SHELL('',(#7102));
#7102 = ADVANCED_FACE('',(#7103,#7261),#7304,.T.);
#7103 = FACE_BOUND('',#7104,.F.);
#7104 = EDGE_LOOP('',(#7105,#7116,#7124,#7133,#7141,#7149,#7157,#7166,
    #7174,#7182,#7190,#7198,#7206,#7214,#7223,#7231,#7239,#7247,#7255));
#7105 = ORIENTED_EDGE('',*,*,#7106,.T.);
#7106 = EDGE_CURVE('',#7107,#7109,#7111,.T.);
#7107 = VERTEX_POINT('',#7108);
#7108 = CARTESIAN_POINT('',(132.630878,-70.663749,1.585));
#7109 = VERTEX_POINT('',#7110);
#7110 = CARTESIAN_POINT('',(133.301351,-70.66375,1.585));
#7111 = CIRCLE('',#7112,0.64502971206);
#7112 = AXIS2_PLACEMENT_3D('',#7113,#7114,#7115);
#7113 = CARTESIAN_POINT('',(132.96611367808,-71.2148210185,1.585));
#7114 = DIRECTION('',(0.,0.,-1.));
#7115 = DIRECTION('',(-0.519721296272,0.854335867327,0.));
#7116 = ORIENTED_EDGE('',*,*,#7117,.T.);
#7117 = EDGE_CURVE('',#7109,#7118,#7120,.T.);
#7118 = VERTEX_POINT('',#7119);
#7119 = CARTESIAN_POINT('',(133.338704,-70.701103,1.585));
#7120 = LINE('',#7121,#7122);
#7121 = CARTESIAN_POINT('',(133.301351,-70.66375,1.585));
#7122 = VECTOR('',#7123,1.);
#7123 = DIRECTION('',(0.707106781186,-0.707106781187,0.));
#7124 = ORIENTED_EDGE('',*,*,#7125,.T.);
#7125 = EDGE_CURVE('',#7118,#7126,#7128,.T.);
#7126 = VERTEX_POINT('',#7127);
#7127 = CARTESIAN_POINT('',(133.338704,-71.181101,1.585));
#7128 = CIRCLE('',#7129,0.42296088314);
#7129 = AXIS2_PLACEMENT_3D('',#7130,#7131,#7132);
#7130 = CARTESIAN_POINT('',(132.99042768919,-70.941102,1.585));
#7131 = DIRECTION('',(0.,0.,-1.));
#7132 = DIRECTION('',(0.823424398531,0.56742599509,0.));
#7133 = ORIENTED_EDGE('',*,*,#7134,.T.);
#7134 = EDGE_CURVE('',#7126,#7135,#7137,.T.);
#7135 = VERTEX_POINT('',#7136);
#7136 = CARTESIAN_POINT('',(133.301351,-71.218454,1.585));
#7137 = LINE('',#7138,#7139);
#7138 = CARTESIAN_POINT('',(133.338704,-71.181101,1.585));
#7139 = VECTOR('',#7140,1.);
#7140 = DIRECTION('',(-0.707106781187,-0.707106781187,0.));
#7141 = ORIENTED_EDGE('',*,*,#7142,.T.);
#7142 = EDGE_CURVE('',#7135,#7143,#7145,.T.);
#7143 = VERTEX_POINT('',#7144);
#7144 = CARTESIAN_POINT('',(133.176099,-71.277276,1.585));
#7145 = LINE('',#7146,#7147);
#7146 = CARTESIAN_POINT('',(133.301351,-71.218454,1.585));
#7147 = VECTOR('',#7148,1.);
#7148 = DIRECTION('',(-0.905152855458,-0.425086236258,0.));
#7149 = ORIENTED_EDGE('',*,*,#7150,.T.);
#7150 = EDGE_CURVE('',#7143,#7151,#7153,.T.);
#7151 = VERTEX_POINT('',#7152);
#7152 = CARTESIAN_POINT('',(133.041843,-71.277276,1.585));
#7153 = LINE('',#7154,#7155);
#7154 = CARTESIAN_POINT('',(133.176099,-71.277276,1.585));
#7155 = VECTOR('',#7156,1.);
#7156 = DIRECTION('',(-1.,0.,0.));
#7157 = ORIENTED_EDGE('',*,*,#7158,.T.);
#7158 = EDGE_CURVE('',#7151,#7159,#7161,.T.);
#7159 = VERTEX_POINT('',#7160);
#7160 = CARTESIAN_POINT('',(132.963273,-71.198703,1.585));
#7161 = CIRCLE('',#7162,0.100001541962);
#7162 = AXIS2_PLACEMENT_3D('',#7163,#7164,#7165);
#7163 = CARTESIAN_POINT('',(133.0613535443,-71.17919620057,1.585));
#7164 = DIRECTION('',(0.,0.,-1.));
#7165 = DIRECTION('',(-0.19510243463,-0.980782870977,-0.));
#7166 = ORIENTED_EDGE('',*,*,#7167,.T.);
#7167 = EDGE_CURVE('',#7159,#7168,#7170,.T.);
#7168 = VERTEX_POINT('',#7169);
#7169 = CARTESIAN_POINT('',(132.884134,-70.803007,1.585));
#7170 = LINE('',#7171,#7172);
#7171 = CARTESIAN_POINT('',(132.963273,-71.198703,1.585));
#7172 = VECTOR('',#7173,1.);
#7173 = DIRECTION('',(-0.196115658577,0.980580771003,0.));
#7174 = ORIENTED_EDGE('',*,*,#7175,.T.);
#7175 = EDGE_CURVE('',#7168,#7176,#7178,.T.);
#7176 = VERTEX_POINT('',#7177);
#7177 = CARTESIAN_POINT('',(132.799245,-70.803007,1.585));
#7178 = LINE('',#7179,#7180);
#7179 = CARTESIAN_POINT('',(132.884134,-70.803007,1.585));
#7180 = VECTOR('',#7181,1.);
#7181 = DIRECTION('',(-1.,0.,0.));
#7182 = ORIENTED_EDGE('',*,*,#7183,.T.);
#7183 = EDGE_CURVE('',#7176,#7184,#7186,.T.);
#7184 = VERTEX_POINT('',#7185);
#7185 = CARTESIAN_POINT('',(132.754934,-70.825162,1.585));
#7186 = LINE('',#7187,#7188);
#7187 = CARTESIAN_POINT('',(132.799245,-70.803007,1.585));
#7188 = VECTOR('',#7189,1.);
#7189 = DIRECTION('',(-0.894431228025,-0.447205521358,0.));
#7190 = ORIENTED_EDGE('',*,*,#7191,.T.);
#7191 = EDGE_CURVE('',#7184,#7192,#7194,.T.);
#7192 = VERTEX_POINT('',#7193);
#7193 = CARTESIAN_POINT('',(132.73278,-70.86947,1.585));
#7194 = LINE('',#7195,#7196);
#7195 = CARTESIAN_POINT('',(132.754934,-70.825162,1.585));
#7196 = VECTOR('',#7197,1.);
#7197 = DIRECTION('',(-0.4472135955,-0.894427191,0.));
#7198 = ORIENTED_EDGE('',*,*,#7199,.T.);
#7199 = EDGE_CURVE('',#7192,#7200,#7202,.T.);
#7200 = VERTEX_POINT('',#7201);
#7201 = CARTESIAN_POINT('',(132.73278,-71.012733,1.585));
#7202 = LINE('',#7203,#7204);
#7203 = CARTESIAN_POINT('',(132.73278,-70.86947,1.585));
#7204 = VECTOR('',#7205,1.);
#7205 = DIRECTION('',(0.,-1.,0.));
#7206 = ORIENTED_EDGE('',*,*,#7207,.T.);
#7207 = EDGE_CURVE('',#7200,#7208,#7210,.T.);
#7208 = VERTEX_POINT('',#7209);
#7209 = CARTESIAN_POINT('',(132.776849,-71.105165,1.585));
#7210 = LINE('',#7211,#7212);
#7211 = CARTESIAN_POINT('',(132.73278,-71.012733,1.585));
#7212 = VECTOR('',#7213,1.);
#7213 = DIRECTION('',(0.430361504916,-0.902656620807,0.));
#7214 = ORIENTED_EDGE('',*,*,#7215,.T.);
#7215 = EDGE_CURVE('',#7208,#7216,#7218,.T.);
#7216 = VERTEX_POINT('',#7217);
#7217 = CARTESIAN_POINT('',(132.601401,-71.192891,1.585));
#7218 = CIRCLE('',#7219,0.100000359483);
#7219 = AXIS2_PLACEMENT_3D('',#7220,#7221,#7222);
#7220 = CARTESIAN_POINT('',(132.68040006062,-71.13157851907,1.585));
#7221 = DIRECTION('',(0.,0.,-1.));
#7222 = DIRECTION('',(0.964485926603,0.264134241221,0.));
#7223 = ORIENTED_EDGE('',*,*,#7224,.T.);
#7224 = EDGE_CURVE('',#7216,#7225,#7227,.T.);
#7225 = VERTEX_POINT('',#7226);
#7226 = CARTESIAN_POINT('',(132.536331,-71.062754,1.585));
#7227 = LINE('',#7228,#7229);
#7228 = CARTESIAN_POINT('',(132.601401,-71.192891,1.585));
#7229 = VECTOR('',#7230,1.);
#7230 = DIRECTION('',(-0.447221843002,0.894423067201,0.));
#7231 = ORIENTED_EDGE('',*,*,#7232,.T.);
#7232 = EDGE_CURVE('',#7225,#7233,#7235,.T.);
#7233 = VERTEX_POINT('',#7234);
#7234 = CARTESIAN_POINT('',(132.53278,-71.03634,1.585));
#7235 = LINE('',#7236,#7237);
#7236 = CARTESIAN_POINT('',(132.536331,-71.062754,1.585));
#7237 = VECTOR('',#7238,1.);
#7238 = DIRECTION('',(-0.133237665444,0.991084115758,0.));
#7239 = ORIENTED_EDGE('',*,*,#7240,.T.);
#7240 = EDGE_CURVE('',#7233,#7241,#7243,.T.);
#7241 = VERTEX_POINT('',#7242);
#7242 = CARTESIAN_POINT('',(132.536076,-70.823035,1.585));
#7243 = LINE('',#7244,#7245);
#7244 = CARTESIAN_POINT('',(132.53278,-71.03634,1.585));
#7245 = VECTOR('',#7246,1.);
#7246 = DIRECTION('',(1.545020784427E-02,0.999880638415,0.));
#7247 = ORIENTED_EDGE('',*,*,#7248,.T.);
#7248 = EDGE_CURVE('',#7241,#7249,#7251,.T.);
#7249 = VERTEX_POINT('',#7250);
#7250 = CARTESIAN_POINT('',(132.595186,-70.699185,1.585));
#7251 = LINE('',#7252,#7253);
#7252 = CARTESIAN_POINT('',(132.536076,-70.823035,1.585));
#7253 = VECTOR('',#7254,1.);
#7254 = DIRECTION('',(0.430728237358,0.902481681555,0.));
#7255 = ORIENTED_EDGE('',*,*,#7256,.T.);
#7256 = EDGE_CURVE('',#7249,#7107,#7257,.T.);
#7257 = LINE('',#7258,#7259);
#7258 = CARTESIAN_POINT('',(132.595186,-70.699185,1.585));
#7259 = VECTOR('',#7260,1.);
#7260 = DIRECTION('',(0.709647164851,0.704557237859,0.));
#7261 = FACE_BOUND('',#7262,.F.);
#7262 = EDGE_LOOP('',(#7263,#7274,#7282,#7290,#7298));
#7263 = ORIENTED_EDGE('',*,*,#7264,.T.);
#7264 = EDGE_CURVE('',#7265,#7267,#7269,.T.);
#7265 = VERTEX_POINT('',#7266);
#7266 = CARTESIAN_POINT('',(133.177292,-71.057041,1.585));
#7267 = VERTEX_POINT('',#7268);
#7268 = CARTESIAN_POINT('',(133.177292,-70.825162,1.585));
#7269 = CIRCLE('',#7270,0.211160921523);
#7270 = AXIS2_PLACEMENT_3D('',#7271,#7272,#7273);
#7271 = CARTESIAN_POINT('',(133.0008069663,-70.9411015,1.585));
#7272 = DIRECTION('',(0.,-0.,1.));
#7273 = DIRECTION('',(0.835784540159,-0.549057558396,-0.));
#7274 = ORIENTED_EDGE('',*,*,#7275,.T.);
#7275 = EDGE_CURVE('',#7267,#7276,#7278,.T.);
#7276 = VERTEX_POINT('',#7277);
#7277 = CARTESIAN_POINT('',(133.132983,-70.803007,1.585));
#7278 = LINE('',#7279,#7280);
#7279 = CARTESIAN_POINT('',(133.177292,-70.825162,1.585));
#7280 = VECTOR('',#7281,1.);
#7281 = DIRECTION('',(-0.894423153756,0.447221669897,0.));
#7282 = ORIENTED_EDGE('',*,*,#7283,.T.);
#7283 = EDGE_CURVE('',#7276,#7284,#7286,.T.);
#7284 = VERTEX_POINT('',#7285);
#7285 = CARTESIAN_POINT('',(133.088094,-70.803007,1.585));
#7286 = LINE('',#7287,#7288);
#7287 = CARTESIAN_POINT('',(133.132983,-70.803007,1.585));
#7288 = VECTOR('',#7289,1.);
#7289 = DIRECTION('',(-1.,0.,0.));
#7290 = ORIENTED_EDGE('',*,*,#7291,.T.);
#7291 = EDGE_CURVE('',#7284,#7292,#7294,.T.);
#7292 = VERTEX_POINT('',#7293);
#7293 = CARTESIAN_POINT('',(133.142391,-71.074492,1.585));
#7294 = LINE('',#7295,#7296);
#7295 = CARTESIAN_POINT('',(133.088094,-70.803007,1.585));
#7296 = VECTOR('',#7297,1.);
#7297 = DIRECTION('',(0.196116135138,-0.980580675691,0.));
#7298 = ORIENTED_EDGE('',*,*,#7299,.T.);
#7299 = EDGE_CURVE('',#7292,#7265,#7300,.T.);
#7300 = LINE('',#7301,#7302);
#7301 = CARTESIAN_POINT('',(133.142391,-71.074492,1.585));
#7302 = VECTOR('',#7303,1.);
#7303 = DIRECTION('',(0.89442206546,0.447223846433,0.));
#7304 = PLANE('',#7305);
#7305 = AXIS2_PLACEMENT_3D('',#7306,#7307,#7308);
#7306 = CARTESIAN_POINT('',(0.,0.,1.585));
#7307 = DIRECTION('',(0.,0.,1.));
#7308 = DIRECTION('',(1.,0.,-0.));
#7309 = SHELL_BASED_SURFACE_MODEL('',(#7310));
#7310 = OPEN_SHELL('',(#7311));
#7311 = ADVANCED_FACE('',(#7312),#7406,.T.);
#7312 = FACE_BOUND('',#7313,.F.);
#7313 = EDGE_LOOP('',(#7314,#7325,#7333,#7342,#7350,#7359,#7367,#7376,
    #7384,#7392,#7400));
#7314 = ORIENTED_EDGE('',*,*,#7315,.T.);
#7315 = EDGE_CURVE('',#7316,#7318,#7320,.T.);
#7316 = VERTEX_POINT('',#7317);
#7317 = CARTESIAN_POINT('',(125.049699,-69.998531,1.585));
#7318 = VERTEX_POINT('',#7319);
#7319 = CARTESIAN_POINT('',(125.147558,-69.979064,1.585));
#7320 = CIRCLE('',#7321,6.000049262024E-02);
#7321 = AXIS2_PLACEMENT_3D('',#7322,#7323,#7324);
#7322 = CARTESIAN_POINT('',(125.10513236092,-70.0214918713,1.585));
#7323 = DIRECTION('',(0.,0.,-1.));
#7324 = DIRECTION('',(-0.923881763369,0.382678046555,0.));
#7325 = ORIENTED_EDGE('',*,*,#7326,.T.);
#7326 = EDGE_CURVE('',#7318,#7327,#7329,.T.);
#7327 = VERTEX_POINT('',#7328);
#7328 = CARTESIAN_POINT('',(125.182914,-70.014419,1.585));
#7329 = LINE('',#7330,#7331);
#7330 = CARTESIAN_POINT('',(125.147558,-69.979064,1.585));
#7331 = VECTOR('',#7332,1.);
#7332 = DIRECTION('',(0.70711678107,-0.707096781162,0.));
#7333 = ORIENTED_EDGE('',*,*,#7334,.T.);
#7334 = EDGE_CURVE('',#7327,#7335,#7337,.T.);
#7335 = VERTEX_POINT('',#7336);
#7336 = CARTESIAN_POINT('',(125.182914,-70.099272,1.585));
#7337 = CIRCLE('',#7338,5.999899883255E-02);
#7338 = AXIS2_PLACEMENT_3D('',#7339,#7340,#7341);
#7339 = CARTESIAN_POINT('',(125.14048910213,-70.0568455,1.585));
#7340 = DIRECTION('',(0.,0.,-1.));
#7341 = DIRECTION('',(0.707093429693,0.707120132428,0.));
#7342 = ORIENTED_EDGE('',*,*,#7343,.T.);
#7343 = EDGE_CURVE('',#7335,#7344,#7346,.T.);
#7344 = VERTEX_POINT('',#7345);
#7345 = CARTESIAN_POINT('',(124.108111,-71.174075,1.585));
#7346 = LINE('',#7347,#7348);
#7347 = CARTESIAN_POINT('',(125.182914,-70.099272,1.585));
#7348 = VECTOR('',#7349,1.);
#7349 = DIRECTION('',(-0.707106781187,-0.707106781187,0.));
#7350 = ORIENTED_EDGE('',*,*,#7351,.T.);
#7351 = EDGE_CURVE('',#7344,#7352,#7354,.T.);
#7352 = VERTEX_POINT('',#7353);
#7353 = CARTESIAN_POINT('',(124.023259,-71.174076,1.585));
#7354 = CIRCLE('',#7355,5.999775057824E-02);
#7355 = AXIS2_PLACEMENT_3D('',#7356,#7357,#7358);
#7356 = CARTESIAN_POINT('',(124.06568450002,-71.13165186745,1.585));
#7357 = DIRECTION('',(-0.,0.,-1.));
#7358 = DIRECTION('',(0.70713484361,-0.707078717649,-0.));
#7359 = ORIENTED_EDGE('',*,*,#7360,.T.);
#7360 = EDGE_CURVE('',#7352,#7361,#7363,.T.);
#7361 = VERTEX_POINT('',#7362);
#7362 = CARTESIAN_POINT('',(123.316153,-70.466968,1.585));
#7363 = LINE('',#7364,#7365);
#7364 = CARTESIAN_POINT('',(124.023259,-71.174076,1.585));
#7365 = VECTOR('',#7366,1.);
#7366 = DIRECTION('',(-0.707105781186,0.707107781186,0.));
#7367 = ORIENTED_EDGE('',*,*,#7368,.T.);
#7368 = EDGE_CURVE('',#7361,#7369,#7371,.T.);
#7369 = VERTEX_POINT('',#7370);
#7370 = CARTESIAN_POINT('',(123.401005,-70.382116,1.585));
#7371 = CIRCLE('',#7372,5.999942460324E-02);
#7372 = AXIS2_PLACEMENT_3D('',#7373,#7374,#7375);
#7373 = CARTESIAN_POINT('',(123.35857840009,-70.42454140009,1.585));
#7374 = DIRECTION('',(0.,0.,-1.));
#7375 = DIRECTION('',(-0.707096782593,-0.707116779639,-0.));
#7376 = ORIENTED_EDGE('',*,*,#7377,.T.);
#7377 = EDGE_CURVE('',#7369,#7378,#7380,.T.);
#7378 = VERTEX_POINT('',#7379);
#7379 = CARTESIAN_POINT('',(124.065685,-71.046796,1.585));
#7380 = LINE('',#7381,#7382);
#7381 = CARTESIAN_POINT('',(123.401005,-70.382116,1.585));
#7382 = VECTOR('',#7383,1.);
#7383 = DIRECTION('',(0.707106781187,-0.707106781187,0.));
#7384 = ORIENTED_EDGE('',*,*,#7385,.T.);
#7385 = EDGE_CURVE('',#7378,#7386,#7388,.T.);
#7386 = VERTEX_POINT('',#7387);
#7387 = CARTESIAN_POINT('',(125.057041,-70.05544,1.585));
#7388 = LINE('',#7389,#7390);
#7389 = CARTESIAN_POINT('',(124.065685,-71.046796,1.585));
#7390 = VECTOR('',#7391,1.);
#7391 = DIRECTION('',(0.707106781187,0.707106781187,0.));
#7392 = ORIENTED_EDGE('',*,*,#7393,.T.);
#7393 = EDGE_CURVE('',#7386,#7394,#7396,.T.);
#7394 = VERTEX_POINT('',#7395);
#7395 = CARTESIAN_POINT('',(125.049699,-70.044453,1.585));
#7396 = LINE('',#7397,#7398);
#7397 = CARTESIAN_POINT('',(125.057041,-70.05544,1.585));
#7398 = VECTOR('',#7399,1.);
#7399 = DIRECTION('',(-0.555607969319,0.831444396475,0.));
#7400 = ORIENTED_EDGE('',*,*,#7401,.T.);
#7401 = EDGE_CURVE('',#7394,#7316,#7402,.T.);
#7402 = LINE('',#7403,#7404);
#7403 = CARTESIAN_POINT('',(125.049699,-70.044453,1.585));
#7404 = VECTOR('',#7405,1.);
#7405 = DIRECTION('',(0.,1.,0.));
#7406 = PLANE('',#7407);
#7407 = AXIS2_PLACEMENT_3D('',#7408,#7409,#7410);
#7408 = CARTESIAN_POINT('',(0.,0.,1.585));
#7409 = DIRECTION('',(0.,0.,1.));
#7410 = DIRECTION('',(1.,0.,-0.));
#7411 = SHELL_BASED_SURFACE_MODEL('',(#7412));
#7412 = OPEN_SHELL('',(#7413));
#7413 = ADVANCED_FACE('',(#7414),#7555,.T.);
#7414 = FACE_BOUND('',#7415,.F.);
#7415 = EDGE_LOOP('',(#7416,#7426,#7434,#7442,#7450,#7458,#7466,#7475,
    #7483,#7492,#7500,#7508,#7516,#7524,#7533,#7541,#7549));
#7416 = ORIENTED_EDGE('',*,*,#7417,.T.);
#7417 = EDGE_CURVE('',#7418,#7420,#7422,.T.);
#7418 = VERTEX_POINT('',#7419);
#7419 = CARTESIAN_POINT('',(126.712109,-70.03716,1.585));
#7420 = VERTEX_POINT('',#7421);
#7421 = CARTESIAN_POINT('',(126.734577,-70.018701,1.585));
#7422 = LINE('',#7423,#7424);
#7423 = CARTESIAN_POINT('',(126.712109,-70.03716,1.585));
#7424 = VECTOR('',#7425,1.);
#7425 = DIRECTION('',(0.772673239458,0.634803957947,0.));
#7426 = ORIENTED_EDGE('',*,*,#7427,.T.);
#7427 = EDGE_CURVE('',#7420,#7428,#7430,.T.);
#7428 = VERTEX_POINT('',#7429);
#7429 = CARTESIAN_POINT('',(126.767697,-70.018701,1.585));
#7430 = LINE('',#7431,#7432);
#7431 = CARTESIAN_POINT('',(126.734577,-70.018701,1.585));
#7432 = VECTOR('',#7433,1.);
#7433 = DIRECTION('',(1.,0.,0.));
#7434 = ORIENTED_EDGE('',*,*,#7435,.T.);
#7435 = EDGE_CURVE('',#7428,#7436,#7438,.T.);
#7436 = VERTEX_POINT('',#7437);
#7437 = CARTESIAN_POINT('',(126.795255,-70.037073,1.585));
#7438 = LINE('',#7439,#7440);
#7439 = CARTESIAN_POINT('',(126.767697,-70.018701,1.585));
#7440 = VECTOR('',#7441,1.);
#7441 = DIRECTION('',(0.832050294338,-0.554700196226,0.));
#7442 = ORIENTED_EDGE('',*,*,#7443,.T.);
#7443 = EDGE_CURVE('',#7436,#7444,#7446,.T.);
#7444 = VERTEX_POINT('',#7445);
#7445 = CARTESIAN_POINT('',(126.803711,-70.064895,1.585));
#7446 = LINE('',#7447,#7448);
#7447 = CARTESIAN_POINT('',(126.795255,-70.037073,1.585));
#7448 = VECTOR('',#7449,1.);
#7449 = DIRECTION('',(0.290797589612,-0.956784595338,0.));
#7450 = ORIENTED_EDGE('',*,*,#7451,.T.);
#7451 = EDGE_CURVE('',#7444,#7452,#7454,.T.);
#7452 = VERTEX_POINT('',#7453);
#7453 = CARTESIAN_POINT('',(126.803711,-70.814895,1.585));
#7454 = LINE('',#7455,#7456);
#7455 = CARTESIAN_POINT('',(126.803711,-70.064895,1.585));
#7456 = VECTOR('',#7457,1.);
#7457 = DIRECTION('',(0.,-1.,0.));
#7458 = ORIENTED_EDGE('',*,*,#7459,.T.);
#7459 = EDGE_CURVE('',#7452,#7460,#7462,.T.);
#7460 = VERTEX_POINT('',#7461);
#7461 = CARTESIAN_POINT('',(126.982282,-70.814895,1.585));
#7462 = LINE('',#7463,#7464);
#7463 = CARTESIAN_POINT('',(126.803711,-70.814895,1.585));
#7464 = VECTOR('',#7465,1.);
#7465 = DIRECTION('',(1.,0.,0.));
#7466 = ORIENTED_EDGE('',*,*,#7467,.T.);
#7467 = EDGE_CURVE('',#7460,#7468,#7470,.T.);
#7468 = VERTEX_POINT('',#7469);
#7469 = CARTESIAN_POINT('',(126.982282,-70.914895,1.585));
#7470 = CIRCLE('',#7471,5.000000000002E-02);
#7471 = AXIS2_PLACEMENT_3D('',#7472,#7473,#7474);
#7472 = CARTESIAN_POINT('',(126.98228195228,-70.864895,1.585));
#7473 = DIRECTION('',(0.,0.,-1.));
#7474 = DIRECTION('',(9.542361567579E-07,1.,0.));
#7475 = ORIENTED_EDGE('',*,*,#7476,.T.);
#7476 = EDGE_CURVE('',#7468,#7477,#7479,.T.);
#7477 = VERTEX_POINT('',#7478);
#7478 = CARTESIAN_POINT('',(126.525139,-70.914895,1.585));
#7479 = LINE('',#7480,#7481);
#7480 = CARTESIAN_POINT('',(126.982282,-70.914895,1.585));
#7481 = VECTOR('',#7482,1.);
#7482 = DIRECTION('',(-1.,0.,0.));
#7483 = ORIENTED_EDGE('',*,*,#7484,.T.);
#7484 = EDGE_CURVE('',#7477,#7485,#7487,.T.);
#7485 = VERTEX_POINT('',#7486);
#7486 = CARTESIAN_POINT('',(126.525139,-70.814895,1.585));
#7487 = CIRCLE('',#7488,5.000000000002E-02);
#7488 = AXIS2_PLACEMENT_3D('',#7489,#7490,#7491);
#7489 = CARTESIAN_POINT('',(126.52513904771,-70.864895,1.585));
#7490 = DIRECTION('',(0.,0.,-1.));
#7491 = DIRECTION('',(-9.54236440975E-07,-1.,-0.));
#7492 = ORIENTED_EDGE('',*,*,#7493,.T.);
#7493 = EDGE_CURVE('',#7485,#7494,#7496,.T.);
#7494 = VERTEX_POINT('',#7495);
#7495 = CARTESIAN_POINT('',(126.703711,-70.814895,1.585));
#7496 = LINE('',#7497,#7498);
#7497 = CARTESIAN_POINT('',(126.525139,-70.814895,1.585));
#7498 = VECTOR('',#7499,1.);
#7499 = DIRECTION('',(1.,0.,0.));
#7500 = ORIENTED_EDGE('',*,*,#7501,.T.);
#7501 = EDGE_CURVE('',#7494,#7502,#7504,.T.);
#7502 = VERTEX_POINT('',#7503);
#7503 = CARTESIAN_POINT('',(126.703711,-70.2237,1.585));
#7504 = LINE('',#7505,#7506);
#7505 = CARTESIAN_POINT('',(126.703711,-70.814895,1.585));
#7506 = VECTOR('',#7507,1.);
#7507 = DIRECTION('',(0.,1.,0.));
#7508 = ORIENTED_EDGE('',*,*,#7509,.T.);
#7509 = EDGE_CURVE('',#7502,#7510,#7512,.T.);
#7510 = VERTEX_POINT('',#7511);
#7511 = CARTESIAN_POINT('',(126.623691,-70.300092,1.585));
#7512 = LINE('',#7513,#7514);
#7513 = CARTESIAN_POINT('',(126.703711,-70.2237,1.585));
#7514 = VECTOR('',#7515,1.);
#7515 = DIRECTION('',(-0.723313679283,-0.690519602446,0.));
#7516 = ORIENTED_EDGE('',*,*,#7517,.T.);
#7517 = EDGE_CURVE('',#7510,#7518,#7520,.T.);
#7518 = VERTEX_POINT('',#7519);
#7519 = CARTESIAN_POINT('',(126.547499,-70.338187,1.585));
#7520 = LINE('',#7521,#7522);
#7521 = CARTESIAN_POINT('',(126.623691,-70.300092,1.585));
#7522 = VECTOR('',#7523,1.);
#7523 = DIRECTION('',(-0.894431886624,-0.447204204128,0.));
#7524 = ORIENTED_EDGE('',*,*,#7525,.T.);
#7525 = EDGE_CURVE('',#7518,#7526,#7528,.T.);
#7526 = VERTEX_POINT('',#7527);
#7527 = CARTESIAN_POINT('',(126.502779,-70.248745,1.585));
#7528 = CIRCLE('',#7529,4.999937440611E-02);
#7529 = AXIS2_PLACEMENT_3D('',#7530,#7531,#7532);
#7530 = CARTESIAN_POINT('',(126.52513895989,-70.29346602005,1.585));
#7531 = DIRECTION('',(0.,0.,-1.));
#7532 = DIRECTION('',(0.44720639759,-0.894430789919,0.));
#7533 = ORIENTED_EDGE('',*,*,#7534,.T.);
#7534 = EDGE_CURVE('',#7526,#7535,#7537,.T.);
#7535 = VERTEX_POINT('',#7536);
#7536 = CARTESIAN_POINT('',(126.571711,-70.214278,1.585));
#7537 = LINE('',#7538,#7539);
#7538 = CARTESIAN_POINT('',(126.502779,-70.248745,1.585));
#7539 = VECTOR('',#7540,1.);
#7540 = DIRECTION('',(0.89442200077,0.44722397581,0.));
#7541 = ORIENTED_EDGE('',*,*,#7542,.T.);
#7542 = EDGE_CURVE('',#7535,#7543,#7545,.T.);
#7543 = VERTEX_POINT('',#7544);
#7544 = CARTESIAN_POINT('',(126.638664,-70.147325,1.585));
#7545 = LINE('',#7546,#7547);
#7546 = CARTESIAN_POINT('',(126.571711,-70.214278,1.585));
#7547 = VECTOR('',#7548,1.);
#7548 = DIRECTION('',(0.707106781187,0.707106781186,0.));
#7549 = ORIENTED_EDGE('',*,*,#7550,.T.);
#7550 = EDGE_CURVE('',#7543,#7418,#7551,.T.);
#7551 = LINE('',#7552,#7553);
#7552 = CARTESIAN_POINT('',(126.638664,-70.147325,1.585));
#7553 = VECTOR('',#7554,1.);
#7554 = DIRECTION('',(0.554708910862,0.832044484514,0.));
#7555 = PLANE('',#7556);
#7556 = AXIS2_PLACEMENT_3D('',#7557,#7558,#7559);
#7557 = CARTESIAN_POINT('',(0.,0.,1.585));
#7558 = DIRECTION('',(0.,0.,1.));
#7559 = DIRECTION('',(1.,0.,-0.));
#7560 = SHELL_BASED_SURFACE_MODEL('',(#7561));
#7561 = OPEN_SHELL('',(#7562));
#7562 = ADVANCED_FACE('',(#7563),#7690,.T.);
#7563 = FACE_BOUND('',#7564,.F.);
#7564 = EDGE_LOOP('',(#7565,#7576,#7584,#7593,#7601,#7610,#7618,#7627,
    #7635,#7643,#7651,#7660,#7668,#7676,#7684));
#7565 = ORIENTED_EDGE('',*,*,#7566,.T.);
#7566 = EDGE_CURVE('',#7567,#7569,#7571,.T.);
#7567 = VERTEX_POINT('',#7568);
#7568 = CARTESIAN_POINT('',(125.678946,-70.045761,1.585));
#7569 = VERTEX_POINT('',#7570);
#7570 = CARTESIAN_POINT('',(125.77514,-70.064895,1.585));
#7571 = CIRCLE('',#7572,4.999998452108E-02);
#7572 = AXIS2_PLACEMENT_3D('',#7573,#7574,#7575);
#7573 = CARTESIAN_POINT('',(125.72514001547,-70.06489503736,1.585));
#7574 = DIRECTION('',(0.,0.,-1.));
#7575 = DIRECTION('',(-0.923880595592,0.382680865851,0.));
#7576 = ORIENTED_EDGE('',*,*,#7577,.T.);
#7577 = EDGE_CURVE('',#7569,#7578,#7580,.T.);
#7578 = VERTEX_POINT('',#7579);
#7579 = CARTESIAN_POINT('',(125.77514,-70.700711,1.585));
#7580 = LINE('',#7581,#7582);
#7581 = CARTESIAN_POINT('',(125.77514,-70.064895,1.585));
#7582 = VECTOR('',#7583,1.);
#7583 = DIRECTION('',(0.,-1.,0.));
#7584 = ORIENTED_EDGE('',*,*,#7585,.T.);
#7585 = EDGE_CURVE('',#7578,#7586,#7588,.T.);
#7586 = VERTEX_POINT('',#7587);
#7587 = CARTESIAN_POINT('',(125.889324,-70.814895,1.585));
#7588 = CIRCLE('',#7589,0.160773490578);
#7589 = AXIS2_PLACEMENT_3D('',#7590,#7591,#7592);
#7590 = CARTESIAN_POINT('',(125.9305405,-70.6594945,1.585));
#7591 = DIRECTION('',(0.,0.,1.));
#7592 = DIRECTION('',(-0.966580369946,-0.256363781442,0.));
#7593 = ORIENTED_EDGE('',*,*,#7594,.T.);
#7594 = EDGE_CURVE('',#7586,#7595,#7597,.T.);
#7595 = VERTEX_POINT('',#7596);
#7596 = CARTESIAN_POINT('',(126.018099,-70.814895,1.585));
#7597 = LINE('',#7598,#7599);
#7598 = CARTESIAN_POINT('',(125.889324,-70.814895,1.585));
#7599 = VECTOR('',#7600,1.);
#7600 = DIRECTION('',(1.,0.,0.));
#7601 = ORIENTED_EDGE('',*,*,#7602,.T.);
#7602 = EDGE_CURVE('',#7595,#7603,#7605,.T.);
#7603 = VERTEX_POINT('',#7604);
#7604 = CARTESIAN_POINT('',(126.132283,-70.70071,1.585));
#7605 = CIRCLE('',#7606,0.160776873187);
#7606 = AXIS2_PLACEMENT_3D('',#7607,#7608,#7609);
#7607 = CARTESIAN_POINT('',(125.97687944874,-70.65949180973,1.585));
#7608 = DIRECTION('',(0.,0.,1.));
#7609 = DIRECTION('',(0.256377365961,-0.966576766854,0.));
#7610 = ORIENTED_EDGE('',*,*,#7611,.T.);
#7611 = EDGE_CURVE('',#7603,#7612,#7614,.T.);
#7612 = VERTEX_POINT('',#7613);
#7613 = CARTESIAN_POINT('',(126.132283,-70.064895,1.585));
#7614 = LINE('',#7615,#7616);
#7615 = CARTESIAN_POINT('',(126.132283,-70.70071,1.585));
#7616 = VECTOR('',#7617,1.);
#7617 = DIRECTION('',(0.,1.,0.));
#7618 = ORIENTED_EDGE('',*,*,#7619,.T.);
#7619 = EDGE_CURVE('',#7612,#7620,#7622,.T.);
#7620 = VERTEX_POINT('',#7621);
#7621 = CARTESIAN_POINT('',(126.232283,-70.064895,1.585));
#7622 = CIRCLE('',#7623,5.000000000002E-02);
#7623 = AXIS2_PLACEMENT_3D('',#7624,#7625,#7626);
#7624 = CARTESIAN_POINT('',(126.182283,-70.06489504771,1.585));
#7625 = DIRECTION('',(0.,0.,-1.));
#7626 = DIRECTION('',(-1.,9.542361567579E-07,0.));
#7627 = ORIENTED_EDGE('',*,*,#7628,.T.);
#7628 = EDGE_CURVE('',#7620,#7629,#7631,.T.);
#7629 = VERTEX_POINT('',#7630);
#7630 = CARTESIAN_POINT('',(126.23004,-70.723789,1.585));
#7631 = LINE('',#7632,#7633);
#7632 = CARTESIAN_POINT('',(126.232283,-70.064895,1.585));
#7633 = VECTOR('',#7634,1.);
#7634 = DIRECTION('',(-3.404169720162E-03,-0.999994205797,0.));
#7635 = ORIENTED_EDGE('',*,*,#7636,.T.);
#7636 = EDGE_CURVE('',#7629,#7637,#7639,.T.);
#7637 = VERTEX_POINT('',#7638);
#7638 = CARTESIAN_POINT('',(126.179543,-70.824059,1.585));
#7639 = LINE('',#7640,#7641);
#7640 = CARTESIAN_POINT('',(126.23004,-70.723789,1.585));
#7641 = VECTOR('',#7642,1.);
#7642 = DIRECTION('',(-0.449791286022,-0.893133696049,0.));
#7643 = ORIENTED_EDGE('',*,*,#7644,.T.);
#7644 = EDGE_CURVE('',#7637,#7645,#7647,.T.);
#7645 = VERTEX_POINT('',#7646);
#7646 = CARTESIAN_POINT('',(126.128453,-70.871521,1.585));
#7647 = LINE('',#7648,#7649);
#7648 = CARTESIAN_POINT('',(126.179543,-70.824059,1.585));
#7649 = VECTOR('',#7650,1.);
#7650 = DIRECTION('',(-0.73264127064,-0.680614992897,0.));
#7651 = ORIENTED_EDGE('',*,*,#7652,.T.);
#7652 = EDGE_CURVE('',#7645,#7653,#7655,.T.);
#7653 = VERTEX_POINT('',#7654);
#7654 = CARTESIAN_POINT('',(125.765974,-70.862155,1.585));
#7655 = CIRCLE('',#7656,0.311216932072);
#7656 = AXIS2_PLACEMENT_3D('',#7657,#7658,#7659);
#7657 = CARTESIAN_POINT('',(125.95374736032,-70.6139672808,1.585));
#7658 = DIRECTION('',(-0.,0.,-1.));
#7659 = DIRECTION('',(0.561362900514,-0.827569751698,-0.));
#7660 = ORIENTED_EDGE('',*,*,#7661,.T.);
#7661 = EDGE_CURVE('',#7653,#7662,#7664,.T.);
#7662 = VERTEX_POINT('',#7663);
#7663 = CARTESIAN_POINT('',(125.718514,-70.811065,1.585));
#7664 = LINE('',#7665,#7666);
#7665 = CARTESIAN_POINT('',(125.765974,-70.862155,1.585));
#7666 = VECTOR('',#7667,1.);
#7667 = DIRECTION('',(-0.680599597852,0.732655572151,0.));
#7668 = ORIENTED_EDGE('',*,*,#7669,.T.);
#7669 = EDGE_CURVE('',#7662,#7670,#7672,.T.);
#7670 = VERTEX_POINT('',#7671);
#7671 = CARTESIAN_POINT('',(125.677382,-70.723786,1.585));
#7672 = LINE('',#7673,#7674);
#7673 = CARTESIAN_POINT('',(125.718514,-70.811065,1.585));
#7674 = VECTOR('',#7675,1.);
#7675 = DIRECTION('',(-0.426302087418,0.904580858886,0.));
#7676 = ORIENTED_EDGE('',*,*,#7677,.T.);
#7677 = EDGE_CURVE('',#7670,#7678,#7680,.T.);
#7678 = VERTEX_POINT('',#7679);
#7679 = CARTESIAN_POINT('',(125.67514,-70.064895,1.585));
#7680 = LINE('',#7681,#7682);
#7681 = CARTESIAN_POINT('',(125.677382,-70.723786,1.585));
#7682 = VECTOR('',#7683,1.);
#7683 = DIRECTION('',(-3.402667544185E-03,0.99999421091,0.));
#7684 = ORIENTED_EDGE('',*,*,#7685,.T.);
#7685 = EDGE_CURVE('',#7678,#7567,#7686,.T.);
#7686 = LINE('',#7687,#7688);
#7687 = CARTESIAN_POINT('',(125.67514,-70.064895,1.585));
#7688 = VECTOR('',#7689,1.);
#7689 = DIRECTION('',(0.195090852694,0.980785174845,0.));
#7690 = PLANE('',#7691);
#7691 = AXIS2_PLACEMENT_3D('',#7692,#7693,#7694);
#7692 = CARTESIAN_POINT('',(0.,0.,1.585));
#7693 = DIRECTION('',(0.,0.,1.));
#7694 = DIRECTION('',(1.,0.,-0.));
#7695 = SHELL_BASED_SURFACE_MODEL('',(#7696));
#7696 = OPEN_SHELL('',(#7697));
#7697 = ADVANCED_FACE('',(#7698,#7846),#7914,.T.);
#7698 = FACE_BOUND('',#7699,.F.);
#7699 = EDGE_LOOP('',(#7700,#7711,#7719,#7728,#7736,#7744,#7752,#7760,
    #7768,#7776,#7784,#7792,#7800,#7808,#7816,#7824,#7832,#7840));
#7700 = ORIENTED_EDGE('',*,*,#7701,.T.);
#7701 = EDGE_CURVE('',#7702,#7704,#7706,.T.);
#7702 = VERTEX_POINT('',#7703);
#7703 = CARTESIAN_POINT('',(132.534701,-69.865373,1.585));
#7704 = VERTEX_POINT('',#7705);
#7705 = CARTESIAN_POINT('',(132.613271,-69.747785,1.585));
#7706 = CIRCLE('',#7707,0.100001512409);
#7707 = AXIS2_PLACEMENT_3D('',#7708,#7709,#7710);
#7708 = CARTESIAN_POINT('',(132.63278124148,-69.84586482953,1.585));
#7709 = DIRECTION('',(0.,0.,-1.));
#7710 = DIRECTION('',(-0.9807875813,-0.195078754269,-0.));
#7711 = ORIENTED_EDGE('',*,*,#7712,.T.);
#7712 = EDGE_CURVE('',#7704,#7713,#7715,.T.);
#7713 = VERTEX_POINT('',#7714);
#7714 = CARTESIAN_POINT('',(133.652289,-69.747785,1.585));
#7715 = LINE('',#7716,#7717);
#7716 = CARTESIAN_POINT('',(132.613271,-69.747785,1.585));
#7717 = VECTOR('',#7718,1.);
#7718 = DIRECTION('',(1.,0.,0.));
#7719 = ORIENTED_EDGE('',*,*,#7720,.T.);
#7720 = EDGE_CURVE('',#7713,#7721,#7723,.T.);
#7721 = VERTEX_POINT('',#7722);
#7722 = CARTESIAN_POINT('',(133.652289,-69.943943,1.585));
#7723 = CIRCLE('',#7724,0.100000456609);
#7724 = AXIS2_PLACEMENT_3D('',#7725,#7726,#7727);
#7725 = CARTESIAN_POINT('',(133.63278,-69.845864,1.585));
#7726 = DIRECTION('',(0.,0.,-1.));
#7727 = DIRECTION('',(0.195089109206,0.980785521645,0.));
#7728 = ORIENTED_EDGE('',*,*,#7729,.T.);
#7729 = EDGE_CURVE('',#7721,#7730,#7732,.T.);
#7730 = VERTEX_POINT('',#7731);
#7731 = CARTESIAN_POINT('',(133.399447,-69.945864,1.585));
#7732 = LINE('',#7733,#7734);
#7733 = CARTESIAN_POINT('',(133.652289,-69.943943,1.585));
#7734 = VECTOR('',#7735,1.);
#7735 = DIRECTION('',(-0.999971139258,-7.5974108673E-03,0.));
#7736 = ORIENTED_EDGE('',*,*,#7737,.T.);
#7737 = EDGE_CURVE('',#7730,#7738,#7740,.T.);
#7738 = VERTEX_POINT('',#7739);
#7739 = CARTESIAN_POINT('',(133.39615,-70.154407,1.585));
#7740 = LINE('',#7741,#7742);
#7741 = CARTESIAN_POINT('',(133.399447,-69.945864,1.585));
#7742 = VECTOR('',#7743,1.);
#7743 = DIRECTION('',(-1.580771371276E-02,-0.999875050287,0.));
#7744 = ORIENTED_EDGE('',*,*,#7745,.T.);
#7745 = EDGE_CURVE('',#7738,#7746,#7748,.T.);
#7746 = VERTEX_POINT('',#7747);
#7747 = CARTESIAN_POINT('',(133.334975,-70.282374,1.585));
#7748 = LINE('',#7749,#7750);
#7749 = CARTESIAN_POINT('',(133.39615,-70.154407,1.585));
#7750 = VECTOR('',#7751,1.);
#7751 = DIRECTION('',(-0.431302813915,-0.902207228251,0.));
#7752 = ORIENTED_EDGE('',*,*,#7753,.T.);
#7753 = EDGE_CURVE('',#7746,#7754,#7756,.T.);
#7754 = VERTEX_POINT('',#7755);
#7755 = CARTESIAN_POINT('',(133.257326,-70.358592,1.585));
#7756 = LINE('',#7757,#7758);
#7757 = CARTESIAN_POINT('',(133.334975,-70.282374,1.585));
#7758 = VECTOR('',#7759,1.);
#7759 = DIRECTION('',(-0.713652181015,-0.700500224506,0.));
#7760 = ORIENTED_EDGE('',*,*,#7761,.T.);
#7761 = EDGE_CURVE('',#7754,#7762,#7764,.T.);
#7762 = VERTEX_POINT('',#7763);
#7763 = CARTESIAN_POINT('',(133.1318,-70.418757,1.585));
#7764 = LINE('',#7765,#7766);
#7765 = CARTESIAN_POINT('',(133.257326,-70.358592,1.585));
#7766 = VECTOR('',#7767,1.);
#7767 = DIRECTION('',(-0.901768081384,-0.432220230203,0.));
#7768 = ORIENTED_EDGE('',*,*,#7769,.T.);
#7769 = EDGE_CURVE('',#7762,#7770,#7772,.T.);
#7770 = VERTEX_POINT('',#7771);
#7771 = CARTESIAN_POINT('',(133.108971,-70.422054,1.585));
#7772 = LINE('',#7773,#7774);
#7773 = CARTESIAN_POINT('',(133.1318,-70.418757,1.585));
#7774 = VECTOR('',#7775,1.);
#7775 = DIRECTION('',(-0.989731560051,-0.142938584848,0.));
#7776 = ORIENTED_EDGE('',*,*,#7777,.T.);
#7777 = EDGE_CURVE('',#7770,#7778,#7780,.T.);
#7778 = VERTEX_POINT('',#7779);
#7779 = CARTESIAN_POINT('',(132.803748,-70.420133,1.585));
#7780 = LINE('',#7781,#7782);
#7781 = CARTESIAN_POINT('',(133.108971,-70.422054,1.585));
#7782 = VECTOR('',#7783,1.);
#7783 = DIRECTION('',(-0.999980194887,6.29363434071E-03,0.));
#7784 = ORIENTED_EDGE('',*,*,#7785,.T.);
#7785 = EDGE_CURVE('',#7778,#7786,#7788,.T.);
#7786 = VERTEX_POINT('',#7787);
#7787 = CARTESIAN_POINT('',(132.683298,-70.363878,1.585));
#7788 = LINE('',#7789,#7790);
#7789 = CARTESIAN_POINT('',(132.803748,-70.420133,1.585));
#7790 = VECTOR('',#7791,1.);
#7791 = DIRECTION('',(-0.906053379965,0.42316341129,0.));
#7792 = ORIENTED_EDGE('',*,*,#7793,.T.);
#7793 = EDGE_CURVE('',#7786,#7794,#7796,.T.);
#7794 = VERTEX_POINT('',#7795);
#7795 = CARTESIAN_POINT('',(132.657308,-70.345145,1.585));
#7796 = LINE('',#7797,#7798);
#7797 = CARTESIAN_POINT('',(132.683298,-70.363878,1.585));
#7798 = VECTOR('',#7799,1.);
#7799 = DIRECTION('',(-0.811235257919,0.584719895598,0.));
#7800 = ORIENTED_EDGE('',*,*,#7801,.T.);
#7801 = EDGE_CURVE('',#7794,#7802,#7804,.T.);
#7802 = VERTEX_POINT('',#7803);
#7803 = CARTESIAN_POINT('',(132.596242,-70.279933,1.585));
#7804 = LINE('',#7805,#7806);
#7805 = CARTESIAN_POINT('',(132.657308,-70.345145,1.585));
#7806 = VECTOR('',#7807,1.);
#7807 = DIRECTION('',(-0.683522517207,0.729929427048,0.));
#7808 = ORIENTED_EDGE('',*,*,#7809,.T.);
#7809 = EDGE_CURVE('',#7802,#7810,#7812,.T.);
#7810 = VERTEX_POINT('',#7811);
#7811 = CARTESIAN_POINT('',(132.536076,-70.154406,1.585));
#7812 = LINE('',#7813,#7814);
#7813 = CARTESIAN_POINT('',(132.596242,-70.279933,1.585));
#7814 = VECTOR('',#7815,1.);
#7815 = DIRECTION('',(-0.432223272008,0.901766623431,0.));
#7816 = ORIENTED_EDGE('',*,*,#7817,.T.);
#7817 = EDGE_CURVE('',#7810,#7818,#7820,.T.);
#7818 = VERTEX_POINT('',#7819);
#7819 = CARTESIAN_POINT('',(132.53278,-69.941102,1.585));
#7820 = LINE('',#7821,#7822);
#7821 = CARTESIAN_POINT('',(132.536076,-70.154406,1.585));
#7822 = VECTOR('',#7823,1.);
#7823 = DIRECTION('',(-1.545028025979E-02,0.999880637296,0.));
#7824 = ORIENTED_EDGE('',*,*,#7825,.T.);
#7825 = EDGE_CURVE('',#7818,#7826,#7828,.T.);
#7826 = VERTEX_POINT('',#7827);
#7827 = CARTESIAN_POINT('',(132.543338,-69.89638,1.585));
#7828 = LINE('',#7829,#7830);
#7829 = CARTESIAN_POINT('',(132.53278,-69.941102,1.585));
#7830 = VECTOR('',#7831,1.);
#7831 = DIRECTION('',(0.229764627087,0.973246225854,0.));
#7832 = ORIENTED_EDGE('',*,*,#7833,.T.);
#7833 = EDGE_CURVE('',#7826,#7834,#7836,.T.);
#7834 = VERTEX_POINT('',#7835);
#7835 = CARTESIAN_POINT('',(132.545638,-69.891778,1.585));
#7836 = LINE('',#7837,#7838);
#7837 = CARTESIAN_POINT('',(132.543338,-69.89638,1.585));
#7838 = VECTOR('',#7839,1.);
#7839 = DIRECTION('',(0.447058090275,0.894504926716,0.));
#7840 = ORIENTED_EDGE('',*,*,#7841,.T.);
#7841 = EDGE_CURVE('',#7834,#7702,#7842,.T.);
#7842 = LINE('',#7843,#7844);
#7843 = CARTESIAN_POINT('',(132.545638,-69.891778,1.585));
#7844 = VECTOR('',#7845,1.);
#7845 = DIRECTION('',(-0.38267420066,0.923883356355,0.));
#7846 = FACE_BOUND('',#7847,.F.);
#7847 = EDGE_LOOP('',(#7848,#7858,#7866,#7874,#7882,#7891,#7899,#7908));
#7848 = ORIENTED_EDGE('',*,*,#7849,.T.);
#7849 = EDGE_CURVE('',#7850,#7852,#7854,.T.);
#7850 = VERTEX_POINT('',#7851);
#7851 = CARTESIAN_POINT('',(133.199447,-69.964709,1.585));
#7852 = VERTEX_POINT('',#7853);
#7853 = CARTESIAN_POINT('',(133.190024,-69.945864,1.585));
#7854 = LINE('',#7855,#7856);
#7855 = CARTESIAN_POINT('',(133.199447,-69.964709,1.585));
#7856 = VECTOR('',#7857,1.);
#7857 = DIRECTION('',(-0.447232580121,0.894417698438,0.));
#7858 = ORIENTED_EDGE('',*,*,#7859,.T.);
#7859 = EDGE_CURVE('',#7852,#7860,#7862,.T.);
#7860 = VERTEX_POINT('',#7861);
#7861 = CARTESIAN_POINT('',(132.742202,-69.945864,1.585));
#7862 = LINE('',#7863,#7864);
#7863 = CARTESIAN_POINT('',(133.190024,-69.945864,1.585));
#7864 = VECTOR('',#7865,1.);
#7865 = DIRECTION('',(-1.,0.,0.));
#7866 = ORIENTED_EDGE('',*,*,#7867,.T.);
#7867 = EDGE_CURVE('',#7860,#7868,#7870,.T.);
#7868 = VERTEX_POINT('',#7869);
#7869 = CARTESIAN_POINT('',(132.73278,-69.964708,1.585));
#7870 = LINE('',#7871,#7872);
#7871 = CARTESIAN_POINT('',(132.742202,-69.945864,1.585));
#7872 = VECTOR('',#7873,1.);
#7873 = DIRECTION('',(-0.4472135955,-0.894427191,0.));
#7874 = ORIENTED_EDGE('',*,*,#7875,.T.);
#7875 = EDGE_CURVE('',#7868,#7876,#7878,.T.);
#7876 = VERTEX_POINT('',#7877);
#7877 = CARTESIAN_POINT('',(132.73278,-70.107971,1.585));
#7878 = LINE('',#7879,#7880);
#7879 = CARTESIAN_POINT('',(132.73278,-69.964708,1.585));
#7880 = VECTOR('',#7881,1.);
#7881 = DIRECTION('',(0.,-1.,0.));
#7882 = ORIENTED_EDGE('',*,*,#7883,.T.);
#7883 = EDGE_CURVE('',#7876,#7884,#7886,.T.);
#7884 = VERTEX_POINT('',#7885);
#7885 = CARTESIAN_POINT('',(132.846864,-70.222054,1.585));
#7886 = CIRCLE('',#7887,0.158668295882);
#7887 = AXIS2_PLACEMENT_3D('',#7888,#7889,#7890);
#7888 = CARTESIAN_POINT('',(132.88643447848,-70.06839917465,1.585));
#7889 = DIRECTION('',(0.,0.,1.));
#7890 = DIRECTION('',(-0.968400634964,-0.249399699682,0.));
#7891 = ORIENTED_EDGE('',*,*,#7892,.T.);
#7892 = EDGE_CURVE('',#7884,#7893,#7895,.T.);
#7893 = VERTEX_POINT('',#7894);
#7894 = CARTESIAN_POINT('',(133.085364,-70.222054,1.585));
#7895 = LINE('',#7896,#7897);
#7896 = CARTESIAN_POINT('',(132.846864,-70.222054,1.585));
#7897 = VECTOR('',#7898,1.);
#7898 = DIRECTION('',(1.,0.,0.));
#7899 = ORIENTED_EDGE('',*,*,#7900,.T.);
#7900 = EDGE_CURVE('',#7893,#7901,#7903,.T.);
#7901 = VERTEX_POINT('',#7902);
#7902 = CARTESIAN_POINT('',(133.199447,-70.107971,1.585));
#7903 = CIRCLE('',#7904,0.158676131136);
#7904 = AXIS2_PLACEMENT_3D('',#7905,#7906,#7907);
#7905 = CARTESIAN_POINT('',(133.04578601659,-70.06839301659,1.585));
#7906 = DIRECTION('',(0.,0.,1.));
#7907 = DIRECTION('',(0.24942619362,-0.968393811389,0.));
#7908 = ORIENTED_EDGE('',*,*,#7909,.T.);
#7909 = EDGE_CURVE('',#7901,#7850,#7910,.T.);
#7910 = LINE('',#7911,#7912);
#7911 = CARTESIAN_POINT('',(133.199447,-70.107971,1.585));
#7912 = VECTOR('',#7913,1.);
#7913 = DIRECTION('',(0.,1.,0.));
#7914 = PLANE('',#7915);
#7915 = AXIS2_PLACEMENT_3D('',#7916,#7917,#7918);
#7916 = CARTESIAN_POINT('',(0.,0.,1.585));
#7917 = DIRECTION('',(0.,0.,1.));
#7918 = DIRECTION('',(1.,0.,-0.));
#7919 = SHELL_BASED_SURFACE_MODEL('',(#7920));
#7920 = OPEN_SHELL('',(#7921));
#7921 = ADVANCED_FACE('',(#7922),#8008,.T.);
#7922 = FACE_BOUND('',#7923,.F.);
#7923 = EDGE_LOOP('',(#7924,#7935,#7943,#7952,#7960,#7968,#7976,#7985,
    #7993,#8002));
#7924 = ORIENTED_EDGE('',*,*,#7925,.T.);
#7925 = EDGE_CURVE('',#7926,#7928,#7930,.T.);
#7926 = VERTEX_POINT('',#7927);
#7927 = CARTESIAN_POINT('',(122.891889,-67.808247,1.585));
#7928 = VERTEX_POINT('',#7929);
#7929 = CARTESIAN_POINT('',(122.976742,-67.808247,1.585));
#7930 = CIRCLE('',#7931,5.99989988326E-02);
#7931 = AXIS2_PLACEMENT_3D('',#7932,#7933,#7934);
#7932 = CARTESIAN_POINT('',(122.9343155,-67.85067189786,1.585));
#7933 = DIRECTION('',(0.,0.,-1.));
#7934 = DIRECTION('',(-0.707120132427,0.707093429694,0.));
#7935 = ORIENTED_EDGE('',*,*,#7936,.T.);
#7936 = EDGE_CURVE('',#7928,#7937,#7939,.T.);
#7937 = VERTEX_POINT('',#7938);
#7938 = CARTESIAN_POINT('',(123.012097,-67.843603,1.585));
#7939 = LINE('',#7940,#7941);
#7940 = CARTESIAN_POINT('',(122.976742,-67.808247,1.585));
#7941 = VECTOR('',#7942,1.);
#7942 = DIRECTION('',(0.707096781161,-0.70711678107,0.));
#7943 = ORIENTED_EDGE('',*,*,#7944,.T.);
#7944 = EDGE_CURVE('',#7937,#7945,#7947,.T.);
#7945 = VERTEX_POINT('',#7946);
#7946 = CARTESIAN_POINT('',(122.946708,-67.941461,1.585));
#7947 = CIRCLE('',#7948,5.999996860493E-02);
#7948 = AXIS2_PLACEMENT_3D('',#7949,#7950,#7951);
#7949 = CARTESIAN_POINT('',(122.9696698369,-67.88602860623,1.585));
#7950 = DIRECTION('',(0.,0.,-1.));
#7951 = DIRECTION('',(0.707119754889,0.707093807246,0.));
#7952 = ORIENTED_EDGE('',*,*,#7953,.T.);
#7953 = EDGE_CURVE('',#7945,#7954,#7956,.T.);
#7954 = VERTEX_POINT('',#7955);
#7955 = CARTESIAN_POINT('',(122.93572,-67.934119,1.585));
#7956 = LINE('',#7957,#7958);
#7957 = CARTESIAN_POINT('',(122.946708,-67.941461,1.585));
#7958 = VECTOR('',#7959,1.);
#7959 = DIRECTION('',(-0.831467755247,0.555573012289,0.));
#7960 = ORIENTED_EDGE('',*,*,#7961,.T.);
#7961 = EDGE_CURVE('',#7954,#7962,#7964,.T.);
#7962 = VERTEX_POINT('',#7963);
#7963 = CARTESIAN_POINT('',(121.944364,-68.925475,1.585));
#7964 = LINE('',#7965,#7966);
#7965 = CARTESIAN_POINT('',(122.93572,-67.934119,1.585));
#7966 = VECTOR('',#7967,1.);
#7967 = DIRECTION('',(-0.707106781187,-0.707106781187,0.));
#7968 = ORIENTED_EDGE('',*,*,#7969,.T.);
#7969 = EDGE_CURVE('',#7962,#7970,#7972,.T.);
#7970 = VERTEX_POINT('',#7971);
#7971 = CARTESIAN_POINT('',(122.609046,-69.590156,1.585));
#7972 = LINE('',#7973,#7974);
#7973 = CARTESIAN_POINT('',(121.944364,-68.925475,1.585));
#7974 = VECTOR('',#7975,1.);
#7975 = DIRECTION('',(0.7071073131,-0.707106249272,0.));
#7976 = ORIENTED_EDGE('',*,*,#7977,.T.);
#7977 = EDGE_CURVE('',#7970,#7978,#7980,.T.);
#7978 = VERTEX_POINT('',#7979);
#7979 = CARTESIAN_POINT('',(122.524193,-69.675009,1.585));
#7980 = CIRCLE('',#7981,6.000013170727E-02);
#7981 = AXIS2_PLACEMENT_3D('',#7982,#7983,#7984);
#7982 = CARTESIAN_POINT('',(122.56661905871,-69.63258205871,1.585));
#7983 = DIRECTION('',(0.,0.,-1.));
#7984 = DIRECTION('',(0.707114135956,0.707099426341,0.));
#7985 = ORIENTED_EDGE('',*,*,#7986,.T.);
#7986 = EDGE_CURVE('',#7978,#7987,#7989,.T.);
#7987 = VERTEX_POINT('',#7988);
#7988 = CARTESIAN_POINT('',(121.817086,-68.967902,1.585));
#7989 = LINE('',#7990,#7991);
#7990 = CARTESIAN_POINT('',(122.524193,-69.675009,1.585));
#7991 = VECTOR('',#7992,1.);
#7992 = DIRECTION('',(-0.707106781187,0.707106781187,0.));
#7993 = ORIENTED_EDGE('',*,*,#7994,.T.);
#7994 = EDGE_CURVE('',#7987,#7995,#7997,.T.);
#7995 = VERTEX_POINT('',#7996);
#7996 = CARTESIAN_POINT('',(121.817086,-68.88305,1.585));
#7997 = CIRCLE('',#7998,5.999686798801E-02);
#7998 = AXIS2_PLACEMENT_3D('',#7999,#8000,#8001);
#7999 = CARTESIAN_POINT('',(121.85950838433,-68.925476,1.585));
#8000 = DIRECTION('',(0.,0.,-1.));
#8001 = DIRECTION('',(-0.707076648401,-0.707136912688,-0.));
#8002 = ORIENTED_EDGE('',*,*,#8003,.T.);
#8003 = EDGE_CURVE('',#7995,#7926,#8004,.T.);
#8004 = LINE('',#8005,#8006);
#8005 = CARTESIAN_POINT('',(121.817086,-68.88305,1.585));
#8006 = VECTOR('',#8007,1.);
#8007 = DIRECTION('',(0.707106781187,0.707106781187,0.));
#8008 = PLANE('',#8009);
#8009 = AXIS2_PLACEMENT_3D('',#8010,#8011,#8012);
#8010 = CARTESIAN_POINT('',(0.,0.,1.585));
#8011 = DIRECTION('',(0.,0.,1.));
#8012 = DIRECTION('',(1.,0.,-0.));
#8013 = SHELL_BASED_SURFACE_MODEL('',(#8014));
#8014 = OPEN_SHELL('',(#8015));
#8015 = ADVANCED_FACE('',(#8016,#8198),#8257,.T.);
#8016 = FACE_BOUND('',#8017,.F.);
#8017 = EDGE_LOOP('',(#8018,#8029,#8037,#8045,#8053,#8061,#8069,#8077,
    #8085,#8093,#8101,#8110,#8118,#8126,#8134,#8143,#8151,#8160,#8168,
    #8176,#8184,#8192));
#8018 = ORIENTED_EDGE('',*,*,#8019,.T.);
#8019 = EDGE_CURVE('',#8020,#8022,#8024,.T.);
#8020 = VERTEX_POINT('',#8021);
#8021 = CARTESIAN_POINT('',(132.630878,-68.854225,1.585));
#8022 = VERTEX_POINT('',#8023);
#8023 = CARTESIAN_POINT('',(133.015637,-68.854226,1.585));
#8024 = CIRCLE('',#8025,0.312985073829);
#8025 = AXIS2_PLACEMENT_3D('',#8026,#8027,#8028);
#8026 = CARTESIAN_POINT('',(132.82325685835,-69.1011056013,1.585));
#8027 = DIRECTION('',(0.,0.,-1.));
#8028 = DIRECTION('',(-0.614658251903,0.788793530252,0.));
#8029 = ORIENTED_EDGE('',*,*,#8030,.T.);
#8030 = EDGE_CURVE('',#8022,#8031,#8033,.T.);
#8031 = VERTEX_POINT('',#8032);
#8032 = CARTESIAN_POINT('',(133.05299,-68.891579,1.585));
#8033 = LINE('',#8034,#8035);
#8034 = CARTESIAN_POINT('',(133.015637,-68.854226,1.585));
#8035 = VECTOR('',#8036,1.);
#8036 = DIRECTION('',(0.707106781187,-0.707106781187,0.));
#8037 = ORIENTED_EDGE('',*,*,#8038,.T.);
#8038 = EDGE_CURVE('',#8031,#8039,#8041,.T.);
#8039 = VERTEX_POINT('',#8040);
#8040 = CARTESIAN_POINT('',(133.111812,-69.016831,1.585));
#8041 = LINE('',#8042,#8043);
#8042 = CARTESIAN_POINT('',(133.05299,-68.891579,1.585));
#8043 = VECTOR('',#8044,1.);
#8044 = DIRECTION('',(0.425086236258,-0.905152855458,0.));
#8045 = ORIENTED_EDGE('',*,*,#8046,.T.);
#8046 = EDGE_CURVE('',#8039,#8047,#8049,.T.);
#8047 = VERTEX_POINT('',#8048);
#8048 = CARTESIAN_POINT('',(133.113733,-69.250827,1.585));
#8049 = LINE('',#8050,#8051);
#8050 = CARTESIAN_POINT('',(133.111812,-69.016831,1.585));
#8051 = VECTOR('',#8052,1.);
#8052 = DIRECTION('',(8.209265409949E-03,-0.999966303413,0.));
#8053 = ORIENTED_EDGE('',*,*,#8054,.T.);
#8054 = EDGE_CURVE('',#8047,#8055,#8057,.T.);
#8055 = VERTEX_POINT('',#8056);
#8056 = CARTESIAN_POINT('',(133.123156,-69.269673,1.585));
#8057 = LINE('',#8058,#8059);
#8058 = CARTESIAN_POINT('',(133.113733,-69.250827,1.585));
#8059 = VECTOR('',#8060,1.);
#8060 = DIRECTION('',(0.4472135955,-0.894427191,0.));
#8061 = ORIENTED_EDGE('',*,*,#8062,.T.);
#8062 = EDGE_CURVE('',#8055,#8063,#8065,.T.);
#8063 = VERTEX_POINT('',#8064);
#8064 = CARTESIAN_POINT('',(133.132983,-69.269673,1.585));
#8065 = LINE('',#8066,#8067);
#8066 = CARTESIAN_POINT('',(133.123156,-69.269673,1.585));
#8067 = VECTOR('',#8068,1.);
#8068 = DIRECTION('',(1.,0.,0.));
#8069 = ORIENTED_EDGE('',*,*,#8070,.T.);
#8070 = EDGE_CURVE('',#8063,#8071,#8073,.T.);
#8071 = VERTEX_POINT('',#8072);
#8072 = CARTESIAN_POINT('',(133.177292,-69.247517,1.585));
#8073 = LINE('',#8074,#8075);
#8074 = CARTESIAN_POINT('',(133.132983,-69.269673,1.585));
#8075 = VECTOR('',#8076,1.);
#8076 = DIRECTION('',(0.894415079159,0.447237818363,0.));
#8077 = ORIENTED_EDGE('',*,*,#8078,.T.);
#8078 = EDGE_CURVE('',#8071,#8079,#8081,.T.);
#8079 = VERTEX_POINT('',#8080);
#8080 = CARTESIAN_POINT('',(133.199447,-69.203209,1.585));
#8081 = LINE('',#8082,#8083);
#8082 = CARTESIAN_POINT('',(133.177292,-69.247517,1.585));
#8083 = VECTOR('',#8084,1.);
#8084 = DIRECTION('',(0.447229744549,0.894419116293,0.));
#8085 = ORIENTED_EDGE('',*,*,#8086,.T.);
#8086 = EDGE_CURVE('',#8079,#8087,#8089,.T.);
#8087 = VERTEX_POINT('',#8088);
#8088 = CARTESIAN_POINT('',(133.199447,-69.059947,1.585));
#8089 = LINE('',#8090,#8091);
#8090 = CARTESIAN_POINT('',(133.199447,-69.203209,1.585));
#8091 = VECTOR('',#8092,1.);
#8092 = DIRECTION('',(0.,1.,0.));
#8093 = ORIENTED_EDGE('',*,*,#8094,.T.);
#8094 = EDGE_CURVE('',#8087,#8095,#8097,.T.);
#8095 = VERTEX_POINT('',#8096);
#8096 = CARTESIAN_POINT('',(133.155379,-68.967515,1.585));
#8097 = LINE('',#8098,#8099);
#8098 = CARTESIAN_POINT('',(133.199447,-69.059947,1.585));
#8099 = VECTOR('',#8100,1.);
#8100 = DIRECTION('',(-0.430353547938,0.902660414429,0.));
#8101 = ORIENTED_EDGE('',*,*,#8102,.T.);
#8102 = EDGE_CURVE('',#8095,#8103,#8105,.T.);
#8103 = VERTEX_POINT('',#8104);
#8104 = CARTESIAN_POINT('',(133.330828,-68.87979,1.585));
#8105 = CIRCLE('',#8106,0.100000465511);
#8106 = AXIS2_PLACEMENT_3D('',#8107,#8108,#8109);
#8107 = CARTESIAN_POINT('',(133.25182806035,-68.94110152125,1.585));
#8108 = DIRECTION('',(0.,0.,-1.));
#8109 = DIRECTION('',(-0.96448611373,-0.264133557923,-0.));
#8110 = ORIENTED_EDGE('',*,*,#8111,.T.);
#8111 = EDGE_CURVE('',#8103,#8112,#8114,.T.);
#8112 = VERTEX_POINT('',#8113);
#8113 = CARTESIAN_POINT('',(133.395896,-69.009927,1.585));
#8114 = LINE('',#8115,#8116);
#8115 = CARTESIAN_POINT('',(133.330828,-68.87979,1.585));
#8116 = VECTOR('',#8117,1.);
#8117 = DIRECTION('',(0.447210846307,-0.894428565591,0.));
#8118 = ORIENTED_EDGE('',*,*,#8119,.T.);
#8119 = EDGE_CURVE('',#8112,#8120,#8122,.T.);
#8120 = VERTEX_POINT('',#8121);
#8121 = CARTESIAN_POINT('',(133.399447,-69.03634,1.585));
#8122 = LINE('',#8123,#8124);
#8123 = CARTESIAN_POINT('',(133.395896,-69.009927,1.585));
#8124 = VECTOR('',#8125,1.);
#8125 = DIRECTION('',(0.133242620288,-0.991083449634,0.));
#8126 = ORIENTED_EDGE('',*,*,#8127,.T.);
#8127 = EDGE_CURVE('',#8120,#8128,#8130,.T.);
#8128 = VERTEX_POINT('',#8129);
#8129 = CARTESIAN_POINT('',(133.39615,-69.249645,1.585));
#8130 = LINE('',#8131,#8132);
#8131 = CARTESIAN_POINT('',(133.399447,-69.03634,1.585));
#8132 = VECTOR('',#8133,1.);
#8133 = DIRECTION('',(-1.545489428785E-02,-0.999880565989,0.));
#8134 = ORIENTED_EDGE('',*,*,#8135,.T.);
#8135 = EDGE_CURVE('',#8128,#8136,#8138,.T.);
#8136 = VERTEX_POINT('',#8137);
#8137 = CARTESIAN_POINT('',(133.176099,-69.467752,1.585));
#8138 = CIRCLE('',#8139,0.276102476201);
#8139 = AXIS2_PLACEMENT_3D('',#8140,#8141,#8142);
#8140 = CARTESIAN_POINT('',(133.12523508407,-69.19637506763,1.585));
#8141 = DIRECTION('',(0.,0.,-1.));
#8142 = DIRECTION('',(0.981211467754,-0.192935366247,0.));
#8143 = ORIENTED_EDGE('',*,*,#8144,.T.);
#8144 = EDGE_CURVE('',#8136,#8145,#8147,.T.);
#8145 = VERTEX_POINT('',#8146);
#8146 = CARTESIAN_POINT('',(132.613271,-69.467752,1.585));
#8147 = LINE('',#8148,#8149);
#8148 = CARTESIAN_POINT('',(133.176099,-69.467752,1.585));
#8149 = VECTOR('',#8150,1.);
#8150 = DIRECTION('',(-1.,0.,0.));
#8151 = ORIENTED_EDGE('',*,*,#8152,.T.);
#8152 = EDGE_CURVE('',#8145,#8153,#8155,.T.);
#8153 = VERTEX_POINT('',#8154);
#8154 = CARTESIAN_POINT('',(132.534701,-69.350164,1.585));
#8155 = CIRCLE('',#8156,0.100001512409);
#8156 = AXIS2_PLACEMENT_3D('',#8157,#8158,#8159);
#8157 = CARTESIAN_POINT('',(132.63278124148,-69.36967217046,1.585));
#8158 = DIRECTION('',(0.,0.,-1.));
#8159 = DIRECTION('',(-0.195099464121,-0.980783461881,-0.));
#8160 = ORIENTED_EDGE('',*,*,#8161,.T.);
#8161 = EDGE_CURVE('',#8153,#8162,#8164,.T.);
#8162 = VERTEX_POINT('',#8163);
#8163 = CARTESIAN_POINT('',(132.545638,-69.323758,1.585));
#8164 = LINE('',#8165,#8166);
#8165 = CARTESIAN_POINT('',(132.534701,-69.350164,1.585));
#8166 = VECTOR('',#8167,1.);
#8167 = DIRECTION('',(0.382661830809,0.923888479873,0.));
#8168 = ORIENTED_EDGE('',*,*,#8169,.T.);
#8169 = EDGE_CURVE('',#8162,#8170,#8172,.T.);
#8170 = VERTEX_POINT('',#8171);
#8171 = CARTESIAN_POINT('',(132.534701,-69.293944,1.585));
#8172 = LINE('',#8173,#8174);
#8173 = CARTESIAN_POINT('',(132.545638,-69.323758,1.585));
#8174 = VECTOR('',#8175,1.);
#8175 = DIRECTION('',(-0.344398984113,0.938823380483,0.));
#8176 = ORIENTED_EDGE('',*,*,#8177,.T.);
#8177 = EDGE_CURVE('',#8170,#8178,#8180,.T.);
#8178 = VERTEX_POINT('',#8179);
#8179 = CARTESIAN_POINT('',(132.534701,-69.016831,1.585));
#8180 = LINE('',#8181,#8182);
#8181 = CARTESIAN_POINT('',(132.534701,-69.293944,1.585));
#8182 = VECTOR('',#8183,1.);
#8183 = DIRECTION('',(0.,1.,0.));
#8184 = ORIENTED_EDGE('',*,*,#8185,.T.);
#8185 = EDGE_CURVE('',#8178,#8186,#8188,.T.);
#8186 = VERTEX_POINT('',#8187);
#8187 = CARTESIAN_POINT('',(132.593524,-68.891579,1.585));
#8188 = LINE('',#8189,#8190);
#8189 = CARTESIAN_POINT('',(132.534701,-69.016831,1.585));
#8190 = VECTOR('',#8191,1.);
#8191 = DIRECTION('',(0.42509215704,0.905150074862,0.));
#8192 = ORIENTED_EDGE('',*,*,#8193,.T.);
#8193 = EDGE_CURVE('',#8186,#8020,#8194,.T.);
#8194 = LINE('',#8195,#8196);
#8195 = CARTESIAN_POINT('',(132.593524,-68.891579,1.585));
#8196 = VECTOR('',#8197,1.);
#8197 = DIRECTION('',(0.707106781187,0.707106781187,0.));
#8198 = FACE_BOUND('',#8199,.F.);
#8199 = EDGE_LOOP('',(#8200,#8211,#8219,#8227,#8235,#8243,#8251));
#8200 = ORIENTED_EDGE('',*,*,#8201,.T.);
#8201 = EDGE_CURVE('',#8202,#8204,#8206,.T.);
#8202 = VERTEX_POINT('',#8203);
#8203 = CARTESIAN_POINT('',(132.891578,-69.015638,1.585));
#8204 = VERTEX_POINT('',#8205);
#8205 = CARTESIAN_POINT('',(132.754934,-69.015638,1.585));
#8206 = CIRCLE('',#8207,0.106163508836);
#8207 = AXIS2_PLACEMENT_3D('',#8208,#8209,#8210);
#8208 = CARTESIAN_POINT('',(132.823256,-69.09689558379,1.585));
#8209 = DIRECTION('',(0.,0.,1.));
#8210 = DIRECTION('',(0.643554463762,0.765400321513,-0.));
#8211 = ORIENTED_EDGE('',*,*,#8212,.T.);
#8212 = EDGE_CURVE('',#8204,#8213,#8215,.T.);
#8213 = VERTEX_POINT('',#8214);
#8214 = CARTESIAN_POINT('',(132.73278,-69.059946,1.585));
#8215 = LINE('',#8216,#8217);
#8216 = CARTESIAN_POINT('',(132.754934,-69.015638,1.585));
#8217 = VECTOR('',#8218,1.);
#8218 = DIRECTION('',(-0.4472135955,-0.894427191,0.));
#8219 = ORIENTED_EDGE('',*,*,#8220,.T.);
#8220 = EDGE_CURVE('',#8213,#8221,#8223,.T.);
#8221 = VERTEX_POINT('',#8222);
#8222 = CARTESIAN_POINT('',(132.73278,-69.250828,1.585));
#8223 = LINE('',#8224,#8225);
#8224 = CARTESIAN_POINT('',(132.73278,-69.059946,1.585));
#8225 = VECTOR('',#8226,1.);
#8226 = DIRECTION('',(0.,-1.,0.));
#8227 = ORIENTED_EDGE('',*,*,#8228,.T.);
#8228 = EDGE_CURVE('',#8221,#8229,#8231,.T.);
#8229 = VERTEX_POINT('',#8230);
#8230 = CARTESIAN_POINT('',(132.742202,-69.269673,1.585));
#8231 = LINE('',#8232,#8233);
#8232 = CARTESIAN_POINT('',(132.73278,-69.250828,1.585));
#8233 = VECTOR('',#8234,1.);
#8234 = DIRECTION('',(0.447194610275,-0.894436683361,0.));
#8235 = ORIENTED_EDGE('',*,*,#8236,.T.);
#8236 = EDGE_CURVE('',#8229,#8237,#8239,.T.);
#8237 = VERTEX_POINT('',#8238);
#8238 = CARTESIAN_POINT('',(132.913733,-69.269673,1.585));
#8239 = LINE('',#8240,#8241);
#8240 = CARTESIAN_POINT('',(132.742202,-69.269673,1.585));
#8241 = VECTOR('',#8242,1.);
#8242 = DIRECTION('',(1.,0.,0.));
#8243 = ORIENTED_EDGE('',*,*,#8244,.T.);
#8244 = EDGE_CURVE('',#8237,#8245,#8247,.T.);
#8245 = VERTEX_POINT('',#8246);
#8246 = CARTESIAN_POINT('',(132.913733,-69.059947,1.585));
#8247 = LINE('',#8248,#8249);
#8248 = CARTESIAN_POINT('',(132.913733,-69.269673,1.585));
#8249 = VECTOR('',#8250,1.);
#8250 = DIRECTION('',(0.,1.,0.));
#8251 = ORIENTED_EDGE('',*,*,#8252,.T.);
#8252 = EDGE_CURVE('',#8245,#8202,#8253,.T.);
#8253 = LINE('',#8254,#8255);
#8254 = CARTESIAN_POINT('',(132.913733,-69.059947,1.585));
#8255 = VECTOR('',#8256,1.);
#8256 = DIRECTION('',(-0.447221669897,0.894423153756,0.));
#8257 = PLANE('',#8258);
#8258 = AXIS2_PLACEMENT_3D('',#8259,#8260,#8261);
#8259 = CARTESIAN_POINT('',(0.,0.,1.585));
#8260 = DIRECTION('',(0.,0.,1.));
#8261 = DIRECTION('',(1.,0.,-0.));
#8262 = SHELL_BASED_SURFACE_MODEL('',(#8263));
#8263 = OPEN_SHELL('',(#8264));
#8264 = ADVANCED_FACE('',(#8265),#8317,.T.);
#8265 = FACE_BOUND('',#8266,.F.);
#8266 = EDGE_LOOP('',(#8267,#8278,#8286,#8295,#8303,#8311));
#8267 = ORIENTED_EDGE('',*,*,#8268,.T.);
#8268 = EDGE_CURVE('',#8269,#8271,#8273,.T.);
#8269 = VERTEX_POINT('',#8270);
#8270 = CARTESIAN_POINT('',(123.706197,-68.655027,1.585));
#8271 = VERTEX_POINT('',#8272);
#8272 = CARTESIAN_POINT('',(123.804056,-68.635562,1.585));
#8273 = CIRCLE('',#8274,5.999850008896E-02);
#8274 = AXIS2_PLACEMENT_3D('',#8275,#8276,#8277);
#8275 = CARTESIAN_POINT('',(123.76162907544,-68.67798576793,1.585));
#8276 = DIRECTION('',(0.,0.,-1.));
#8277 = DIRECTION('',(-0.923891019961,0.382655698032,0.));
#8278 = ORIENTED_EDGE('',*,*,#8279,.T.);
#8279 = EDGE_CURVE('',#8271,#8280,#8282,.T.);
#8280 = VERTEX_POINT('',#8281);
#8281 = CARTESIAN_POINT('',(124.3556,-69.187105,1.585));
#8282 = LINE('',#8283,#8284);
#8283 = CARTESIAN_POINT('',(123.804056,-68.635562,1.585));
#8284 = VECTOR('',#8285,1.);
#8285 = DIRECTION('',(0.707107422212,-0.707106140161,0.));
#8286 = ORIENTED_EDGE('',*,*,#8287,.T.);
#8287 = EDGE_CURVE('',#8280,#8288,#8290,.T.);
#8288 = VERTEX_POINT('',#8289);
#8289 = CARTESIAN_POINT('',(124.270747,-69.271958,1.585));
#8290 = CIRCLE('',#8291,6.000013170727E-02);
#8291 = AXIS2_PLACEMENT_3D('',#8292,#8293,#8294);
#8292 = CARTESIAN_POINT('',(124.31317305871,-69.22953105871,1.585));
#8293 = DIRECTION('',(0.,0.,-1.));
#8294 = DIRECTION('',(0.707114135956,0.707099426341,0.));
#8295 = ORIENTED_EDGE('',*,*,#8296,.T.);
#8296 = EDGE_CURVE('',#8288,#8297,#8299,.T.);
#8297 = VERTEX_POINT('',#8298);
#8298 = CARTESIAN_POINT('',(123.719204,-68.720414,1.585));
#8299 = LINE('',#8300,#8301);
#8300 = CARTESIAN_POINT('',(124.270747,-69.271958,1.585));
#8301 = VECTOR('',#8302,1.);
#8302 = DIRECTION('',(-0.707106140161,0.707107422212,0.));
#8303 = ORIENTED_EDGE('',*,*,#8304,.T.);
#8304 = EDGE_CURVE('',#8297,#8305,#8307,.T.);
#8305 = VERTEX_POINT('',#8306);
#8306 = CARTESIAN_POINT('',(123.706197,-68.700949,1.585));
#8307 = LINE('',#8308,#8309);
#8308 = CARTESIAN_POINT('',(123.719204,-68.720414,1.585));
#8309 = VECTOR('',#8310,1.);
#8310 = DIRECTION('',(-0.555596893535,0.831451797698,0.));
#8311 = ORIENTED_EDGE('',*,*,#8312,.T.);
#8312 = EDGE_CURVE('',#8305,#8269,#8313,.T.);
#8313 = LINE('',#8314,#8315);
#8314 = CARTESIAN_POINT('',(123.706197,-68.700949,1.585));
#8315 = VECTOR('',#8316,1.);
#8316 = DIRECTION('',(0.,1.,0.));
#8317 = PLANE('',#8318);
#8318 = AXIS2_PLACEMENT_3D('',#8319,#8320,#8321);
#8319 = CARTESIAN_POINT('',(0.,0.,1.585));
#8320 = DIRECTION('',(0.,0.,1.));
#8321 = DIRECTION('',(1.,0.,-0.));
#8322 = SHELL_BASED_SURFACE_MODEL('',(#8323));
#8323 = OPEN_SHELL('',(#8324));
#8324 = ADVANCED_FACE('',(#8325),#8385,.T.);
#8325 = FACE_BOUND('',#8326,.F.);
#8326 = EDGE_LOOP('',(#8327,#8338,#8346,#8355,#8363,#8371,#8379));
#8327 = ORIENTED_EDGE('',*,*,#8328,.T.);
#8328 = EDGE_CURVE('',#8329,#8331,#8333,.T.);
#8329 = VERTEX_POINT('',#8330);
#8330 = CARTESIAN_POINT('',(124.275531,-68.836249,1.585));
#8331 = VERTEX_POINT('',#8332);
#8332 = CARTESIAN_POINT('',(124.242463,-68.734557,1.585));
#8333 = CIRCLE('',#8334,6.00001119359E-02);
#8334 = AXIS2_PLACEMENT_3D('',#8335,#8336,#8337);
#8335 = CARTESIAN_POINT('',(124.28488971206,-68.77698325997,1.585));
#8336 = DIRECTION('',(0.,0.,-1.));
#8337 = DIRECTION('',(-0.155978243471,-0.987760490992,-0.));
#8338 = ORIENTED_EDGE('',*,*,#8339,.T.);
#8339 = EDGE_CURVE('',#8331,#8340,#8342,.T.);
#8340 = VERTEX_POINT('',#8341);
#8341 = CARTESIAN_POINT('',(124.581874,-68.395146,1.585));
#8342 = LINE('',#8343,#8344);
#8343 = CARTESIAN_POINT('',(124.242463,-68.734557,1.585));
#8344 = VECTOR('',#8345,1.);
#8345 = DIRECTION('',(0.707106781187,0.707106781187,0.));
#8346 = ORIENTED_EDGE('',*,*,#8347,.T.);
#8347 = EDGE_CURVE('',#8340,#8348,#8350,.T.);
#8348 = VERTEX_POINT('',#8349);
#8349 = CARTESIAN_POINT('',(124.683566,-68.428214,1.585));
#8350 = CIRCLE('',#8351,6.000049343539E-02);
#8351 = AXIS2_PLACEMENT_3D('',#8352,#8353,#8354);
#8352 = CARTESIAN_POINT('',(124.6243,-68.43757351155,1.585));
#8353 = DIRECTION('',(0.,0.,-1.));
#8354 = DIRECTION('',(-0.707094184912,0.707119377237,0.));
#8355 = ORIENTED_EDGE('',*,*,#8356,.T.);
#8356 = EDGE_CURVE('',#8348,#8357,#8359,.T.);
#8357 = VERTEX_POINT('',#8358);
#8358 = CARTESIAN_POINT('',(124.747205,-68.831265,1.585));
#8359 = LINE('',#8360,#8361);
#8360 = CARTESIAN_POINT('',(124.683566,-68.428214,1.585));
#8361 = VECTOR('',#8362,1.);
#8362 = DIRECTION('',(0.155961063302,-0.987763203776,0.));
#8363 = ORIENTED_EDGE('',*,*,#8364,.T.);
#8364 = EDGE_CURVE('',#8357,#8365,#8367,.T.);
#8365 = VERTEX_POINT('',#8366);
#8366 = CARTESIAN_POINT('',(124.736463,-68.875913,1.585));
#8367 = LINE('',#8368,#8369);
#8368 = CARTESIAN_POINT('',(124.747205,-68.831265,1.585));
#8369 = VECTOR('',#8370,1.);
#8370 = DIRECTION('',(-0.233918140202,-0.972256295266,0.));
#8371 = ORIENTED_EDGE('',*,*,#8372,.T.);
#8372 = EDGE_CURVE('',#8365,#8373,#8375,.T.);
#8373 = VERTEX_POINT('',#8374);
#8374 = CARTESIAN_POINT('',(124.697297,-68.899889,1.585));
#8375 = LINE('',#8376,#8377);
#8376 = CARTESIAN_POINT('',(124.736463,-68.875913,1.585));
#8377 = VECTOR('',#8378,1.);
#8378 = DIRECTION('',(-0.852882175679,-0.522103432673,0.));
#8379 = ORIENTED_EDGE('',*,*,#8380,.T.);
#8380 = EDGE_CURVE('',#8373,#8329,#8381,.T.);
#8381 = LINE('',#8382,#8383);
#8382 = CARTESIAN_POINT('',(124.697297,-68.899889,1.585));
#8383 = VECTOR('',#8384,1.);
#8384 = DIRECTION('',(-0.988806971388,0.149200446833,0.));
#8385 = PLANE('',#8386);
#8386 = AXIS2_PLACEMENT_3D('',#8387,#8388,#8389);
#8387 = CARTESIAN_POINT('',(0.,0.,1.585));
#8388 = DIRECTION('',(0.,0.,1.));
#8389 = DIRECTION('',(1.,0.,-0.));
#8390 = SHELL_BASED_SURFACE_MODEL('',(#8391));
#8391 = OPEN_SHELL('',(#8392));
#8392 = ADVANCED_FACE('',(#8393),#8567,.T.);
#8393 = FACE_BOUND('',#8394,.F.);
#8394 = EDGE_LOOP('',(#8395,#8406,#8414,#8422,#8430,#8438,#8446,#8454,
    #8463,#8471,#8479,#8487,#8495,#8503,#8512,#8520,#8528,#8537,#8545,
    #8553,#8561));
#8395 = ORIENTED_EDGE('',*,*,#8396,.T.);
#8396 = EDGE_CURVE('',#8397,#8399,#8401,.T.);
#8397 = VERTEX_POINT('',#8398);
#8398 = CARTESIAN_POINT('',(133.24389,-68.143669,1.585));
#8399 = VERTEX_POINT('',#8400);
#8400 = CARTESIAN_POINT('',(133.397526,-68.207307,1.585));
#8401 = CIRCLE('',#8402,0.100000590676);
#8402 = AXIS2_PLACEMENT_3D('',#8403,#8404,#8405);
#8403 = CARTESIAN_POINT('',(133.299447,-68.22681668719,1.585));
#8404 = DIRECTION('',(0.,0.,-1.));
#8405 = DIRECTION('',(-0.555566718399,0.831471960686,0.));
#8406 = ORIENTED_EDGE('',*,*,#8407,.T.);
#8407 = EDGE_CURVE('',#8399,#8408,#8410,.T.);
#8408 = VERTEX_POINT('',#8409);
#8409 = CARTESIAN_POINT('',(133.399447,-68.269673,1.585));
#8410 = LINE('',#8411,#8412);
#8411 = CARTESIAN_POINT('',(133.397526,-68.207307,1.585));
#8412 = VECTOR('',#8413,1.);
#8413 = DIRECTION('',(3.078743800386E-02,-0.999525954471,0.));
#8414 = ORIENTED_EDGE('',*,*,#8415,.T.);
#8415 = EDGE_CURVE('',#8408,#8416,#8418,.T.);
#8416 = VERTEX_POINT('',#8417);
#8417 = CARTESIAN_POINT('',(133.516336,-68.273224,1.585));
#8418 = LINE('',#8419,#8420);
#8419 = CARTESIAN_POINT('',(133.399447,-68.269673,1.585));
#8420 = VECTOR('',#8421,1.);
#8421 = DIRECTION('',(0.999538869782,-3.036523989939E-02,0.));
#8422 = ORIENTED_EDGE('',*,*,#8423,.T.);
#8423 = EDGE_CURVE('',#8416,#8424,#8426,.T.);
#8424 = VERTEX_POINT('',#8425);
#8425 = CARTESIAN_POINT('',(133.646472,-68.338292,1.585));
#8426 = LINE('',#8427,#8428);
#8427 = CARTESIAN_POINT('',(133.516336,-68.273224,1.585));
#8428 = VECTOR('',#8429,1.);
#8429 = DIRECTION('',(0.894427191,-0.4472135955,0.));
#8430 = ORIENTED_EDGE('',*,*,#8431,.T.);
#8431 = EDGE_CURVE('',#8424,#8432,#8434,.T.);
#8432 = VERTEX_POINT('',#8433);
#8433 = CARTESIAN_POINT('',(133.674604,-68.372571,1.585));
#8434 = LINE('',#8435,#8436);
#8435 = CARTESIAN_POINT('',(133.646472,-68.338292,1.585));
#8436 = VECTOR('',#8437,1.);
#8437 = DIRECTION('',(0.634392633715,-0.773010987172,0.));
#8438 = ORIENTED_EDGE('',*,*,#8439,.T.);
#8439 = EDGE_CURVE('',#8432,#8440,#8442,.T.);
#8440 = VERTEX_POINT('',#8441);
#8441 = CARTESIAN_POINT('',(133.730859,-68.493021,1.585));
#8442 = LINE('',#8443,#8444);
#8443 = CARTESIAN_POINT('',(133.674604,-68.372571,1.585));
#8444 = VECTOR('',#8445,1.);
#8445 = DIRECTION('',(0.42316341129,-0.906053379965,0.));
#8446 = ORIENTED_EDGE('',*,*,#8447,.T.);
#8447 = EDGE_CURVE('',#8440,#8448,#8450,.T.);
#8448 = VERTEX_POINT('',#8449);
#8449 = CARTESIAN_POINT('',(133.730859,-68.627277,1.585));
#8450 = LINE('',#8451,#8452);
#8451 = CARTESIAN_POINT('',(133.730859,-68.493021,1.585));
#8452 = VECTOR('',#8453,1.);
#8453 = DIRECTION('',(0.,-1.,0.));
#8454 = ORIENTED_EDGE('',*,*,#8455,.T.);
#8455 = EDGE_CURVE('',#8448,#8456,#8458,.T.);
#8456 = VERTEX_POINT('',#8457);
#8457 = CARTESIAN_POINT('',(133.534701,-68.627277,1.585));
#8458 = CIRCLE('',#8459,0.100000456609);
#8459 = AXIS2_PLACEMENT_3D('',#8460,#8461,#8462);
#8460 = CARTESIAN_POINT('',(133.63278,-68.607768,1.585));
#8461 = DIRECTION('',(-0.,0.,-1.));
#8462 = DIRECTION('',(0.980785521645,-0.195089109206,-0.));
#8463 = ORIENTED_EDGE('',*,*,#8464,.T.);
#8464 = EDGE_CURVE('',#8456,#8465,#8467,.T.);
#8465 = VERTEX_POINT('',#8466);
#8466 = CARTESIAN_POINT('',(133.53278,-68.536137,1.585));
#8467 = LINE('',#8468,#8469);
#8468 = CARTESIAN_POINT('',(133.534701,-68.627277,1.585));
#8469 = VECTOR('',#8470,1.);
#8470 = DIRECTION('',(-2.10727828717E-02,0.999777944257,0.));
#8471 = ORIENTED_EDGE('',*,*,#8472,.T.);
#8472 = EDGE_CURVE('',#8465,#8473,#8475,.T.);
#8473 = VERTEX_POINT('',#8474);
#8474 = CARTESIAN_POINT('',(133.510625,-68.491828,1.585));
#8475 = LINE('',#8476,#8477);
#8476 = CARTESIAN_POINT('',(133.53278,-68.536137,1.585));
#8477 = VECTOR('',#8478,1.);
#8478 = DIRECTION('',(-0.447221669897,0.894423153756,0.));
#8479 = ORIENTED_EDGE('',*,*,#8480,.T.);
#8480 = EDGE_CURVE('',#8473,#8481,#8483,.T.);
#8481 = VERTEX_POINT('',#8482);
#8482 = CARTESIAN_POINT('',(133.466316,-68.469673,1.585));
#8483 = LINE('',#8484,#8485);
#8484 = CARTESIAN_POINT('',(133.510625,-68.491828,1.585));
#8485 = VECTOR('',#8486,1.);
#8486 = DIRECTION('',(-0.894423153756,0.447221669897,0.));
#8487 = ORIENTED_EDGE('',*,*,#8488,.T.);
#8488 = EDGE_CURVE('',#8481,#8489,#8491,.T.);
#8489 = VERTEX_POINT('',#8490);
#8490 = CARTESIAN_POINT('',(133.399447,-68.469673,1.585));
#8491 = LINE('',#8492,#8493);
#8492 = CARTESIAN_POINT('',(133.466316,-68.469673,1.585));
#8493 = VECTOR('',#8494,1.);
#8494 = DIRECTION('',(-1.,0.,0.));
#8495 = ORIENTED_EDGE('',*,*,#8496,.T.);
#8496 = EDGE_CURVE('',#8489,#8497,#8499,.T.);
#8497 = VERTEX_POINT('',#8498);
#8498 = CARTESIAN_POINT('',(133.397526,-68.627277,1.585));
#8499 = LINE('',#8500,#8501);
#8500 = CARTESIAN_POINT('',(133.399447,-68.469673,1.585));
#8501 = VECTOR('',#8502,1.);
#8502 = DIRECTION('',(-1.218787161489E-02,-0.999925725134,0.));
#8503 = ORIENTED_EDGE('',*,*,#8504,.T.);
#8504 = EDGE_CURVE('',#8497,#8505,#8507,.T.);
#8505 = VERTEX_POINT('',#8506);
#8506 = CARTESIAN_POINT('',(133.201368,-68.627277,1.585));
#8507 = CIRCLE('',#8508,0.100000456609);
#8508 = AXIS2_PLACEMENT_3D('',#8509,#8510,#8511);
#8509 = CARTESIAN_POINT('',(133.299447,-68.607768,1.585));
#8510 = DIRECTION('',(-0.,0.,-1.));
#8511 = DIRECTION('',(0.980785521645,-0.195089109206,-0.));
#8512 = ORIENTED_EDGE('',*,*,#8513,.T.);
#8513 = EDGE_CURVE('',#8505,#8514,#8516,.T.);
#8514 = VERTEX_POINT('',#8515);
#8515 = CARTESIAN_POINT('',(133.199447,-68.469673,1.585));
#8516 = LINE('',#8517,#8518);
#8517 = CARTESIAN_POINT('',(133.201368,-68.627277,1.585));
#8518 = VECTOR('',#8519,1.);
#8519 = DIRECTION('',(-1.218787161489E-02,0.999925725134,0.));
#8520 = ORIENTED_EDGE('',*,*,#8521,.T.);
#8521 = EDGE_CURVE('',#8514,#8522,#8524,.T.);
#8522 = VERTEX_POINT('',#8523);
#8523 = CARTESIAN_POINT('',(132.613271,-68.467752,1.585));
#8524 = LINE('',#8525,#8526);
#8525 = CARTESIAN_POINT('',(133.199447,-68.469673,1.585));
#8526 = VECTOR('',#8527,1.);
#8527 = DIRECTION('',(-0.999994630113,3.277155128225E-03,0.));
#8528 = ORIENTED_EDGE('',*,*,#8529,.T.);
#8529 = EDGE_CURVE('',#8522,#8530,#8532,.T.);
#8530 = VERTEX_POINT('',#8531);
#8531 = CARTESIAN_POINT('',(132.613271,-68.271594,1.585));
#8532 = CIRCLE('',#8533,0.100000456609);
#8533 = AXIS2_PLACEMENT_3D('',#8534,#8535,#8536);
#8534 = CARTESIAN_POINT('',(132.63278,-68.369673,1.585));
#8535 = DIRECTION('',(0.,0.,-1.));
#8536 = DIRECTION('',(-0.195089109206,-0.980785521645,-0.));
#8537 = ORIENTED_EDGE('',*,*,#8538,.T.);
#8538 = EDGE_CURVE('',#8530,#8539,#8541,.T.);
#8539 = VERTEX_POINT('',#8540);
#8540 = CARTESIAN_POINT('',(133.199447,-68.269673,1.585));
#8541 = LINE('',#8542,#8543);
#8542 = CARTESIAN_POINT('',(132.613271,-68.271594,1.585));
#8543 = VECTOR('',#8544,1.);
#8544 = DIRECTION('',(0.999994630113,3.277155128225E-03,0.));
#8545 = ORIENTED_EDGE('',*,*,#8546,.T.);
#8546 = EDGE_CURVE('',#8539,#8547,#8549,.T.);
#8547 = VERTEX_POINT('',#8548);
#8548 = CARTESIAN_POINT('',(133.201368,-68.207307,1.585));
#8549 = LINE('',#8550,#8551);
#8550 = CARTESIAN_POINT('',(133.199447,-68.269673,1.585));
#8551 = VECTOR('',#8552,1.);
#8552 = DIRECTION('',(3.078743800386E-02,0.999525954471,0.));
#8553 = ORIENTED_EDGE('',*,*,#8554,.T.);
#8554 = EDGE_CURVE('',#8547,#8555,#8557,.T.);
#8555 = VERTEX_POINT('',#8556);
#8556 = CARTESIAN_POINT('',(133.2163,-68.171259,1.585));
#8557 = LINE('',#8558,#8559);
#8558 = CARTESIAN_POINT('',(133.201368,-68.207307,1.585));
#8559 = VECTOR('',#8560,1.);
#8560 = DIRECTION('',(0.38269282806,0.923875640631,0.));
#8561 = ORIENTED_EDGE('',*,*,#8562,.T.);
#8562 = EDGE_CURVE('',#8555,#8397,#8563,.T.);
#8563 = LINE('',#8564,#8565);
#8564 = CARTESIAN_POINT('',(133.2163,-68.171259,1.585));
#8565 = VECTOR('',#8566,1.);
#8566 = DIRECTION('',(0.707106781187,0.707106781187,0.));
#8567 = PLANE('',#8568);
#8568 = AXIS2_PLACEMENT_3D('',#8569,#8570,#8571);
#8569 = CARTESIAN_POINT('',(0.,0.,1.585));
#8570 = DIRECTION('',(0.,0.,1.));
#8571 = DIRECTION('',(1.,0.,-0.));
#8572 = SHELL_BASED_SURFACE_MODEL('',(#8573));
#8573 = OPEN_SHELL('',(#8574));
#8574 = ADVANCED_FACE('',(#8575),#8611,.T.);
#8575 = FACE_BOUND('',#8576,.F.);
#8576 = EDGE_LOOP('',(#8577,#8588,#8596,#8605));
#8577 = ORIENTED_EDGE('',*,*,#8578,.T.);
#8578 = EDGE_CURVE('',#8579,#8581,#8583,.T.);
#8579 = VERTEX_POINT('',#8580);
#8580 = CARTESIAN_POINT('',(123.701248,-65.795,1.585));
#8581 = VERTEX_POINT('',#8582);
#8582 = CARTESIAN_POINT('',(123.701248,-65.675,1.585));
#8583 = CIRCLE('',#8584,6.000000000043E-02);
#8584 = AXIS2_PLACEMENT_3D('',#8585,#8586,#8587);
#8585 = CARTESIAN_POINT('',(123.70124777441,-65.735,1.585));
#8586 = DIRECTION('',(0.,0.,-1.));
#8587 = DIRECTION('',(3.759794253683E-06,-0.999999999993,0.));
#8588 = ORIENTED_EDGE('',*,*,#8589,.T.);
#8589 = EDGE_CURVE('',#8581,#8590,#8592,.T.);
#8590 = VERTEX_POINT('',#8591);
#8591 = CARTESIAN_POINT('',(124.223752,-65.675,1.585));
#8592 = LINE('',#8593,#8594);
#8593 = CARTESIAN_POINT('',(123.701248,-65.675,1.585));
#8594 = VECTOR('',#8595,1.);
#8595 = DIRECTION('',(1.,0.,0.));
#8596 = ORIENTED_EDGE('',*,*,#8597,.T.);
#8597 = EDGE_CURVE('',#8590,#8598,#8600,.T.);
#8598 = VERTEX_POINT('',#8599);
#8599 = CARTESIAN_POINT('',(124.223752,-65.795,1.585));
#8600 = CIRCLE('',#8601,6.000000000043E-02);
#8601 = AXIS2_PLACEMENT_3D('',#8602,#8603,#8604);
#8602 = CARTESIAN_POINT('',(124.22375222558,-65.735,1.585));
#8603 = DIRECTION('',(0.,0.,-1.));
#8604 = DIRECTION('',(-3.759794016835E-06,0.999999999993,-0.));
#8605 = ORIENTED_EDGE('',*,*,#8606,.T.);
#8606 = EDGE_CURVE('',#8598,#8579,#8607,.T.);
#8607 = LINE('',#8608,#8609);
#8608 = CARTESIAN_POINT('',(124.223752,-65.795,1.585));
#8609 = VECTOR('',#8610,1.);
#8610 = DIRECTION('',(-1.,0.,0.));
#8611 = PLANE('',#8612);
#8612 = AXIS2_PLACEMENT_3D('',#8613,#8614,#8615);
#8613 = CARTESIAN_POINT('',(0.,0.,1.585));
#8614 = DIRECTION('',(0.,0.,1.));
#8615 = DIRECTION('',(1.,0.,-0.));
#8616 = SHELL_BASED_SURFACE_MODEL('',(#8617));
#8617 = OPEN_SHELL('',(#8618));
#8618 = ADVANCED_FACE('',(#8619),#8842,.T.);
#8619 = FACE_BOUND('',#8620,.F.);
#8620 = EDGE_LOOP('',(#8621,#8631,#8639,#8647,#8655,#8663,#8672,#8680,
    #8689,#8697,#8706,#8714,#8722,#8730,#8739,#8747,#8756,#8764,#8772,
    #8780,#8788,#8796,#8804,#8812,#8820,#8828,#8836));
#8621 = ORIENTED_EDGE('',*,*,#8622,.T.);
#8622 = EDGE_CURVE('',#8623,#8625,#8627,.T.);
#8623 = VERTEX_POINT('',#8624);
#8624 = CARTESIAN_POINT('',(125.912264,-64.643825,1.585));
#8625 = VERTEX_POINT('',#8626);
#8626 = CARTESIAN_POINT('',(125.998014,-64.561246,1.585));
#8627 = LINE('',#8628,#8629);
#8628 = CARTESIAN_POINT('',(125.912264,-64.643825,1.585));
#8629 = VECTOR('',#8630,1.);
#8630 = DIRECTION('',(0.720299539021,0.693663156068,0.));
#8631 = ORIENTED_EDGE('',*,*,#8632,.T.);
#8632 = EDGE_CURVE('',#8625,#8633,#8635,.T.);
#8633 = VERTEX_POINT('',#8634);
#8634 = CARTESIAN_POINT('',(126.138095,-64.514895,1.585));
#8635 = LINE('',#8636,#8637);
#8636 = CARTESIAN_POINT('',(125.998014,-64.561246,1.585));
#8637 = VECTOR('',#8638,1.);
#8638 = DIRECTION('',(0.949377706952,0.314136864349,0.));
#8639 = ORIENTED_EDGE('',*,*,#8640,.T.);
#8640 = EDGE_CURVE('',#8633,#8641,#8643,.T.);
#8641 = VERTEX_POINT('',#8642);
#8642 = CARTESIAN_POINT('',(126.222148,-64.516458,1.585));
#8643 = LINE('',#8644,#8645);
#8644 = CARTESIAN_POINT('',(126.138095,-64.514895,1.585));
#8645 = VECTOR('',#8646,1.);
#8646 = DIRECTION('',(0.999827150189,-1.859219582584E-02,0.));
#8647 = ORIENTED_EDGE('',*,*,#8648,.T.);
#8648 = EDGE_CURVE('',#8641,#8649,#8651,.T.);
#8649 = VERTEX_POINT('',#8650);
#8650 = CARTESIAN_POINT('',(126.35437,-64.561249,1.585));
#8651 = LINE('',#8652,#8653);
#8652 = CARTESIAN_POINT('',(126.222148,-64.516458,1.585));
#8653 = VECTOR('',#8654,1.);
#8654 = DIRECTION('',(0.947131234727,-0.320846418407,0.));
#8655 = ORIENTED_EDGE('',*,*,#8656,.T.);
#8656 = EDGE_CURVE('',#8649,#8657,#8659,.T.);
#8657 = VERTEX_POINT('',#8658);
#8658 = CARTESIAN_POINT('',(126.402022,-64.605729,1.585));
#8659 = LINE('',#8660,#8661);
#8660 = CARTESIAN_POINT('',(126.35437,-64.561249,1.585));
#8661 = VECTOR('',#8662,1.);
#8662 = DIRECTION('',(0.731018536781,-0.682357603374,0.));
#8663 = ORIENTED_EDGE('',*,*,#8664,.T.);
#8664 = EDGE_CURVE('',#8657,#8665,#8667,.T.);
#8665 = VERTEX_POINT('',#8666);
#8666 = CARTESIAN_POINT('',(126.347533,-64.687279,1.585));
#8667 = CIRCLE('',#8668,5.000013220366E-02);
#8668 = AXIS2_PLACEMENT_3D('',#8669,#8670,#8671);
#8669 = CARTESIAN_POINT('',(126.36666690459,-64.64108476967,1.585));
#8670 = DIRECTION('',(0.,0.,-1.));
#8671 = DIRECTION('',(0.707100038469,0.70711352384,0.));
#8672 = ORIENTED_EDGE('',*,*,#8673,.T.);
#8673 = EDGE_CURVE('',#8665,#8674,#8676,.T.);
#8674 = VERTEX_POINT('',#8675);
#8675 = CARTESIAN_POINT('',(126.301561,-64.646691,1.585));
#8676 = LINE('',#8677,#8678);
#8677 = CARTESIAN_POINT('',(126.347533,-64.687279,1.585));
#8678 = VECTOR('',#8679,1.);
#8679 = DIRECTION('',(-0.749639860297,0.661845963842,0.));
#8680 = ORIENTED_EDGE('',*,*,#8681,.T.);
#8681 = EDGE_CURVE('',#8674,#8682,#8684,.T.);
#8682 = VERTEX_POINT('',#8683);
#8683 = CARTESIAN_POINT('',(126.050817,-64.646691,1.585));
#8684 = CIRCLE('',#8685,0.250731292184);
#8685 = AXIS2_PLACEMENT_3D('',#8686,#8687,#8688);
#8686 = CARTESIAN_POINT('',(126.176189,-64.863827,1.585));
#8687 = DIRECTION('',(0.,0.,1.));
#8688 = DIRECTION('',(0.500025341505,0.866010772365,-0.));
#8689 = ORIENTED_EDGE('',*,*,#8690,.T.);
#8690 = EDGE_CURVE('',#8682,#8691,#8693,.T.);
#8691 = VERTEX_POINT('',#8692);
#8692 = CARTESIAN_POINT('',(125.988712,-64.708796,1.585));
#8693 = LINE('',#8694,#8695);
#8694 = CARTESIAN_POINT('',(126.050817,-64.646691,1.585));
#8695 = VECTOR('',#8696,1.);
#8696 = DIRECTION('',(-0.707106781186,-0.707106781187,0.));
#8697 = ORIENTED_EDGE('',*,*,#8698,.T.);
#8698 = EDGE_CURVE('',#8691,#8699,#8701,.T.);
#8699 = VERTEX_POINT('',#8700);
#8700 = CARTESIAN_POINT('',(125.921428,-65.015882,1.585));
#8701 = CIRCLE('',#8702,0.500385876762);
#8702 = AXIS2_PLACEMENT_3D('',#8703,#8704,#8705);
#8703 = CARTESIAN_POINT('',(126.41911842409,-64.96401421204,1.585));
#8704 = DIRECTION('',(0.,0.,1.));
#8705 = DIRECTION('',(-0.860149025148,0.510042796769,0.));
#8706 = ORIENTED_EDGE('',*,*,#8707,.T.);
#8707 = EDGE_CURVE('',#8699,#8708,#8710,.T.);
#8708 = VERTEX_POINT('',#8709);
#8709 = CARTESIAN_POINT('',(125.956699,-65.156967,1.585));
#8710 = LINE('',#8711,#8712);
#8711 = CARTESIAN_POINT('',(125.921428,-65.015882,1.585));
#8712 = VECTOR('',#8713,1.);
#8713 = DIRECTION('',(0.242534007083,-0.970142904632,0.));
#8714 = ORIENTED_EDGE('',*,*,#8715,.T.);
#8715 = EDGE_CURVE('',#8708,#8716,#8718,.T.);
#8716 = VERTEX_POINT('',#8717);
#8717 = CARTESIAN_POINT('',(125.988711,-65.22099,1.585));
#8718 = LINE('',#8719,#8720);
#8719 = CARTESIAN_POINT('',(125.956699,-65.156967,1.585));
#8720 = VECTOR('',#8721,1.);
#8721 = DIRECTION('',(0.447219183635,-0.89442439691,0.));
#8722 = ORIENTED_EDGE('',*,*,#8723,.T.);
#8723 = EDGE_CURVE('',#8716,#8724,#8726,.T.);
#8724 = VERTEX_POINT('',#8725);
#8725 = CARTESIAN_POINT('',(126.050819,-65.283099,1.585));
#8726 = LINE('',#8727,#8728);
#8727 = CARTESIAN_POINT('',(125.988711,-65.22099,1.585));
#8728 = VECTOR('',#8729,1.);
#8729 = DIRECTION('',(0.707101088652,-0.707112473676,0.));
#8730 = ORIENTED_EDGE('',*,*,#8731,.T.);
#8731 = EDGE_CURVE('',#8724,#8732,#8734,.T.);
#8732 = VERTEX_POINT('',#8733);
#8733 = CARTESIAN_POINT('',(126.301562,-65.283098,1.585));
#8734 = CIRCLE('',#8735,0.250727876982);
#8735 = AXIS2_PLACEMENT_3D('',#8736,#8737,#8738);
#8736 = CARTESIAN_POINT('',(126.17618963404,-65.06596615491,1.585));
#8737 = DIRECTION('',(0.,0.,1.));
#8738 = DIRECTION('',(-0.500026704464,-0.866009985406,0.));
#8739 = ORIENTED_EDGE('',*,*,#8740,.T.);
#8740 = EDGE_CURVE('',#8732,#8741,#8743,.T.);
#8741 = VERTEX_POINT('',#8742);
#8742 = CARTESIAN_POINT('',(126.347533,-65.24251,1.585));
#8743 = LINE('',#8744,#8745);
#8744 = CARTESIAN_POINT('',(126.301562,-65.283098,1.585));
#8745 = VECTOR('',#8746,1.);
#8746 = DIRECTION('',(0.74963271729,0.661854054281,0.));
#8747 = ORIENTED_EDGE('',*,*,#8748,.T.);
#8748 = EDGE_CURVE('',#8741,#8749,#8751,.T.);
#8749 = VERTEX_POINT('',#8750);
#8750 = CARTESIAN_POINT('',(126.412861,-65.307838,1.585));
#8751 = CIRCLE('',#8752,4.999995591998E-02);
#8752 = AXIS2_PLACEMENT_3D('',#8753,#8754,#8755);
#8753 = CARTESIAN_POINT('',(126.366667,-65.288704,1.585));
#8754 = DIRECTION('',(0.,0.,-1.));
#8755 = DIRECTION('',(-0.382680337371,0.923880814494,0.));
#8756 = ORIENTED_EDGE('',*,*,#8757,.T.);
#8757 = EDGE_CURVE('',#8749,#8758,#8760,.T.);
#8758 = VERTEX_POINT('',#8759);
#8759 = CARTESIAN_POINT('',(126.361331,-65.364573,1.585));
#8760 = LINE('',#8761,#8762);
#8761 = CARTESIAN_POINT('',(126.412861,-65.307838,1.585));
#8762 = VECTOR('',#8763,1.);
#8763 = DIRECTION('',(-0.672335025272,-0.740246995125,0.));
#8764 = ORIENTED_EDGE('',*,*,#8765,.T.);
#8765 = EDGE_CURVE('',#8758,#8766,#8768,.T.);
#8766 = VERTEX_POINT('',#8767);
#8767 = CARTESIAN_POINT('',(126.344382,-65.374234,1.585));
#8768 = LINE('',#8769,#8770);
#8769 = CARTESIAN_POINT('',(126.361331,-65.364573,1.585));
#8770 = VECTOR('',#8771,1.);
#8771 = DIRECTION('',(-0.868775726522,-0.495205752194,0.));
#8772 = ORIENTED_EDGE('',*,*,#8773,.T.);
#8773 = EDGE_CURVE('',#8766,#8774,#8776,.T.);
#8774 = VERTEX_POINT('',#8775);
#8775 = CARTESIAN_POINT('',(126.214286,-65.414895,1.585));
#8776 = LINE('',#8777,#8778);
#8777 = CARTESIAN_POINT('',(126.344382,-65.374234,1.585));
#8778 = VECTOR('',#8779,1.);
#8779 = DIRECTION('',(-0.954467444855,-0.298315096354,0.));
#8780 = ORIENTED_EDGE('',*,*,#8781,.T.);
#8781 = EDGE_CURVE('',#8774,#8782,#8784,.T.);
#8782 = VERTEX_POINT('',#8783);
#8783 = CARTESIAN_POINT('',(126.122284,-65.412329,1.585));
#8784 = LINE('',#8785,#8786);
#8785 = CARTESIAN_POINT('',(126.214286,-65.414895,1.585));
#8786 = VECTOR('',#8787,1.);
#8787 = DIRECTION('',(-0.999611281253,2.787985639112E-02,0.));
#8788 = ORIENTED_EDGE('',*,*,#8789,.T.);
#8789 = EDGE_CURVE('',#8782,#8790,#8792,.T.);
#8790 = VERTEX_POINT('',#8791);
#8791 = CARTESIAN_POINT('',(125.998014,-65.368543,1.585));
#8792 = LINE('',#8793,#8794);
#8793 = CARTESIAN_POINT('',(126.122284,-65.412329,1.585));
#8794 = VECTOR('',#8795,1.);
#8795 = DIRECTION('',(-0.943166468158,0.332320648385,0.));
#8796 = ORIENTED_EDGE('',*,*,#8797,.T.);
#8797 = EDGE_CURVE('',#8790,#8798,#8800,.T.);
#8798 = VERTEX_POINT('',#8799);
#8799 = CARTESIAN_POINT('',(125.902898,-65.27297,1.585));
#8800 = LINE('',#8801,#8802);
#8801 = CARTESIAN_POINT('',(125.998014,-65.368543,1.585));
#8802 = VECTOR('',#8803,1.);
#8803 = DIRECTION('',(-0.705410122791,0.70879937829,0.));
#8804 = ORIENTED_EDGE('',*,*,#8805,.T.);
#8805 = EDGE_CURVE('',#8798,#8806,#8808,.T.);
#8806 = VERTEX_POINT('',#8807);
#8807 = CARTESIAN_POINT('',(125.861017,-65.186546,1.585));
#8808 = LINE('',#8809,#8810);
#8809 = CARTESIAN_POINT('',(125.902898,-65.27297,1.585));
#8810 = VECTOR('',#8811,1.);
#8811 = DIRECTION('',(-0.436091853157,0.899902158909,0.));
#8812 = ORIENTED_EDGE('',*,*,#8813,.T.);
#8813 = EDGE_CURVE('',#8806,#8814,#8816,.T.);
#8814 = VERTEX_POINT('',#8815);
#8815 = CARTESIAN_POINT('',(125.821428,-65.022038,1.585));
#8816 = LINE('',#8817,#8818);
#8817 = CARTESIAN_POINT('',(125.861017,-65.186546,1.585));
#8818 = VECTOR('',#8819,1.);
#8819 = DIRECTION('',(-0.233971285368,0.97224350737,0.));
#8820 = ORIENTED_EDGE('',*,*,#8821,.T.);
#8821 = EDGE_CURVE('',#8814,#8822,#8824,.T.);
#8822 = VERTEX_POINT('',#8823);
#8823 = CARTESIAN_POINT('',(125.822921,-64.895625,1.585));
#8824 = LINE('',#8825,#8826);
#8825 = CARTESIAN_POINT('',(125.821428,-65.022038,1.585));
#8826 = VECTOR('',#8827,1.);
#8827 = DIRECTION('',(1.180967055023E-02,0.999930263409,0.));
#8828 = ORIENTED_EDGE('',*,*,#8829,.T.);
#8829 = EDGE_CURVE('',#8822,#8830,#8832,.T.);
#8830 = VERTEX_POINT('',#8831);
#8831 = CARTESIAN_POINT('',(125.864803,-64.733011,1.585));
#8832 = LINE('',#8833,#8834);
#8833 = CARTESIAN_POINT('',(125.822921,-64.895625,1.585));
#8834 = VECTOR('',#8835,1.);
#8835 = DIRECTION('',(0.249415112721,0.968396665394,0.));
#8836 = ORIENTED_EDGE('',*,*,#8837,.T.);
#8837 = EDGE_CURVE('',#8830,#8623,#8838,.T.);
#8838 = LINE('',#8839,#8840);
#8839 = CARTESIAN_POINT('',(125.864803,-64.733011,1.585));
#8840 = VECTOR('',#8841,1.);
#8841 = DIRECTION('',(0.469779910776,0.882783572248,0.));
#8842 = PLANE('',#8843);
#8843 = AXIS2_PLACEMENT_3D('',#8844,#8845,#8846);
#8844 = CARTESIAN_POINT('',(0.,0.,1.585));
#8845 = DIRECTION('',(0.,0.,1.));
#8846 = DIRECTION('',(1.,0.,-0.));
#8847 = SHELL_BASED_SURFACE_MODEL('',(#8848));
#8848 = OPEN_SHELL('',(#8849));
#8849 = ADVANCED_FACE('',(#8850),#8991,.T.);
#8850 = FACE_BOUND('',#8851,.F.);
#8851 = EDGE_LOOP('',(#8852,#8862,#8870,#8878,#8886,#8894,#8902,#8911,
    #8919,#8928,#8936,#8944,#8952,#8960,#8969,#8977,#8985));
#8852 = ORIENTED_EDGE('',*,*,#8853,.T.);
#8853 = EDGE_CURVE('',#8854,#8856,#8858,.T.);
#8854 = VERTEX_POINT('',#8855);
#8855 = CARTESIAN_POINT('',(126.858398,-64.53716,1.585));
#8856 = VERTEX_POINT('',#8857);
#8857 = CARTESIAN_POINT('',(126.880866,-64.518701,1.585));
#8858 = LINE('',#8859,#8860);
#8859 = CARTESIAN_POINT('',(126.858398,-64.53716,1.585));
#8860 = VECTOR('',#8861,1.);
#8861 = DIRECTION('',(0.772673239458,0.634803957947,0.));
#8862 = ORIENTED_EDGE('',*,*,#8863,.T.);
#8863 = EDGE_CURVE('',#8856,#8864,#8866,.T.);
#8864 = VERTEX_POINT('',#8865);
#8865 = CARTESIAN_POINT('',(126.913986,-64.518701,1.585));
#8866 = LINE('',#8867,#8868);
#8867 = CARTESIAN_POINT('',(126.880866,-64.518701,1.585));
#8868 = VECTOR('',#8869,1.);
#8869 = DIRECTION('',(1.,0.,0.));
#8870 = ORIENTED_EDGE('',*,*,#8871,.T.);
#8871 = EDGE_CURVE('',#8864,#8872,#8874,.T.);
#8872 = VERTEX_POINT('',#8873);
#8873 = CARTESIAN_POINT('',(126.941544,-64.537073,1.585));
#8874 = LINE('',#8875,#8876);
#8875 = CARTESIAN_POINT('',(126.913986,-64.518701,1.585));
#8876 = VECTOR('',#8877,1.);
#8877 = DIRECTION('',(0.832050294338,-0.554700196226,0.));
#8878 = ORIENTED_EDGE('',*,*,#8879,.T.);
#8879 = EDGE_CURVE('',#8872,#8880,#8882,.T.);
#8880 = VERTEX_POINT('',#8881);
#8881 = CARTESIAN_POINT('',(126.95,-64.564895,1.585));
#8882 = LINE('',#8883,#8884);
#8883 = CARTESIAN_POINT('',(126.941544,-64.537073,1.585));
#8884 = VECTOR('',#8885,1.);
#8885 = DIRECTION('',(0.290797589612,-0.956784595338,0.));
#8886 = ORIENTED_EDGE('',*,*,#8887,.T.);
#8887 = EDGE_CURVE('',#8880,#8888,#8890,.T.);
#8888 = VERTEX_POINT('',#8889);
#8889 = CARTESIAN_POINT('',(126.95,-65.314895,1.585));
#8890 = LINE('',#8891,#8892);
#8891 = CARTESIAN_POINT('',(126.95,-64.564895,1.585));
#8892 = VECTOR('',#8893,1.);
#8893 = DIRECTION('',(0.,-1.,0.));
#8894 = ORIENTED_EDGE('',*,*,#8895,.T.);
#8895 = EDGE_CURVE('',#8888,#8896,#8898,.T.);
#8896 = VERTEX_POINT('',#8897);
#8897 = CARTESIAN_POINT('',(127.128571,-65.314895,1.585));
#8898 = LINE('',#8899,#8900);
#8899 = CARTESIAN_POINT('',(126.95,-65.314895,1.585));
#8900 = VECTOR('',#8901,1.);
#8901 = DIRECTION('',(1.,0.,0.));
#8902 = ORIENTED_EDGE('',*,*,#8903,.T.);
#8903 = EDGE_CURVE('',#8896,#8904,#8906,.T.);
#8904 = VERTEX_POINT('',#8905);
#8905 = CARTESIAN_POINT('',(127.128571,-65.414895,1.585));
#8906 = CIRCLE('',#8907,5.000000000002E-02);
#8907 = AXIS2_PLACEMENT_3D('',#8908,#8909,#8910);
#8908 = CARTESIAN_POINT('',(127.12857095228,-65.364895,1.585));
#8909 = DIRECTION('',(0.,0.,-1.));
#8910 = DIRECTION('',(9.542361567579E-07,1.,0.));
#8911 = ORIENTED_EDGE('',*,*,#8912,.T.);
#8912 = EDGE_CURVE('',#8904,#8913,#8915,.T.);
#8913 = VERTEX_POINT('',#8914);
#8914 = CARTESIAN_POINT('',(126.671428,-65.414895,1.585));
#8915 = LINE('',#8916,#8917);
#8916 = CARTESIAN_POINT('',(127.128571,-65.414895,1.585));
#8917 = VECTOR('',#8918,1.);
#8918 = DIRECTION('',(-1.,0.,0.));
#8919 = ORIENTED_EDGE('',*,*,#8920,.T.);
#8920 = EDGE_CURVE('',#8913,#8921,#8923,.T.);
#8921 = VERTEX_POINT('',#8922);
#8922 = CARTESIAN_POINT('',(126.671428,-65.314895,1.585));
#8923 = CIRCLE('',#8924,5.000000000002E-02);
#8924 = AXIS2_PLACEMENT_3D('',#8925,#8926,#8927);
#8925 = CARTESIAN_POINT('',(126.67142804771,-65.364895,1.585));
#8926 = DIRECTION('',(0.,0.,-1.));
#8927 = DIRECTION('',(-9.542367251921E-07,-1.,-0.));
#8928 = ORIENTED_EDGE('',*,*,#8929,.T.);
#8929 = EDGE_CURVE('',#8921,#8930,#8932,.T.);
#8930 = VERTEX_POINT('',#8931);
#8931 = CARTESIAN_POINT('',(126.85,-65.314895,1.585));
#8932 = LINE('',#8933,#8934);
#8933 = CARTESIAN_POINT('',(126.671428,-65.314895,1.585));
#8934 = VECTOR('',#8935,1.);
#8935 = DIRECTION('',(1.,0.,0.));
#8936 = ORIENTED_EDGE('',*,*,#8937,.T.);
#8937 = EDGE_CURVE('',#8930,#8938,#8940,.T.);
#8938 = VERTEX_POINT('',#8939);
#8939 = CARTESIAN_POINT('',(126.85,-64.7237,1.585));
#8940 = LINE('',#8941,#8942);
#8941 = CARTESIAN_POINT('',(126.85,-65.314895,1.585));
#8942 = VECTOR('',#8943,1.);
#8943 = DIRECTION('',(0.,1.,0.));
#8944 = ORIENTED_EDGE('',*,*,#8945,.T.);
#8945 = EDGE_CURVE('',#8938,#8946,#8948,.T.);
#8946 = VERTEX_POINT('',#8947);
#8947 = CARTESIAN_POINT('',(126.76998,-64.800092,1.585));
#8948 = LINE('',#8949,#8950);
#8949 = CARTESIAN_POINT('',(126.85,-64.7237,1.585));
#8950 = VECTOR('',#8951,1.);
#8951 = DIRECTION('',(-0.723313679283,-0.690519602446,0.));
#8952 = ORIENTED_EDGE('',*,*,#8953,.T.);
#8953 = EDGE_CURVE('',#8946,#8954,#8956,.T.);
#8954 = VERTEX_POINT('',#8955);
#8955 = CARTESIAN_POINT('',(126.693788,-64.838187,1.585));
#8956 = LINE('',#8957,#8958);
#8957 = CARTESIAN_POINT('',(126.76998,-64.800092,1.585));
#8958 = VECTOR('',#8959,1.);
#8959 = DIRECTION('',(-0.894431886624,-0.447204204128,0.));
#8960 = ORIENTED_EDGE('',*,*,#8961,.T.);
#8961 = EDGE_CURVE('',#8954,#8962,#8964,.T.);
#8962 = VERTEX_POINT('',#8963);
#8963 = CARTESIAN_POINT('',(126.649068,-64.748745,1.585));
#8964 = CIRCLE('',#8965,4.999937440611E-02);
#8965 = AXIS2_PLACEMENT_3D('',#8966,#8967,#8968);
#8966 = CARTESIAN_POINT('',(126.67142795989,-64.79346602005,1.585));
#8967 = DIRECTION('',(0.,0.,-1.));
#8968 = DIRECTION('',(0.44720639759,-0.894430789919,0.));
#8969 = ORIENTED_EDGE('',*,*,#8970,.T.);
#8970 = EDGE_CURVE('',#8962,#8971,#8973,.T.);
#8971 = VERTEX_POINT('',#8972);
#8972 = CARTESIAN_POINT('',(126.718,-64.714278,1.585));
#8973 = LINE('',#8974,#8975);
#8974 = CARTESIAN_POINT('',(126.649068,-64.748745,1.585));
#8975 = VECTOR('',#8976,1.);
#8976 = DIRECTION('',(0.89442200077,0.44722397581,0.));
#8977 = ORIENTED_EDGE('',*,*,#8978,.T.);
#8978 = EDGE_CURVE('',#8971,#8979,#8981,.T.);
#8979 = VERTEX_POINT('',#8980);
#8980 = CARTESIAN_POINT('',(126.784953,-64.647325,1.585));
#8981 = LINE('',#8982,#8983);
#8982 = CARTESIAN_POINT('',(126.718,-64.714278,1.585));
#8983 = VECTOR('',#8984,1.);
#8984 = DIRECTION('',(0.707106781187,0.707106781187,0.));
#8985 = ORIENTED_EDGE('',*,*,#8986,.T.);
#8986 = EDGE_CURVE('',#8979,#8854,#8987,.T.);
#8987 = LINE('',#8988,#8989);
#8988 = CARTESIAN_POINT('',(126.784953,-64.647325,1.585));
#8989 = VECTOR('',#8990,1.);
#8990 = DIRECTION('',(0.554708910862,0.832044484514,0.));
#8991 = PLANE('',#8992);
#8992 = AXIS2_PLACEMENT_3D('',#8993,#8994,#8995);
#8993 = CARTESIAN_POINT('',(0.,0.,1.585));
#8994 = DIRECTION('',(0.,0.,1.));
#8995 = DIRECTION('',(1.,0.,-0.));
#8996 = SHELL_BASED_SURFACE_MODEL('',(#8997));
#8997 = OPEN_SHELL('',(#8998));
#8998 = ADVANCED_FACE('',(#8999),#9035,.T.);
#8999 = FACE_BOUND('',#9000,.F.);
#9000 = EDGE_LOOP('',(#9001,#9012,#9020,#9029));
#9001 = ORIENTED_EDGE('',*,*,#9002,.T.);
#9002 = EDGE_CURVE('',#9003,#9005,#9007,.T.);
#9003 = VERTEX_POINT('',#9004);
#9004 = CARTESIAN_POINT('',(123.701248,-64.325,1.585));
#9005 = VERTEX_POINT('',#9006);
#9006 = CARTESIAN_POINT('',(123.701248,-64.205,1.585));
#9007 = CIRCLE('',#9008,6.000000000043E-02);
#9008 = AXIS2_PLACEMENT_3D('',#9009,#9010,#9011);
#9009 = CARTESIAN_POINT('',(123.70124777441,-64.265,1.585));
#9010 = DIRECTION('',(0.,0.,-1.));
#9011 = DIRECTION('',(3.759794253683E-06,-0.999999999993,0.));
#9012 = ORIENTED_EDGE('',*,*,#9013,.T.);
#9013 = EDGE_CURVE('',#9005,#9014,#9016,.T.);
#9014 = VERTEX_POINT('',#9015);
#9015 = CARTESIAN_POINT('',(124.223752,-64.205,1.585));
#9016 = LINE('',#9017,#9018);
#9017 = CARTESIAN_POINT('',(123.701248,-64.205,1.585));
#9018 = VECTOR('',#9019,1.);
#9019 = DIRECTION('',(1.,0.,0.));
#9020 = ORIENTED_EDGE('',*,*,#9021,.T.);
#9021 = EDGE_CURVE('',#9014,#9022,#9024,.T.);
#9022 = VERTEX_POINT('',#9023);
#9023 = CARTESIAN_POINT('',(124.223752,-64.325,1.585));
#9024 = CIRCLE('',#9025,6.000000000043E-02);
#9025 = AXIS2_PLACEMENT_3D('',#9026,#9027,#9028);
#9026 = CARTESIAN_POINT('',(124.22375222558,-64.265,1.585));
#9027 = DIRECTION('',(0.,0.,-1.));
#9028 = DIRECTION('',(-3.759794016835E-06,0.999999999993,-0.));
#9029 = ORIENTED_EDGE('',*,*,#9030,.T.);
#9030 = EDGE_CURVE('',#9022,#9003,#9031,.T.);
#9031 = LINE('',#9032,#9033);
#9032 = CARTESIAN_POINT('',(124.223752,-64.325,1.585));
#9033 = VECTOR('',#9034,1.);
#9034 = DIRECTION('',(-1.,0.,0.));
#9035 = PLANE('',#9036);
#9036 = AXIS2_PLACEMENT_3D('',#9037,#9038,#9039);
#9037 = CARTESIAN_POINT('',(0.,0.,1.585));
#9038 = DIRECTION('',(0.,0.,1.));
#9039 = DIRECTION('',(1.,0.,-0.));
#9040 = SHELL_BASED_SURFACE_MODEL('',(#9041));
#9041 = OPEN_SHELL('',(#9042));
#9042 = ADVANCED_FACE('',(#9043),#9136,.T.);
#9043 = FACE_BOUND('',#9044,.F.);
#9044 = EDGE_LOOP('',(#9045,#9056,#9064,#9072,#9080,#9088,#9096,#9105,
    #9113,#9122,#9130));
#9045 = ORIENTED_EDGE('',*,*,#9046,.T.);
#9046 = EDGE_CURVE('',#9047,#9049,#9051,.T.);
#9047 = VERTEX_POINT('',#9048);
#9048 = CARTESIAN_POINT('',(126.187139,-61.545761,1.585));
#9049 = VERTEX_POINT('',#9050);
#9050 = CARTESIAN_POINT('',(126.283333,-61.564895,1.585));
#9051 = CIRCLE('',#9052,4.999998452108E-02);
#9052 = AXIS2_PLACEMENT_3D('',#9053,#9054,#9055);
#9053 = CARTESIAN_POINT('',(126.23333301547,-61.56489503736,1.585));
#9054 = DIRECTION('',(0.,0.,-1.));
#9055 = DIRECTION('',(-0.923880595592,0.382680865851,0.));
#9056 = ORIENTED_EDGE('',*,*,#9057,.T.);
#9057 = EDGE_CURVE('',#9049,#9058,#9060,.T.);
#9058 = VERTEX_POINT('',#9059);
#9059 = CARTESIAN_POINT('',(126.280767,-62.152134,1.585));
#9060 = LINE('',#9061,#9062);
#9061 = CARTESIAN_POINT('',(126.283333,-61.564895,1.585));
#9062 = VECTOR('',#9063,1.);
#9063 = DIRECTION('',(-4.369559078171E-03,-0.999990453431,0.));
#9064 = ORIENTED_EDGE('',*,*,#9065,.T.);
#9065 = EDGE_CURVE('',#9058,#9066,#9068,.T.);
#9066 = VERTEX_POINT('',#9067);
#9067 = CARTESIAN_POINT('',(126.236977,-62.27641,1.585));
#9068 = LINE('',#9069,#9070);
#9069 = CARTESIAN_POINT('',(126.280767,-62.152134,1.585));
#9070 = VECTOR('',#9071,1.);
#9071 = DIRECTION('',(-0.332333380463,-0.943161981968,0.));
#9072 = ORIENTED_EDGE('',*,*,#9073,.T.);
#9073 = EDGE_CURVE('',#9066,#9074,#9076,.T.);
#9074 = VERTEX_POINT('',#9075);
#9075 = CARTESIAN_POINT('',(126.144841,-62.368543,1.585));
#9076 = LINE('',#9077,#9078);
#9077 = CARTESIAN_POINT('',(126.236977,-62.27641,1.585));
#9078 = VECTOR('',#9079,1.);
#9079 = DIRECTION('',(-0.707118293178,-0.707095269008,0.));
#9080 = ORIENTED_EDGE('',*,*,#9081,.T.);
#9081 = EDGE_CURVE('',#9074,#9082,#9084,.T.);
#9082 = VERTEX_POINT('',#9083);
#9083 = CARTESIAN_POINT('',(126.004762,-62.414895,1.585));
#9084 = LINE('',#9085,#9086);
#9085 = CARTESIAN_POINT('',(126.144841,-62.368543,1.585));
#9086 = VECTOR('',#9087,1.);
#9087 = DIRECTION('',(-0.949374348018,-0.314147015465,0.));
#9088 = ORIENTED_EDGE('',*,*,#9089,.T.);
#9089 = EDGE_CURVE('',#9082,#9090,#9092,.T.);
#9090 = VERTEX_POINT('',#9091);
#9091 = CARTESIAN_POINT('',(125.928571,-62.414895,1.585));
#9092 = LINE('',#9093,#9094);
#9093 = CARTESIAN_POINT('',(126.004762,-62.414895,1.585));
#9094 = VECTOR('',#9095,1.);
#9095 = DIRECTION('',(-1.,0.,0.));
#9096 = ORIENTED_EDGE('',*,*,#9097,.T.);
#9097 = EDGE_CURVE('',#9090,#9098,#9100,.T.);
#9098 = VERTEX_POINT('',#9099);
#9099 = CARTESIAN_POINT('',(125.909437,-62.318701,1.585));
#9100 = CIRCLE('',#9101,4.999998452109E-02);
#9101 = AXIS2_PLACEMENT_3D('',#9102,#9103,#9104);
#9102 = CARTESIAN_POINT('',(125.92857103736,-62.36489501547,1.585));
#9103 = DIRECTION('',(0.,0.,-1.));
#9104 = DIRECTION('',(-7.473817658115E-07,-1.,-0.));
#9105 = ORIENTED_EDGE('',*,*,#9106,.T.);
#9106 = EDGE_CURVE('',#9098,#9107,#9109,.T.);
#9107 = VERTEX_POINT('',#9108);
#9108 = CARTESIAN_POINT('',(125.996649,-62.314895,1.585));
#9109 = LINE('',#9110,#9111);
#9110 = CARTESIAN_POINT('',(125.909437,-62.318701,1.585));
#9111 = VECTOR('',#9112,1.);
#9112 = DIRECTION('',(0.999049099054,4.359928531619E-02,0.));
#9113 = ORIENTED_EDGE('',*,*,#9114,.T.);
#9114 = EDGE_CURVE('',#9107,#9115,#9117,.T.);
#9115 = VERTEX_POINT('',#9116);
#9116 = CARTESIAN_POINT('',(126.183333,-62.12821,1.585));
#9117 = CIRCLE('',#9118,0.201014727598);
#9118 = AXIS2_PLACEMENT_3D('',#9119,#9120,#9121);
#9119 = CARTESIAN_POINT('',(125.98279610146,-62.11435817566,1.585));
#9120 = DIRECTION('',(0.,0.,1.));
#9121 = DIRECTION('',(6.89148437031E-02,-0.997622546015,0.));
#9122 = ORIENTED_EDGE('',*,*,#9123,.T.);
#9123 = EDGE_CURVE('',#9115,#9124,#9126,.T.);
#9124 = VERTEX_POINT('',#9125);
#9125 = CARTESIAN_POINT('',(126.183333,-61.564895,1.585));
#9126 = LINE('',#9127,#9128);
#9127 = CARTESIAN_POINT('',(126.183333,-62.12821,1.585));
#9128 = VECTOR('',#9129,1.);
#9129 = DIRECTION('',(0.,1.,0.));
#9130 = ORIENTED_EDGE('',*,*,#9131,.T.);
#9131 = EDGE_CURVE('',#9124,#9047,#9132,.T.);
#9132 = LINE('',#9133,#9134);
#9133 = CARTESIAN_POINT('',(126.183333,-61.564895,1.585));
#9134 = VECTOR('',#9135,1.);
#9135 = DIRECTION('',(0.195090852694,0.980785174845,0.));
#9136 = PLANE('',#9137);
#9137 = AXIS2_PLACEMENT_3D('',#9138,#9139,#9140);
#9138 = CARTESIAN_POINT('',(0.,0.,1.585));
#9139 = DIRECTION('',(0.,0.,1.));
#9140 = DIRECTION('',(1.,0.,-0.));
#9141 = SHELL_BASED_SURFACE_MODEL('',(#9142));
#9142 = OPEN_SHELL('',(#9143));
#9143 = ADVANCED_FACE('',(#9144),#9285,.T.);
#9144 = FACE_BOUND('',#9145,.F.);
#9145 = EDGE_LOOP('',(#9146,#9156,#9164,#9172,#9180,#9188,#9196,#9205,
    #9213,#9222,#9230,#9238,#9246,#9254,#9263,#9271,#9279));
#9146 = ORIENTED_EDGE('',*,*,#9147,.T.);
#9147 = EDGE_CURVE('',#9148,#9150,#9152,.T.);
#9148 = VERTEX_POINT('',#9149);
#9149 = CARTESIAN_POINT('',(126.76316,-61.53716,1.585));
#9150 = VERTEX_POINT('',#9151);
#9151 = CARTESIAN_POINT('',(126.785628,-61.518701,1.585));
#9152 = LINE('',#9153,#9154);
#9153 = CARTESIAN_POINT('',(126.76316,-61.53716,1.585));
#9154 = VECTOR('',#9155,1.);
#9155 = DIRECTION('',(0.772673239458,0.634803957947,0.));
#9156 = ORIENTED_EDGE('',*,*,#9157,.T.);
#9157 = EDGE_CURVE('',#9150,#9158,#9160,.T.);
#9158 = VERTEX_POINT('',#9159);
#9159 = CARTESIAN_POINT('',(126.818748,-61.518701,1.585));
#9160 = LINE('',#9161,#9162);
#9161 = CARTESIAN_POINT('',(126.785628,-61.518701,1.585));
#9162 = VECTOR('',#9163,1.);
#9163 = DIRECTION('',(1.,0.,0.));
#9164 = ORIENTED_EDGE('',*,*,#9165,.T.);
#9165 = EDGE_CURVE('',#9158,#9166,#9168,.T.);
#9166 = VERTEX_POINT('',#9167);
#9167 = CARTESIAN_POINT('',(126.846306,-61.537073,1.585));
#9168 = LINE('',#9169,#9170);
#9169 = CARTESIAN_POINT('',(126.818748,-61.518701,1.585));
#9170 = VECTOR('',#9171,1.);
#9171 = DIRECTION('',(0.832050294338,-0.554700196225,0.));
#9172 = ORIENTED_EDGE('',*,*,#9173,.T.);
#9173 = EDGE_CURVE('',#9166,#9174,#9176,.T.);
#9174 = VERTEX_POINT('',#9175);
#9175 = CARTESIAN_POINT('',(126.854762,-61.564895,1.585));
#9176 = LINE('',#9177,#9178);
#9177 = CARTESIAN_POINT('',(126.846306,-61.537073,1.585));
#9178 = VECTOR('',#9179,1.);
#9179 = DIRECTION('',(0.290797589612,-0.956784595338,0.));
#9180 = ORIENTED_EDGE('',*,*,#9181,.T.);
#9181 = EDGE_CURVE('',#9174,#9182,#9184,.T.);
#9182 = VERTEX_POINT('',#9183);
#9183 = CARTESIAN_POINT('',(126.854762,-62.314895,1.585));
#9184 = LINE('',#9185,#9186);
#9185 = CARTESIAN_POINT('',(126.854762,-61.564895,1.585));
#9186 = VECTOR('',#9187,1.);
#9187 = DIRECTION('',(0.,-1.,0.));
#9188 = ORIENTED_EDGE('',*,*,#9189,.T.);
#9189 = EDGE_CURVE('',#9182,#9190,#9192,.T.);
#9190 = VERTEX_POINT('',#9191);
#9191 = CARTESIAN_POINT('',(127.033333,-62.314895,1.585));
#9192 = LINE('',#9193,#9194);
#9193 = CARTESIAN_POINT('',(126.854762,-62.314895,1.585));
#9194 = VECTOR('',#9195,1.);
#9195 = DIRECTION('',(1.,0.,0.));
#9196 = ORIENTED_EDGE('',*,*,#9197,.T.);
#9197 = EDGE_CURVE('',#9190,#9198,#9200,.T.);
#9198 = VERTEX_POINT('',#9199);
#9199 = CARTESIAN_POINT('',(127.033333,-62.414895,1.585));
#9200 = CIRCLE('',#9201,5.000000000002E-02);
#9201 = AXIS2_PLACEMENT_3D('',#9202,#9203,#9204);
#9202 = CARTESIAN_POINT('',(127.03333295228,-62.364895,1.585));
#9203 = DIRECTION('',(0.,0.,-1.));
#9204 = DIRECTION('',(9.542364409748E-07,1.,0.));
#9205 = ORIENTED_EDGE('',*,*,#9206,.T.);
#9206 = EDGE_CURVE('',#9198,#9207,#9209,.T.);
#9207 = VERTEX_POINT('',#9208);
#9208 = CARTESIAN_POINT('',(126.57619,-62.414895,1.585));
#9209 = LINE('',#9210,#9211);
#9210 = CARTESIAN_POINT('',(127.033333,-62.414895,1.585));
#9211 = VECTOR('',#9212,1.);
#9212 = DIRECTION('',(-1.,0.,0.));
#9213 = ORIENTED_EDGE('',*,*,#9214,.T.);
#9214 = EDGE_CURVE('',#9207,#9215,#9217,.T.);
#9215 = VERTEX_POINT('',#9216);
#9216 = CARTESIAN_POINT('',(126.57619,-62.314895,1.585));
#9217 = CIRCLE('',#9218,5.000000000002E-02);
#9218 = AXIS2_PLACEMENT_3D('',#9219,#9220,#9221);
#9219 = CARTESIAN_POINT('',(126.57619004771,-62.364895,1.585));
#9220 = DIRECTION('',(0.,0.,-1.));
#9221 = DIRECTION('',(-9.54236440975E-07,-1.,-0.));
#9222 = ORIENTED_EDGE('',*,*,#9223,.T.);
#9223 = EDGE_CURVE('',#9215,#9224,#9226,.T.);
#9224 = VERTEX_POINT('',#9225);
#9225 = CARTESIAN_POINT('',(126.754762,-62.314895,1.585));
#9226 = LINE('',#9227,#9228);
#9227 = CARTESIAN_POINT('',(126.57619,-62.314895,1.585));
#9228 = VECTOR('',#9229,1.);
#9229 = DIRECTION('',(1.,0.,0.));
#9230 = ORIENTED_EDGE('',*,*,#9231,.T.);
#9231 = EDGE_CURVE('',#9224,#9232,#9234,.T.);
#9232 = VERTEX_POINT('',#9233);
#9233 = CARTESIAN_POINT('',(126.754762,-61.7237,1.585));
#9234 = LINE('',#9235,#9236);
#9235 = CARTESIAN_POINT('',(126.754762,-62.314895,1.585));
#9236 = VECTOR('',#9237,1.);
#9237 = DIRECTION('',(0.,1.,0.));
#9238 = ORIENTED_EDGE('',*,*,#9239,.T.);
#9239 = EDGE_CURVE('',#9232,#9240,#9242,.T.);
#9240 = VERTEX_POINT('',#9241);
#9241 = CARTESIAN_POINT('',(126.674742,-61.800092,1.585));
#9242 = LINE('',#9243,#9244);
#9243 = CARTESIAN_POINT('',(126.754762,-61.7237,1.585));
#9244 = VECTOR('',#9245,1.);
#9245 = DIRECTION('',(-0.723313679283,-0.690519602446,0.));
#9246 = ORIENTED_EDGE('',*,*,#9247,.T.);
#9247 = EDGE_CURVE('',#9240,#9248,#9250,.T.);
#9248 = VERTEX_POINT('',#9249);
#9249 = CARTESIAN_POINT('',(126.59855,-61.838187,1.585));
#9250 = LINE('',#9251,#9252);
#9251 = CARTESIAN_POINT('',(126.674742,-61.800092,1.585));
#9252 = VECTOR('',#9253,1.);
#9253 = DIRECTION('',(-0.894431886624,-0.447204204128,0.));
#9254 = ORIENTED_EDGE('',*,*,#9255,.T.);
#9255 = EDGE_CURVE('',#9248,#9256,#9258,.T.);
#9256 = VERTEX_POINT('',#9257);
#9257 = CARTESIAN_POINT('',(126.55383,-61.748745,1.585));
#9258 = CIRCLE('',#9259,4.99993744061E-02);
#9259 = AXIS2_PLACEMENT_3D('',#9260,#9261,#9262);
#9260 = CARTESIAN_POINT('',(126.57618995989,-61.79346602005,1.585));
#9261 = DIRECTION('',(0.,0.,-1.));
#9262 = DIRECTION('',(0.44720639759,-0.894430789918,0.));
#9263 = ORIENTED_EDGE('',*,*,#9264,.T.);
#9264 = EDGE_CURVE('',#9256,#9265,#9267,.T.);
#9265 = VERTEX_POINT('',#9266);
#9266 = CARTESIAN_POINT('',(126.622762,-61.714278,1.585));
#9267 = LINE('',#9268,#9269);
#9268 = CARTESIAN_POINT('',(126.55383,-61.748745,1.585));
#9269 = VECTOR('',#9270,1.);
#9270 = DIRECTION('',(0.89442200077,0.44722397581,0.));
#9271 = ORIENTED_EDGE('',*,*,#9272,.T.);
#9272 = EDGE_CURVE('',#9265,#9273,#9275,.T.);
#9273 = VERTEX_POINT('',#9274);
#9274 = CARTESIAN_POINT('',(126.689715,-61.647325,1.585));
#9275 = LINE('',#9276,#9277);
#9276 = CARTESIAN_POINT('',(126.622762,-61.714278,1.585));
#9277 = VECTOR('',#9278,1.);
#9278 = DIRECTION('',(0.707106781187,0.707106781186,0.));
#9279 = ORIENTED_EDGE('',*,*,#9280,.T.);
#9280 = EDGE_CURVE('',#9273,#9148,#9281,.T.);
#9281 = LINE('',#9282,#9283);
#9282 = CARTESIAN_POINT('',(126.689715,-61.647325,1.585));
#9283 = VECTOR('',#9284,1.);
#9284 = DIRECTION('',(0.554708910862,0.832044484514,0.));
#9285 = PLANE('',#9286);
#9286 = AXIS2_PLACEMENT_3D('',#9287,#9288,#9289);
#9287 = CARTESIAN_POINT('',(0.,0.,1.585));
#9288 = DIRECTION('',(0.,0.,1.));
#9289 = DIRECTION('',(1.,0.,-0.));
#9290 = ( GEOMETRIC_REPRESENTATION_CONTEXT(3) 
GLOBAL_UNCERTAINTY_ASSIGNED_CONTEXT((#9294)) 
GLOBAL_UNIT_ASSIGNED_CONTEXT((#9291,#9292,#9293)) REPRESENTATION_CONTEXT
('Context #1','3D Context with UNIT and UNCERTAINTY') );
#9291 = ( LENGTH_UNIT() NAMED_UNIT(*) SI_UNIT(.MILLI.,.METRE.) );
#9292 = ( NAMED_UNIT(*) PLANE_ANGLE_UNIT() SI_UNIT($,.RADIAN.) );
#9293 = ( NAMED_UNIT(*) SI_UNIT($,.STERADIAN.) SOLID_ANGLE_UNIT() );
#9294 = UNCERTAINTY_MEASURE_WITH_UNIT(LENGTH_MEASURE(1.E-07),#9291,
  'distance_accuracy_value','confusion accuracy');
#9295 = CONTEXT_DEPENDENT_SHAPE_REPRESENTATION(#9296,#9298);
#9296 = ( REPRESENTATION_RELATIONSHIP('','',#6586,#10) 
REPRESENTATION_RELATIONSHIP_WITH_TRANSFORMATION(#9297) 
SHAPE_REPRESENTATION_RELATIONSHIP() );
#9297 = ITEM_DEFINED_TRANSFORMATION('','',#11,#31);
#9298 = PRODUCT_DEFINITION_SHAPE('Placement','Placement of an item',
  #9299);
#9299 = NEXT_ASSEMBLY_USAGE_OCCURRENCE('5','=>[0:1:1:6]','',#5,#6581,$);
#9300 = PRODUCT_RELATED_PRODUCT_CATEGORY('part',$,(#6583));
#9301 = SHAPE_DEFINITION_REPRESENTATION(#9302,#9308);
#9302 = PRODUCT_DEFINITION_SHAPE('','',#9303);
#9303 = PRODUCT_DEFINITION('design','',#9304,#9307);
#9304 = PRODUCT_DEFINITION_FORMATION('','',#9305);
#9305 = PRODUCT('Hall_Sensor_V1_PCB','Hall_Sensor_V1_PCB','',(#9306));
#9306 = PRODUCT_CONTEXT('',#2,'mechanical');
#9307 = PRODUCT_DEFINITION_CONTEXT('part definition',#2,'design');
#9308 = ADVANCED_BREP_SHAPE_REPRESENTATION('',(#11,#9309),#9638);
#9309 = MANIFOLD_SOLID_BREP('',#9310);
#9310 = CLOSED_SHELL('',(#9311,#9353,#9384,#9415,#9478,#9541,#9558,#9575
    ,#9592,#9609,#9621));
#9311 = ADVANCED_FACE('',(#9312),#9348,.T.);
#9312 = FACE_BOUND('',#9313,.T.);
#9313 = EDGE_LOOP('',(#9314,#9324,#9333,#9341));
#9314 = ORIENTED_EDGE('',*,*,#9315,.T.);
#9315 = EDGE_CURVE('',#9316,#9318,#9320,.T.);
#9316 = VERTEX_POINT('',#9317);
#9317 = CARTESIAN_POINT('',(134.,-60.,0.));
#9318 = VERTEX_POINT('',#9319);
#9319 = CARTESIAN_POINT('',(134.,-60.,1.51));
#9320 = LINE('',#9321,#9322);
#9321 = CARTESIAN_POINT('',(134.,-60.,0.));
#9322 = VECTOR('',#9323,1.);
#9323 = DIRECTION('',(0.,0.,1.));
#9324 = ORIENTED_EDGE('',*,*,#9325,.T.);
#9325 = EDGE_CURVE('',#9318,#9326,#9328,.T.);
#9326 = VERTEX_POINT('',#9327);
#9327 = CARTESIAN_POINT('',(135.,-61.,1.51));
#9328 = CIRCLE('',#9329,0.999999252925);
#9329 = AXIS2_PLACEMENT_3D('',#9330,#9331,#9332);
#9330 = CARTESIAN_POINT('',(134.00000074707,-60.99999925292,1.51));
#9331 = DIRECTION('',(0.,0.,-1.));
#9332 = DIRECTION('',(-7.470757633756E-07,1.,0.));
#9333 = ORIENTED_EDGE('',*,*,#9334,.F.);
#9334 = EDGE_CURVE('',#9335,#9326,#9337,.T.);
#9335 = VERTEX_POINT('',#9336);
#9336 = CARTESIAN_POINT('',(135.,-61.,0.));
#9337 = LINE('',#9338,#9339);
#9338 = CARTESIAN_POINT('',(135.,-61.,0.));
#9339 = VECTOR('',#9340,1.);
#9340 = DIRECTION('',(0.,0.,1.));
#9341 = ORIENTED_EDGE('',*,*,#9342,.F.);
#9342 = EDGE_CURVE('',#9316,#9335,#9343,.T.);
#9343 = CIRCLE('',#9344,0.999999252925);
#9344 = AXIS2_PLACEMENT_3D('',#9345,#9346,#9347);
#9345 = CARTESIAN_POINT('',(134.00000074707,-60.99999925292,0.));
#9346 = DIRECTION('',(0.,0.,-1.));
#9347 = DIRECTION('',(-7.470757633756E-07,1.,0.));
#9348 = CYLINDRICAL_SURFACE('',#9349,0.999999252925);
#9349 = AXIS2_PLACEMENT_3D('',#9350,#9351,#9352);
#9350 = CARTESIAN_POINT('',(134.00000074707,-60.99999925292,0.));
#9351 = DIRECTION('',(0.,0.,-1.));
#9352 = DIRECTION('',(-7.470757633756E-07,1.,0.));
#9353 = ADVANCED_FACE('',(#9354),#9379,.T.);
#9354 = FACE_BOUND('',#9355,.T.);
#9355 = EDGE_LOOP('',(#9356,#9366,#9372,#9373));
#9356 = ORIENTED_EDGE('',*,*,#9357,.T.);
#9357 = EDGE_CURVE('',#9358,#9360,#9362,.T.);
#9358 = VERTEX_POINT('',#9359);
#9359 = CARTESIAN_POINT('',(121.,-60.,0.));
#9360 = VERTEX_POINT('',#9361);
#9361 = CARTESIAN_POINT('',(121.,-60.,1.51));
#9362 = LINE('',#9363,#9364);
#9363 = CARTESIAN_POINT('',(121.,-60.,0.));
#9364 = VECTOR('',#9365,1.);
#9365 = DIRECTION('',(0.,0.,1.));
#9366 = ORIENTED_EDGE('',*,*,#9367,.T.);
#9367 = EDGE_CURVE('',#9360,#9318,#9368,.T.);
#9368 = LINE('',#9369,#9370);
#9369 = CARTESIAN_POINT('',(121.,-60.,1.51));
#9370 = VECTOR('',#9371,1.);
#9371 = DIRECTION('',(1.,0.,0.));
#9372 = ORIENTED_EDGE('',*,*,#9315,.F.);
#9373 = ORIENTED_EDGE('',*,*,#9374,.F.);
#9374 = EDGE_CURVE('',#9358,#9316,#9375,.T.);
#9375 = LINE('',#9376,#9377);
#9376 = CARTESIAN_POINT('',(121.,-60.,0.));
#9377 = VECTOR('',#9378,1.);
#9378 = DIRECTION('',(1.,0.,0.));
#9379 = PLANE('',#9380);
#9380 = AXIS2_PLACEMENT_3D('',#9381,#9382,#9383);
#9381 = CARTESIAN_POINT('',(121.,-60.,0.));
#9382 = DIRECTION('',(0.,1.,0.));
#9383 = DIRECTION('',(1.,0.,0.));
#9384 = ADVANCED_FACE('',(#9385),#9410,.T.);
#9385 = FACE_BOUND('',#9386,.T.);
#9386 = EDGE_LOOP('',(#9387,#9388,#9396,#9404));
#9387 = ORIENTED_EDGE('',*,*,#9334,.T.);
#9388 = ORIENTED_EDGE('',*,*,#9389,.T.);
#9389 = EDGE_CURVE('',#9326,#9390,#9392,.T.);
#9390 = VERTEX_POINT('',#9391);
#9391 = CARTESIAN_POINT('',(135.,-74.,1.51));
#9392 = LINE('',#9393,#9394);
#9393 = CARTESIAN_POINT('',(135.,-61.,1.51));
#9394 = VECTOR('',#9395,1.);
#9395 = DIRECTION('',(0.,-1.,0.));
#9396 = ORIENTED_EDGE('',*,*,#9397,.F.);
#9397 = EDGE_CURVE('',#9398,#9390,#9400,.T.);
#9398 = VERTEX_POINT('',#9399);
#9399 = CARTESIAN_POINT('',(135.,-74.,0.));
#9400 = LINE('',#9401,#9402);
#9401 = CARTESIAN_POINT('',(135.,-74.,0.));
#9402 = VECTOR('',#9403,1.);
#9403 = DIRECTION('',(0.,0.,1.));
#9404 = ORIENTED_EDGE('',*,*,#9405,.F.);
#9405 = EDGE_CURVE('',#9335,#9398,#9406,.T.);
#9406 = LINE('',#9407,#9408);
#9407 = CARTESIAN_POINT('',(135.,-61.,0.));
#9408 = VECTOR('',#9409,1.);
#9409 = DIRECTION('',(0.,-1.,0.));
#9410 = PLANE('',#9411);
#9411 = AXIS2_PLACEMENT_3D('',#9412,#9413,#9414);
#9412 = CARTESIAN_POINT('',(135.,-61.,0.));
#9413 = DIRECTION('',(1.,0.,-0.));
#9414 = DIRECTION('',(0.,-1.,0.));
#9415 = ADVANCED_FACE('',(#9416,#9462),#9473,.F.);
#9416 = FACE_BOUND('',#9417,.F.);
#9417 = EDGE_LOOP('',(#9418,#9419,#9420,#9429,#9437,#9446,#9454,#9461));
#9418 = ORIENTED_EDGE('',*,*,#9342,.F.);
#9419 = ORIENTED_EDGE('',*,*,#9374,.F.);
#9420 = ORIENTED_EDGE('',*,*,#9421,.F.);
#9421 = EDGE_CURVE('',#9422,#9358,#9424,.T.);
#9422 = VERTEX_POINT('',#9423);
#9423 = CARTESIAN_POINT('',(120.,-61.,0.));
#9424 = CIRCLE('',#9425,0.999999252925);
#9425 = AXIS2_PLACEMENT_3D('',#9426,#9427,#9428);
#9426 = CARTESIAN_POINT('',(120.99999925292,-60.99999925292,0.));
#9427 = DIRECTION('',(0.,0.,-1.));
#9428 = DIRECTION('',(-1.,-7.470757349539E-07,-0.));
#9429 = ORIENTED_EDGE('',*,*,#9430,.F.);
#9430 = EDGE_CURVE('',#9431,#9422,#9433,.T.);
#9431 = VERTEX_POINT('',#9432);
#9432 = CARTESIAN_POINT('',(120.,-74.,0.));
#9433 = LINE('',#9434,#9435);
#9434 = CARTESIAN_POINT('',(120.,-74.,0.));
#9435 = VECTOR('',#9436,1.);
#9436 = DIRECTION('',(0.,1.,0.));
#9437 = ORIENTED_EDGE('',*,*,#9438,.F.);
#9438 = EDGE_CURVE('',#9439,#9431,#9441,.T.);
#9439 = VERTEX_POINT('',#9440);
#9440 = CARTESIAN_POINT('',(121.,-75.,0.));
#9441 = CIRCLE('',#9442,0.999999252925);
#9442 = AXIS2_PLACEMENT_3D('',#9443,#9444,#9445);
#9443 = CARTESIAN_POINT('',(120.99999925292,-74.00000074707,0.));
#9444 = DIRECTION('',(0.,0.,-1.));
#9445 = DIRECTION('',(7.47075720743E-07,-1.,0.));
#9446 = ORIENTED_EDGE('',*,*,#9447,.F.);
#9447 = EDGE_CURVE('',#9448,#9439,#9450,.T.);
#9448 = VERTEX_POINT('',#9449);
#9449 = CARTESIAN_POINT('',(134.,-75.,0.));
#9450 = LINE('',#9451,#9452);
#9451 = CARTESIAN_POINT('',(134.,-75.,0.));
#9452 = VECTOR('',#9453,1.);
#9453 = DIRECTION('',(-1.,0.,0.));
#9454 = ORIENTED_EDGE('',*,*,#9455,.F.);
#9455 = EDGE_CURVE('',#9398,#9448,#9456,.T.);
#9456 = CIRCLE('',#9457,0.999999252925);
#9457 = AXIS2_PLACEMENT_3D('',#9458,#9459,#9460);
#9458 = CARTESIAN_POINT('',(134.00000074707,-74.00000074707,0.));
#9459 = DIRECTION('',(0.,0.,-1.));
#9460 = DIRECTION('',(1.,7.470757491648E-07,0.));
#9461 = ORIENTED_EDGE('',*,*,#9405,.F.);
#9462 = FACE_BOUND('',#9463,.F.);
#9463 = EDGE_LOOP('',(#9464));
#9464 = ORIENTED_EDGE('',*,*,#9465,.T.);
#9465 = EDGE_CURVE('',#9466,#9466,#9468,.T.);
#9466 = VERTEX_POINT('',#9467);
#9467 = CARTESIAN_POINT('',(122.,-74.1,0.));
#9468 = CIRCLE('',#9469,1.1);
#9469 = AXIS2_PLACEMENT_3D('',#9470,#9471,#9472);
#9470 = CARTESIAN_POINT('',(122.,-73.,0.));
#9471 = DIRECTION('',(-0.,0.,-1.));
#9472 = DIRECTION('',(-0.,-1.,0.));
#9473 = PLANE('',#9474);
#9474 = AXIS2_PLACEMENT_3D('',#9475,#9476,#9477);
#9475 = CARTESIAN_POINT('',(0.,0.,0.));
#9476 = DIRECTION('',(0.,0.,1.));
#9477 = DIRECTION('',(1.,0.,-0.));
#9478 = ADVANCED_FACE('',(#9479,#9525),#9536,.T.);
#9479 = FACE_BOUND('',#9480,.T.);
#9480 = EDGE_LOOP('',(#9481,#9482,#9483,#9492,#9500,#9509,#9517,#9524));
#9481 = ORIENTED_EDGE('',*,*,#9325,.F.);
#9482 = ORIENTED_EDGE('',*,*,#9367,.F.);
#9483 = ORIENTED_EDGE('',*,*,#9484,.F.);
#9484 = EDGE_CURVE('',#9485,#9360,#9487,.T.);
#9485 = VERTEX_POINT('',#9486);
#9486 = CARTESIAN_POINT('',(120.,-61.,1.51));
#9487 = CIRCLE('',#9488,0.999999252925);
#9488 = AXIS2_PLACEMENT_3D('',#9489,#9490,#9491);
#9489 = CARTESIAN_POINT('',(120.99999925292,-60.99999925292,1.51));
#9490 = DIRECTION('',(0.,0.,-1.));
#9491 = DIRECTION('',(-1.,-7.470757349539E-07,-0.));
#9492 = ORIENTED_EDGE('',*,*,#9493,.F.);
#9493 = EDGE_CURVE('',#9494,#9485,#9496,.T.);
#9494 = VERTEX_POINT('',#9495);
#9495 = CARTESIAN_POINT('',(120.,-74.,1.51));
#9496 = LINE('',#9497,#9498);
#9497 = CARTESIAN_POINT('',(120.,-74.,1.51));
#9498 = VECTOR('',#9499,1.);
#9499 = DIRECTION('',(0.,1.,0.));
#9500 = ORIENTED_EDGE('',*,*,#9501,.F.);
#9501 = EDGE_CURVE('',#9502,#9494,#9504,.T.);
#9502 = VERTEX_POINT('',#9503);
#9503 = CARTESIAN_POINT('',(121.,-75.,1.51));
#9504 = CIRCLE('',#9505,0.999999252925);
#9505 = AXIS2_PLACEMENT_3D('',#9506,#9507,#9508);
#9506 = CARTESIAN_POINT('',(120.99999925292,-74.00000074707,1.51));
#9507 = DIRECTION('',(0.,0.,-1.));
#9508 = DIRECTION('',(7.47075720743E-07,-1.,0.));
#9509 = ORIENTED_EDGE('',*,*,#9510,.F.);
#9510 = EDGE_CURVE('',#9511,#9502,#9513,.T.);
#9511 = VERTEX_POINT('',#9512);
#9512 = CARTESIAN_POINT('',(134.,-75.,1.51));
#9513 = LINE('',#9514,#9515);
#9514 = CARTESIAN_POINT('',(134.,-75.,1.51));
#9515 = VECTOR('',#9516,1.);
#9516 = DIRECTION('',(-1.,0.,0.));
#9517 = ORIENTED_EDGE('',*,*,#9518,.F.);
#9518 = EDGE_CURVE('',#9390,#9511,#9519,.T.);
#9519 = CIRCLE('',#9520,0.999999252925);
#9520 = AXIS2_PLACEMENT_3D('',#9521,#9522,#9523);
#9521 = CARTESIAN_POINT('',(134.00000074707,-74.00000074707,1.51));
#9522 = DIRECTION('',(0.,0.,-1.));
#9523 = DIRECTION('',(1.,7.470757491648E-07,0.));
#9524 = ORIENTED_EDGE('',*,*,#9389,.F.);
#9525 = FACE_BOUND('',#9526,.T.);
#9526 = EDGE_LOOP('',(#9527));
#9527 = ORIENTED_EDGE('',*,*,#9528,.T.);
#9528 = EDGE_CURVE('',#9529,#9529,#9531,.T.);
#9529 = VERTEX_POINT('',#9530);
#9530 = CARTESIAN_POINT('',(122.,-74.1,1.51));
#9531 = CIRCLE('',#9532,1.1);
#9532 = AXIS2_PLACEMENT_3D('',#9533,#9534,#9535);
#9533 = CARTESIAN_POINT('',(122.,-73.,1.51));
#9534 = DIRECTION('',(-0.,0.,-1.));
#9535 = DIRECTION('',(-0.,-1.,0.));
#9536 = PLANE('',#9537);
#9537 = AXIS2_PLACEMENT_3D('',#9538,#9539,#9540);
#9538 = CARTESIAN_POINT('',(0.,0.,1.51));
#9539 = DIRECTION('',(0.,0.,1.));
#9540 = DIRECTION('',(1.,0.,-0.));
#9541 = ADVANCED_FACE('',(#9542),#9553,.T.);
#9542 = FACE_BOUND('',#9543,.T.);
#9543 = EDGE_LOOP('',(#9544,#9550,#9551,#9552));
#9544 = ORIENTED_EDGE('',*,*,#9545,.T.);
#9545 = EDGE_CURVE('',#9422,#9485,#9546,.T.);
#9546 = LINE('',#9547,#9548);
#9547 = CARTESIAN_POINT('',(120.,-61.,0.));
#9548 = VECTOR('',#9549,1.);
#9549 = DIRECTION('',(0.,0.,1.));
#9550 = ORIENTED_EDGE('',*,*,#9484,.T.);
#9551 = ORIENTED_EDGE('',*,*,#9357,.F.);
#9552 = ORIENTED_EDGE('',*,*,#9421,.F.);
#9553 = CYLINDRICAL_SURFACE('',#9554,0.999999252925);
#9554 = AXIS2_PLACEMENT_3D('',#9555,#9556,#9557);
#9555 = CARTESIAN_POINT('',(120.99999925292,-60.99999925292,0.));
#9556 = DIRECTION('',(0.,0.,-1.));
#9557 = DIRECTION('',(-1.,-7.470757349539E-07,-0.));
#9558 = ADVANCED_FACE('',(#9559),#9570,.T.);
#9559 = FACE_BOUND('',#9560,.T.);
#9560 = EDGE_LOOP('',(#9561,#9562,#9563,#9569));
#9561 = ORIENTED_EDGE('',*,*,#9397,.T.);
#9562 = ORIENTED_EDGE('',*,*,#9518,.T.);
#9563 = ORIENTED_EDGE('',*,*,#9564,.F.);
#9564 = EDGE_CURVE('',#9448,#9511,#9565,.T.);
#9565 = LINE('',#9566,#9567);
#9566 = CARTESIAN_POINT('',(134.,-75.,0.));
#9567 = VECTOR('',#9568,1.);
#9568 = DIRECTION('',(0.,0.,1.));
#9569 = ORIENTED_EDGE('',*,*,#9455,.F.);
#9570 = CYLINDRICAL_SURFACE('',#9571,0.999999252925);
#9571 = AXIS2_PLACEMENT_3D('',#9572,#9573,#9574);
#9572 = CARTESIAN_POINT('',(134.00000074707,-74.00000074707,0.));
#9573 = DIRECTION('',(0.,0.,-1.));
#9574 = DIRECTION('',(1.,7.470757491648E-07,0.));
#9575 = ADVANCED_FACE('',(#9576),#9587,.T.);
#9576 = FACE_BOUND('',#9577,.T.);
#9577 = EDGE_LOOP('',(#9578,#9584,#9585,#9586));
#9578 = ORIENTED_EDGE('',*,*,#9579,.T.);
#9579 = EDGE_CURVE('',#9431,#9494,#9580,.T.);
#9580 = LINE('',#9581,#9582);
#9581 = CARTESIAN_POINT('',(120.,-74.,0.));
#9582 = VECTOR('',#9583,1.);
#9583 = DIRECTION('',(0.,0.,1.));
#9584 = ORIENTED_EDGE('',*,*,#9493,.T.);
#9585 = ORIENTED_EDGE('',*,*,#9545,.F.);
#9586 = ORIENTED_EDGE('',*,*,#9430,.F.);
#9587 = PLANE('',#9588);
#9588 = AXIS2_PLACEMENT_3D('',#9589,#9590,#9591);
#9589 = CARTESIAN_POINT('',(120.,-74.,0.));
#9590 = DIRECTION('',(-1.,0.,0.));
#9591 = DIRECTION('',(0.,1.,0.));
#9592 = ADVANCED_FACE('',(#9593),#9604,.T.);
#9593 = FACE_BOUND('',#9594,.T.);
#9594 = EDGE_LOOP('',(#9595,#9596,#9597,#9603));
#9595 = ORIENTED_EDGE('',*,*,#9564,.T.);
#9596 = ORIENTED_EDGE('',*,*,#9510,.T.);
#9597 = ORIENTED_EDGE('',*,*,#9598,.F.);
#9598 = EDGE_CURVE('',#9439,#9502,#9599,.T.);
#9599 = LINE('',#9600,#9601);
#9600 = CARTESIAN_POINT('',(121.,-75.,0.));
#9601 = VECTOR('',#9602,1.);
#9602 = DIRECTION('',(0.,0.,1.));
#9603 = ORIENTED_EDGE('',*,*,#9447,.F.);
#9604 = PLANE('',#9605);
#9605 = AXIS2_PLACEMENT_3D('',#9606,#9607,#9608);
#9606 = CARTESIAN_POINT('',(134.,-75.,0.));
#9607 = DIRECTION('',(0.,-1.,0.));
#9608 = DIRECTION('',(-1.,0.,0.));
#9609 = ADVANCED_FACE('',(#9610),#9616,.T.);
#9610 = FACE_BOUND('',#9611,.T.);
#9611 = EDGE_LOOP('',(#9612,#9613,#9614,#9615));
#9612 = ORIENTED_EDGE('',*,*,#9598,.T.);
#9613 = ORIENTED_EDGE('',*,*,#9501,.T.);
#9614 = ORIENTED_EDGE('',*,*,#9579,.F.);
#9615 = ORIENTED_EDGE('',*,*,#9438,.F.);
#9616 = CYLINDRICAL_SURFACE('',#9617,0.999999252925);
#9617 = AXIS2_PLACEMENT_3D('',#9618,#9619,#9620);
#9618 = CARTESIAN_POINT('',(120.99999925292,-74.00000074707,0.));
#9619 = DIRECTION('',(0.,0.,-1.));
#9620 = DIRECTION('',(7.47075720743E-07,-1.,0.));
#9621 = ADVANCED_FACE('',(#9622),#9633,.F.);
#9622 = FACE_BOUND('',#9623,.T.);
#9623 = EDGE_LOOP('',(#9624,#9625,#9631,#9632));
#9624 = ORIENTED_EDGE('',*,*,#9465,.T.);
#9625 = ORIENTED_EDGE('',*,*,#9626,.T.);
#9626 = EDGE_CURVE('',#9466,#9529,#9627,.T.);
#9627 = LINE('',#9628,#9629);
#9628 = CARTESIAN_POINT('',(122.,-74.1,-4.6E-02));
#9629 = VECTOR('',#9630,1.);
#9630 = DIRECTION('',(0.,0.,1.));
#9631 = ORIENTED_EDGE('',*,*,#9528,.F.);
#9632 = ORIENTED_EDGE('',*,*,#9626,.F.);
#9633 = CYLINDRICAL_SURFACE('',#9634,1.1);
#9634 = AXIS2_PLACEMENT_3D('',#9635,#9636,#9637);
#9635 = CARTESIAN_POINT('',(122.,-73.,-4.6E-02));
#9636 = DIRECTION('',(-0.,-0.,-1.));
#9637 = DIRECTION('',(-0.,-1.,0.));
#9638 = ( GEOMETRIC_REPRESENTATION_CONTEXT(3) 
GLOBAL_UNCERTAINTY_ASSIGNED_CONTEXT((#9642)) 
GLOBAL_UNIT_ASSIGNED_CONTEXT((#9639,#9640,#9641)) REPRESENTATION_CONTEXT
('Context #1','3D Context with UNIT and UNCERTAINTY') );
#9639 = ( LENGTH_UNIT() NAMED_UNIT(*) SI_UNIT(.MILLI.,.METRE.) );
#9640 = ( NAMED_UNIT(*) PLANE_ANGLE_UNIT() SI_UNIT($,.RADIAN.) );
#9641 = ( NAMED_UNIT(*) SI_UNIT($,.STERADIAN.) SOLID_ANGLE_UNIT() );
#9642 = UNCERTAINTY_MEASURE_WITH_UNIT(LENGTH_MEASURE(1.E-07),#9639,
  'distance_accuracy_value','confusion accuracy');
#9643 = CONTEXT_DEPENDENT_SHAPE_REPRESENTATION(#9644,#9646);
#9644 = ( REPRESENTATION_RELATIONSHIP('','',#9308,#10) 
REPRESENTATION_RELATIONSHIP_WITH_TRANSFORMATION(#9645) 
SHAPE_REPRESENTATION_RELATIONSHIP() );
#9645 = ITEM_DEFINED_TRANSFORMATION('','',#11,#35);
#9646 = PRODUCT_DEFINITION_SHAPE('Placement','Placement of an item',
  #9647);
#9647 = NEXT_ASSEMBLY_USAGE_OCCURRENCE('6','=>[0:1:1:7]','',#5,#9303,$);
#9648 = PRODUCT_RELATED_PRODUCT_CATEGORY('part',$,(#9305));
#9649 = MECHANICAL_DESIGN_GEOMETRIC_PRESENTATION_REPRESENTATION('',(
    #9650,#9660,#9669,#9678,#9687,#9696,#9705,#9714,#9723,#9732,#9741,
    #9750,#9759,#9768,#9777,#9786,#9795,#9804,#9813,#9822),#9290);
#9650 = STYLED_ITEM('color',(#9651),#6589);
#9651 = PRESENTATION_STYLE_ASSIGNMENT((#9652));
#9652 = SURFACE_STYLE_USAGE(.BOTH.,#9653);
#9653 = SURFACE_SIDE_STYLE('',(#9654,#9658));
#9654 = SURFACE_STYLE_FILL_AREA(#9655);
#9655 = FILL_AREA_STYLE('',(#9656));
#9656 = FILL_AREA_STYLE_COLOUR('',#9657);
#9657 = DRAUGHTING_PRE_DEFINED_COLOUR('white');
#9658 = SURFACE_STYLE_RENDERING_WITH_PROPERTIES(.NORMAL_SHADING.,#9657,(
    #9659));
#9659 = SURFACE_STYLE_TRANSPARENT(0.100000023842);
#9660 = STYLED_ITEM('color',(#9661),#6756);
#9661 = PRESENTATION_STYLE_ASSIGNMENT((#9662));
#9662 = SURFACE_STYLE_USAGE(.BOTH.,#9663);
#9663 = SURFACE_SIDE_STYLE('',(#9664,#9667));
#9664 = SURFACE_STYLE_FILL_AREA(#9665);
#9665 = FILL_AREA_STYLE('',(#9666));
#9666 = FILL_AREA_STYLE_COLOUR('',#9657);
#9667 = SURFACE_STYLE_RENDERING_WITH_PROPERTIES(.NORMAL_SHADING.,#9657,(
    #9668));
#9668 = SURFACE_STYLE_TRANSPARENT(0.100000023842);
#9669 = STYLED_ITEM('color',(#9670),#6849);
#9670 = PRESENTATION_STYLE_ASSIGNMENT((#9671));
#9671 = SURFACE_STYLE_USAGE(.BOTH.,#9672);
#9672 = SURFACE_SIDE_STYLE('',(#9673,#9676));
#9673 = SURFACE_STYLE_FILL_AREA(#9674);
#9674 = FILL_AREA_STYLE('',(#9675));
#9675 = FILL_AREA_STYLE_COLOUR('',#9657);
#9676 = SURFACE_STYLE_RENDERING_WITH_PROPERTIES(.NORMAL_SHADING.,#9657,(
    #9677));
#9677 = SURFACE_STYLE_TRANSPARENT(0.100000023842);
#9678 = STYLED_ITEM('color',(#9679),#6893);
#9679 = PRESENTATION_STYLE_ASSIGNMENT((#9680));
#9680 = SURFACE_STYLE_USAGE(.BOTH.,#9681);
#9681 = SURFACE_SIDE_STYLE('',(#9682,#9685));
#9682 = SURFACE_STYLE_FILL_AREA(#9683);
#9683 = FILL_AREA_STYLE('',(#9684));
#9684 = FILL_AREA_STYLE_COLOUR('',#9657);
#9685 = SURFACE_STYLE_RENDERING_WITH_PROPERTIES(.NORMAL_SHADING.,#9657,(
    #9686));
#9686 = SURFACE_STYLE_TRANSPARENT(0.100000023842);
#9687 = STYLED_ITEM('color',(#9688),#7102);
#9688 = PRESENTATION_STYLE_ASSIGNMENT((#9689));
#9689 = SURFACE_STYLE_USAGE(.BOTH.,#9690);
#9690 = SURFACE_SIDE_STYLE('',(#9691,#9694));
#9691 = SURFACE_STYLE_FILL_AREA(#9692);
#9692 = FILL_AREA_STYLE('',(#9693));
#9693 = FILL_AREA_STYLE_COLOUR('',#9657);
#9694 = SURFACE_STYLE_RENDERING_WITH_PROPERTIES(.NORMAL_SHADING.,#9657,(
    #9695));
#9695 = SURFACE_STYLE_TRANSPARENT(0.100000023842);
#9696 = STYLED_ITEM('color',(#9697),#7311);
#9697 = PRESENTATION_STYLE_ASSIGNMENT((#9698));
#9698 = SURFACE_STYLE_USAGE(.BOTH.,#9699);
#9699 = SURFACE_SIDE_STYLE('',(#9700,#9703));
#9700 = SURFACE_STYLE_FILL_AREA(#9701);
#9701 = FILL_AREA_STYLE('',(#9702));
#9702 = FILL_AREA_STYLE_COLOUR('',#9657);
#9703 = SURFACE_STYLE_RENDERING_WITH_PROPERTIES(.NORMAL_SHADING.,#9657,(
    #9704));
#9704 = SURFACE_STYLE_TRANSPARENT(0.100000023842);
#9705 = STYLED_ITEM('color',(#9706),#7413);
#9706 = PRESENTATION_STYLE_ASSIGNMENT((#9707));
#9707 = SURFACE_STYLE_USAGE(.BOTH.,#9708);
#9708 = SURFACE_SIDE_STYLE('',(#9709,#9712));
#9709 = SURFACE_STYLE_FILL_AREA(#9710);
#9710 = FILL_AREA_STYLE('',(#9711));
#9711 = FILL_AREA_STYLE_COLOUR('',#9657);
#9712 = SURFACE_STYLE_RENDERING_WITH_PROPERTIES(.NORMAL_SHADING.,#9657,(
    #9713));
#9713 = SURFACE_STYLE_TRANSPARENT(0.100000023842);
#9714 = STYLED_ITEM('color',(#9715),#7562);
#9715 = PRESENTATION_STYLE_ASSIGNMENT((#9716));
#9716 = SURFACE_STYLE_USAGE(.BOTH.,#9717);
#9717 = SURFACE_SIDE_STYLE('',(#9718,#9721));
#9718 = SURFACE_STYLE_FILL_AREA(#9719);
#9719 = FILL_AREA_STYLE('',(#9720));
#9720 = FILL_AREA_STYLE_COLOUR('',#9657);
#9721 = SURFACE_STYLE_RENDERING_WITH_PROPERTIES(.NORMAL_SHADING.,#9657,(
    #9722));
#9722 = SURFACE_STYLE_TRANSPARENT(0.100000023842);
#9723 = STYLED_ITEM('color',(#9724),#7697);
#9724 = PRESENTATION_STYLE_ASSIGNMENT((#9725));
#9725 = SURFACE_STYLE_USAGE(.BOTH.,#9726);
#9726 = SURFACE_SIDE_STYLE('',(#9727,#9730));
#9727 = SURFACE_STYLE_FILL_AREA(#9728);
#9728 = FILL_AREA_STYLE('',(#9729));
#9729 = FILL_AREA_STYLE_COLOUR('',#9657);
#9730 = SURFACE_STYLE_RENDERING_WITH_PROPERTIES(.NORMAL_SHADING.,#9657,(
    #9731));
#9731 = SURFACE_STYLE_TRANSPARENT(0.100000023842);
#9732 = STYLED_ITEM('color',(#9733),#7921);
#9733 = PRESENTATION_STYLE_ASSIGNMENT((#9734));
#9734 = SURFACE_STYLE_USAGE(.BOTH.,#9735);
#9735 = SURFACE_SIDE_STYLE('',(#9736,#9739));
#9736 = SURFACE_STYLE_FILL_AREA(#9737);
#9737 = FILL_AREA_STYLE('',(#9738));
#9738 = FILL_AREA_STYLE_COLOUR('',#9657);
#9739 = SURFACE_STYLE_RENDERING_WITH_PROPERTIES(.NORMAL_SHADING.,#9657,(
    #9740));
#9740 = SURFACE_STYLE_TRANSPARENT(0.100000023842);
#9741 = STYLED_ITEM('color',(#9742),#8015);
#9742 = PRESENTATION_STYLE_ASSIGNMENT((#9743));
#9743 = SURFACE_STYLE_USAGE(.BOTH.,#9744);
#9744 = SURFACE_SIDE_STYLE('',(#9745,#9748));
#9745 = SURFACE_STYLE_FILL_AREA(#9746);
#9746 = FILL_AREA_STYLE('',(#9747));
#9747 = FILL_AREA_STYLE_COLOUR('',#9657);
#9748 = SURFACE_STYLE_RENDERING_WITH_PROPERTIES(.NORMAL_SHADING.,#9657,(
    #9749));
#9749 = SURFACE_STYLE_TRANSPARENT(0.100000023842);
#9750 = STYLED_ITEM('color',(#9751),#8264);
#9751 = PRESENTATION_STYLE_ASSIGNMENT((#9752));
#9752 = SURFACE_STYLE_USAGE(.BOTH.,#9753);
#9753 = SURFACE_SIDE_STYLE('',(#9754,#9757));
#9754 = SURFACE_STYLE_FILL_AREA(#9755);
#9755 = FILL_AREA_STYLE('',(#9756));
#9756 = FILL_AREA_STYLE_COLOUR('',#9657);
#9757 = SURFACE_STYLE_RENDERING_WITH_PROPERTIES(.NORMAL_SHADING.,#9657,(
    #9758));
#9758 = SURFACE_STYLE_TRANSPARENT(0.100000023842);
#9759 = STYLED_ITEM('color',(#9760),#8324);
#9760 = PRESENTATION_STYLE_ASSIGNMENT((#9761));
#9761 = SURFACE_STYLE_USAGE(.BOTH.,#9762);
#9762 = SURFACE_SIDE_STYLE('',(#9763,#9766));
#9763 = SURFACE_STYLE_FILL_AREA(#9764);
#9764 = FILL_AREA_STYLE('',(#9765));
#9765 = FILL_AREA_STYLE_COLOUR('',#9657);
#9766 = SURFACE_STYLE_RENDERING_WITH_PROPERTIES(.NORMAL_SHADING.,#9657,(
    #9767));
#9767 = SURFACE_STYLE_TRANSPARENT(0.100000023842);
#9768 = STYLED_ITEM('color',(#9769),#8392);
#9769 = PRESENTATION_STYLE_ASSIGNMENT((#9770));
#9770 = SURFACE_STYLE_USAGE(.BOTH.,#9771);
#9771 = SURFACE_SIDE_STYLE('',(#9772,#9775));
#9772 = SURFACE_STYLE_FILL_AREA(#9773);
#9773 = FILL_AREA_STYLE('',(#9774));
#9774 = FILL_AREA_STYLE_COLOUR('',#9657);
#9775 = SURFACE_STYLE_RENDERING_WITH_PROPERTIES(.NORMAL_SHADING.,#9657,(
    #9776));
#9776 = SURFACE_STYLE_TRANSPARENT(0.100000023842);
#9777 = STYLED_ITEM('color',(#9778),#8574);
#9778 = PRESENTATION_STYLE_ASSIGNMENT((#9779));
#9779 = SURFACE_STYLE_USAGE(.BOTH.,#9780);
#9780 = SURFACE_SIDE_STYLE('',(#9781,#9784));
#9781 = SURFACE_STYLE_FILL_AREA(#9782);
#9782 = FILL_AREA_STYLE('',(#9783));
#9783 = FILL_AREA_STYLE_COLOUR('',#9657);
#9784 = SURFACE_STYLE_RENDERING_WITH_PROPERTIES(.NORMAL_SHADING.,#9657,(
    #9785));
#9785 = SURFACE_STYLE_TRANSPARENT(0.100000023842);
#9786 = STYLED_ITEM('color',(#9787),#8618);
#9787 = PRESENTATION_STYLE_ASSIGNMENT((#9788));
#9788 = SURFACE_STYLE_USAGE(.BOTH.,#9789);
#9789 = SURFACE_SIDE_STYLE('',(#9790,#9793));
#9790 = SURFACE_STYLE_FILL_AREA(#9791);
#9791 = FILL_AREA_STYLE('',(#9792));
#9792 = FILL_AREA_STYLE_COLOUR('',#9657);
#9793 = SURFACE_STYLE_RENDERING_WITH_PROPERTIES(.NORMAL_SHADING.,#9657,(
    #9794));
#9794 = SURFACE_STYLE_TRANSPARENT(0.100000023842);
#9795 = STYLED_ITEM('color',(#9796),#8849);
#9796 = PRESENTATION_STYLE_ASSIGNMENT((#9797));
#9797 = SURFACE_STYLE_USAGE(.BOTH.,#9798);
#9798 = SURFACE_SIDE_STYLE('',(#9799,#9802));
#9799 = SURFACE_STYLE_FILL_AREA(#9800);
#9800 = FILL_AREA_STYLE('',(#9801));
#9801 = FILL_AREA_STYLE_COLOUR('',#9657);
#9802 = SURFACE_STYLE_RENDERING_WITH_PROPERTIES(.NORMAL_SHADING.,#9657,(
    #9803));
#9803 = SURFACE_STYLE_TRANSPARENT(0.100000023842);
#9804 = STYLED_ITEM('color',(#9805),#8998);
#9805 = PRESENTATION_STYLE_ASSIGNMENT((#9806));
#9806 = SURFACE_STYLE_USAGE(.BOTH.,#9807);
#9807 = SURFACE_SIDE_STYLE('',(#9808,#9811));
#9808 = SURFACE_STYLE_FILL_AREA(#9809);
#9809 = FILL_AREA_STYLE('',(#9810));
#9810 = FILL_AREA_STYLE_COLOUR('',#9657);
#9811 = SURFACE_STYLE_RENDERING_WITH_PROPERTIES(.NORMAL_SHADING.,#9657,(
    #9812));
#9812 = SURFACE_STYLE_TRANSPARENT(0.100000023842);
#9813 = STYLED_ITEM('color',(#9814),#9042);
#9814 = PRESENTATION_STYLE_ASSIGNMENT((#9815));
#9815 = SURFACE_STYLE_USAGE(.BOTH.,#9816);
#9816 = SURFACE_SIDE_STYLE('',(#9817,#9820));
#9817 = SURFACE_STYLE_FILL_AREA(#9818);
#9818 = FILL_AREA_STYLE('',(#9819));
#9819 = FILL_AREA_STYLE_COLOUR('',#9657);
#9820 = SURFACE_STYLE_RENDERING_WITH_PROPERTIES(.NORMAL_SHADING.,#9657,(
    #9821));
#9821 = SURFACE_STYLE_TRANSPARENT(0.100000023842);
#9822 = STYLED_ITEM('color',(#9823),#9143);
#9823 = PRESENTATION_STYLE_ASSIGNMENT((#9824));
#9824 = SURFACE_STYLE_USAGE(.BOTH.,#9825);
#9825 = SURFACE_SIDE_STYLE('',(#9826,#9829));
#9826 = SURFACE_STYLE_FILL_AREA(#9827);
#9827 = FILL_AREA_STYLE('',(#9828));
#9828 = FILL_AREA_STYLE_COLOUR('',#9657);
#9829 = SURFACE_STYLE_RENDERING_WITH_PROPERTIES(.NORMAL_SHADING.,#9657,(
    #9830));
#9830 = SURFACE_STYLE_TRANSPARENT(0.100000023842);
#9831 = MECHANICAL_DESIGN_GEOMETRIC_PRESENTATION_REPRESENTATION('',(
    #9832,#9840,#9847,#9854,#9861,#9868,#9875,#9882,#9889,#9896,#9903,
    #9911,#9918,#9925,#9932,#9939,#9946,#9953,#9960,#9967,#9974,#9981,
    #9988,#9995,#10002,#10009,#10016,#10023),#907);
#9832 = STYLED_ITEM('color',(#9833),#55);
#9833 = PRESENTATION_STYLE_ASSIGNMENT((#9834));
#9834 = SURFACE_STYLE_USAGE(.BOTH.,#9835);
#9835 = SURFACE_SIDE_STYLE('',(#9836));
#9836 = SURFACE_STYLE_FILL_AREA(#9837);
#9837 = FILL_AREA_STYLE('',(#9838));
#9838 = FILL_AREA_STYLE_COLOUR('',#9839);
#9839 = COLOUR_RGB('',0.823999987314,0.819999987296,0.781000009244);
#9840 = STYLED_ITEM('color',(#9841),#131);
#9841 = PRESENTATION_STYLE_ASSIGNMENT((#9842));
#9842 = SURFACE_STYLE_USAGE(.BOTH.,#9843);
#9843 = SURFACE_SIDE_STYLE('',(#9844));
#9844 = SURFACE_STYLE_FILL_AREA(#9845);
#9845 = FILL_AREA_STYLE('',(#9846));
#9846 = FILL_AREA_STYLE_COLOUR('',#9839);
#9847 = STYLED_ITEM('color',(#9848),#162);
#9848 = PRESENTATION_STYLE_ASSIGNMENT((#9849));
#9849 = SURFACE_STYLE_USAGE(.BOTH.,#9850);
#9850 = SURFACE_SIDE_STYLE('',(#9851));
#9851 = SURFACE_STYLE_FILL_AREA(#9852);
#9852 = FILL_AREA_STYLE('',(#9853));
#9853 = FILL_AREA_STYLE_COLOUR('',#9839);
#9854 = STYLED_ITEM('color',(#9855),#187);
#9855 = PRESENTATION_STYLE_ASSIGNMENT((#9856));
#9856 = SURFACE_STYLE_USAGE(.BOTH.,#9857);
#9857 = SURFACE_SIDE_STYLE('',(#9858));
#9858 = SURFACE_STYLE_FILL_AREA(#9859);
#9859 = FILL_AREA_STYLE('',(#9860));
#9860 = FILL_AREA_STYLE_COLOUR('',#9839);
#9861 = STYLED_ITEM('color',(#9862),#212);
#9862 = PRESENTATION_STYLE_ASSIGNMENT((#9863));
#9863 = SURFACE_STYLE_USAGE(.BOTH.,#9864);
#9864 = SURFACE_SIDE_STYLE('',(#9865));
#9865 = SURFACE_STYLE_FILL_AREA(#9866);
#9866 = FILL_AREA_STYLE('',(#9867));
#9867 = FILL_AREA_STYLE_COLOUR('',#9839);
#9868 = STYLED_ITEM('color',(#9869),#236);
#9869 = PRESENTATION_STYLE_ASSIGNMENT((#9870));
#9870 = SURFACE_STYLE_USAGE(.BOTH.,#9871);
#9871 = SURFACE_SIDE_STYLE('',(#9872));
#9872 = SURFACE_STYLE_FILL_AREA(#9873);
#9873 = FILL_AREA_STYLE('',(#9874));
#9874 = FILL_AREA_STYLE_COLOUR('',#9839);
#9875 = STYLED_ITEM('color',(#9876),#260);
#9876 = PRESENTATION_STYLE_ASSIGNMENT((#9877));
#9877 = SURFACE_STYLE_USAGE(.BOTH.,#9878);
#9878 = SURFACE_SIDE_STYLE('',(#9879));
#9879 = SURFACE_STYLE_FILL_AREA(#9880);
#9880 = FILL_AREA_STYLE('',(#9881));
#9881 = FILL_AREA_STYLE_COLOUR('',#9839);
#9882 = STYLED_ITEM('color',(#9883),#285);
#9883 = PRESENTATION_STYLE_ASSIGNMENT((#9884));
#9884 = SURFACE_STYLE_USAGE(.BOTH.,#9885);
#9885 = SURFACE_SIDE_STYLE('',(#9886));
#9886 = SURFACE_STYLE_FILL_AREA(#9887);
#9887 = FILL_AREA_STYLE('',(#9888));
#9888 = FILL_AREA_STYLE_COLOUR('',#9839);
#9889 = STYLED_ITEM('color',(#9890),#310);
#9890 = PRESENTATION_STYLE_ASSIGNMENT((#9891));
#9891 = SURFACE_STYLE_USAGE(.BOTH.,#9892);
#9892 = SURFACE_SIDE_STYLE('',(#9893));
#9893 = SURFACE_STYLE_FILL_AREA(#9894);
#9894 = FILL_AREA_STYLE('',(#9895));
#9895 = FILL_AREA_STYLE_COLOUR('',#9839);
#9896 = STYLED_ITEM('color',(#9897),#327);
#9897 = PRESENTATION_STYLE_ASSIGNMENT((#9898));
#9898 = SURFACE_STYLE_USAGE(.BOTH.,#9899);
#9899 = SURFACE_SIDE_STYLE('',(#9900));
#9900 = SURFACE_STYLE_FILL_AREA(#9901);
#9901 = FILL_AREA_STYLE('',(#9902));
#9902 = FILL_AREA_STYLE_COLOUR('',#9839);
#9903 = STYLED_ITEM('color',(#9904),#413);
#9904 = PRESENTATION_STYLE_ASSIGNMENT((#9905));
#9905 = SURFACE_STYLE_USAGE(.BOTH.,#9906);
#9906 = SURFACE_SIDE_STYLE('',(#9907));
#9907 = SURFACE_STYLE_FILL_AREA(#9908);
#9908 = FILL_AREA_STYLE('',(#9909));
#9909 = FILL_AREA_STYLE_COLOUR('',#9910);
#9910 = COLOUR_RGB('',0.379000005575,0.270000008848,0.214999999939);
#9911 = STYLED_ITEM('color',(#9912),#445);
#9912 = PRESENTATION_STYLE_ASSIGNMENT((#9913));
#9913 = SURFACE_STYLE_USAGE(.BOTH.,#9914);
#9914 = SURFACE_SIDE_STYLE('',(#9915));
#9915 = SURFACE_STYLE_FILL_AREA(#9916);
#9916 = FILL_AREA_STYLE('',(#9917));
#9917 = FILL_AREA_STYLE_COLOUR('',#9910);
#9918 = STYLED_ITEM('color',(#9919),#469);
#9919 = PRESENTATION_STYLE_ASSIGNMENT((#9920));
#9920 = SURFACE_STYLE_USAGE(.BOTH.,#9921);
#9921 = SURFACE_SIDE_STYLE('',(#9922));
#9922 = SURFACE_STYLE_FILL_AREA(#9923);
#9923 = FILL_AREA_STYLE('',(#9924));
#9924 = FILL_AREA_STYLE_COLOUR('',#9910);
#9925 = STYLED_ITEM('color',(#9926),#494);
#9926 = PRESENTATION_STYLE_ASSIGNMENT((#9927));
#9927 = SURFACE_STYLE_USAGE(.BOTH.,#9928);
#9928 = SURFACE_SIDE_STYLE('',(#9929));
#9929 = SURFACE_STYLE_FILL_AREA(#9930);
#9930 = FILL_AREA_STYLE('',(#9931));
#9931 = FILL_AREA_STYLE_COLOUR('',#9910);
#9932 = STYLED_ITEM('color',(#9933),#518);
#9933 = PRESENTATION_STYLE_ASSIGNMENT((#9934));
#9934 = SURFACE_STYLE_USAGE(.BOTH.,#9935);
#9935 = SURFACE_SIDE_STYLE('',(#9936));
#9936 = SURFACE_STYLE_FILL_AREA(#9937);
#9937 = FILL_AREA_STYLE('',(#9938));
#9938 = FILL_AREA_STYLE_COLOUR('',#9910);
#9939 = STYLED_ITEM('color',(#9940),#543);
#9940 = PRESENTATION_STYLE_ASSIGNMENT((#9941));
#9941 = SURFACE_STYLE_USAGE(.BOTH.,#9942);
#9942 = SURFACE_SIDE_STYLE('',(#9943));
#9943 = SURFACE_STYLE_FILL_AREA(#9944);
#9944 = FILL_AREA_STYLE('',(#9945));
#9945 = FILL_AREA_STYLE_COLOUR('',#9910);
#9946 = STYLED_ITEM('color',(#9947),#567);
#9947 = PRESENTATION_STYLE_ASSIGNMENT((#9948));
#9948 = SURFACE_STYLE_USAGE(.BOTH.,#9949);
#9949 = SURFACE_SIDE_STYLE('',(#9950));
#9950 = SURFACE_STYLE_FILL_AREA(#9951);
#9951 = FILL_AREA_STYLE('',(#9952));
#9952 = FILL_AREA_STYLE_COLOUR('',#9910);
#9953 = STYLED_ITEM('color',(#9954),#592);
#9954 = PRESENTATION_STYLE_ASSIGNMENT((#9955));
#9955 = SURFACE_STYLE_USAGE(.BOTH.,#9956);
#9956 = SURFACE_SIDE_STYLE('',(#9957));
#9957 = SURFACE_STYLE_FILL_AREA(#9958);
#9958 = FILL_AREA_STYLE('',(#9959));
#9959 = FILL_AREA_STYLE_COLOUR('',#9910);
#9960 = STYLED_ITEM('color',(#9961),#609);
#9961 = PRESENTATION_STYLE_ASSIGNMENT((#9962));
#9962 = SURFACE_STYLE_USAGE(.BOTH.,#9963);
#9963 = SURFACE_SIDE_STYLE('',(#9964));
#9964 = SURFACE_STYLE_FILL_AREA(#9965);
#9965 = FILL_AREA_STYLE('',(#9966));
#9966 = FILL_AREA_STYLE_COLOUR('',#9839);
#9967 = STYLED_ITEM('color',(#9968),#695);
#9968 = PRESENTATION_STYLE_ASSIGNMENT((#9969));
#9969 = SURFACE_STYLE_USAGE(.BOTH.,#9970);
#9970 = SURFACE_SIDE_STYLE('',(#9971));
#9971 = SURFACE_STYLE_FILL_AREA(#9972);
#9972 = FILL_AREA_STYLE('',(#9973));
#9973 = FILL_AREA_STYLE_COLOUR('',#9839);
#9974 = STYLED_ITEM('color',(#9975),#726);
#9975 = PRESENTATION_STYLE_ASSIGNMENT((#9976));
#9976 = SURFACE_STYLE_USAGE(.BOTH.,#9977);
#9977 = SURFACE_SIDE_STYLE('',(#9978));
#9978 = SURFACE_STYLE_FILL_AREA(#9979);
#9979 = FILL_AREA_STYLE('',(#9980));
#9980 = FILL_AREA_STYLE_COLOUR('',#9839);
#9981 = STYLED_ITEM('color',(#9982),#751);
#9982 = PRESENTATION_STYLE_ASSIGNMENT((#9983));
#9983 = SURFACE_STYLE_USAGE(.BOTH.,#9984);
#9984 = SURFACE_SIDE_STYLE('',(#9985));
#9985 = SURFACE_STYLE_FILL_AREA(#9986);
#9986 = FILL_AREA_STYLE('',(#9987));
#9987 = FILL_AREA_STYLE_COLOUR('',#9839);
#9988 = STYLED_ITEM('color',(#9989),#776);
#9989 = PRESENTATION_STYLE_ASSIGNMENT((#9990));
#9990 = SURFACE_STYLE_USAGE(.BOTH.,#9991);
#9991 = SURFACE_SIDE_STYLE('',(#9992));
#9992 = SURFACE_STYLE_FILL_AREA(#9993);
#9993 = FILL_AREA_STYLE('',(#9994));
#9994 = FILL_AREA_STYLE_COLOUR('',#9839);
#9995 = STYLED_ITEM('color',(#9996),#800);
#9996 = PRESENTATION_STYLE_ASSIGNMENT((#9997));
#9997 = SURFACE_STYLE_USAGE(.BOTH.,#9998);
#9998 = SURFACE_SIDE_STYLE('',(#9999));
#9999 = SURFACE_STYLE_FILL_AREA(#10000);
#10000 = FILL_AREA_STYLE('',(#10001));
#10001 = FILL_AREA_STYLE_COLOUR('',#9839);
#10002 = STYLED_ITEM('color',(#10003),#824);
#10003 = PRESENTATION_STYLE_ASSIGNMENT((#10004));
#10004 = SURFACE_STYLE_USAGE(.BOTH.,#10005);
#10005 = SURFACE_SIDE_STYLE('',(#10006));
#10006 = SURFACE_STYLE_FILL_AREA(#10007);
#10007 = FILL_AREA_STYLE('',(#10008));
#10008 = FILL_AREA_STYLE_COLOUR('',#9839);
#10009 = STYLED_ITEM('color',(#10010),#849);
#10010 = PRESENTATION_STYLE_ASSIGNMENT((#10011));
#10011 = SURFACE_STYLE_USAGE(.BOTH.,#10012);
#10012 = SURFACE_SIDE_STYLE('',(#10013));
#10013 = SURFACE_STYLE_FILL_AREA(#10014);
#10014 = FILL_AREA_STYLE('',(#10015));
#10015 = FILL_AREA_STYLE_COLOUR('',#9839);
#10016 = STYLED_ITEM('color',(#10017),#874);
#10017 = PRESENTATION_STYLE_ASSIGNMENT((#10018));
#10018 = SURFACE_STYLE_USAGE(.BOTH.,#10019);
#10019 = SURFACE_SIDE_STYLE('',(#10020));
#10020 = SURFACE_STYLE_FILL_AREA(#10021);
#10021 = FILL_AREA_STYLE('',(#10022));
#10022 = FILL_AREA_STYLE_COLOUR('',#9839);
#10023 = STYLED_ITEM('color',(#10024),#891);
#10024 = PRESENTATION_STYLE_ASSIGNMENT((#10025));
#10025 = SURFACE_STYLE_USAGE(.BOTH.,#10026);
#10026 = SURFACE_SIDE_STYLE('',(#10027));
#10027 = SURFACE_STYLE_FILL_AREA(#10028);
#10028 = FILL_AREA_STYLE('',(#10029));
#10029 = FILL_AREA_STYLE_COLOUR('',#9839);
#10030 = MECHANICAL_DESIGN_GEOMETRIC_PRESENTATION_REPRESENTATION('',(
    #10031,#10039,#10046),#4649);
#10031 = STYLED_ITEM('color',(#10032),#2927);
#10032 = PRESENTATION_STYLE_ASSIGNMENT((#10033));
#10033 = SURFACE_STYLE_USAGE(.BOTH.,#10034);
#10034 = SURFACE_SIDE_STYLE('',(#10035));
#10035 = SURFACE_STYLE_FILL_AREA(#10036);
#10036 = FILL_AREA_STYLE('',(#10037));
#10037 = FILL_AREA_STYLE_COLOUR('',#10038);
#10038 = COLOUR_RGB('',0.854305825093,0.803630995277,0.);
#10039 = STYLED_ITEM('color',(#10040),#3743);
#10040 = PRESENTATION_STYLE_ASSIGNMENT((#10041));
#10041 = SURFACE_STYLE_USAGE(.BOTH.,#10042);
#10042 = SURFACE_SIDE_STYLE('',(#10043));
#10043 = SURFACE_STYLE_FILL_AREA(#10044);
#10044 = FILL_AREA_STYLE('',(#10045));
#10045 = FILL_AREA_STYLE_COLOUR('',#10038);
#10046 = STYLED_ITEM('color',(#10047),#4130);
#10047 = PRESENTATION_STYLE_ASSIGNMENT((#10048));
#10048 = SURFACE_STYLE_USAGE(.BOTH.,#10049);
#10049 = SURFACE_SIDE_STYLE('',(#10050));
#10050 = SURFACE_STYLE_FILL_AREA(#10051);
#10051 = FILL_AREA_STYLE('',(#10052));
#10052 = FILL_AREA_STYLE_COLOUR('',#10038);
#10053 = MECHANICAL_DESIGN_GEOMETRIC_PRESENTATION_REPRESENTATION('',(
    #10054,#10062,#10069,#10076,#10083,#10090,#10097,#10104),#6568);
#10054 = STYLED_ITEM('color',(#10055),#4668);
#10055 = PRESENTATION_STYLE_ASSIGNMENT((#10056));
#10056 = SURFACE_STYLE_USAGE(.BOTH.,#10057);
#10057 = SURFACE_SIDE_STYLE('',(#10058));
#10058 = SURFACE_STYLE_FILL_AREA(#10059);
#10059 = FILL_AREA_STYLE('',(#10060));
#10060 = FILL_AREA_STYLE_COLOUR('',#10061);
#10061 = COLOUR_RGB('',0.735356983052,0.735356983052,0.735356983052);
#10062 = STYLED_ITEM('color',(#10063),#4818);
#10063 = PRESENTATION_STYLE_ASSIGNMENT((#10064));
#10064 = SURFACE_STYLE_USAGE(.BOTH.,#10065);
#10065 = SURFACE_SIDE_STYLE('',(#10066));
#10066 = SURFACE_STYLE_FILL_AREA(#10067);
#10067 = FILL_AREA_STYLE('',(#10068));
#10068 = FILL_AREA_STYLE_COLOUR('',#10061);
#10069 = STYLED_ITEM('color',(#10070),#5108);
#10070 = PRESENTATION_STYLE_ASSIGNMENT((#10071));
#10071 = SURFACE_STYLE_USAGE(.BOTH.,#10072);
#10072 = SURFACE_SIDE_STYLE('',(#10073));
#10073 = SURFACE_STYLE_FILL_AREA(#10074);
#10074 = FILL_AREA_STYLE('',(#10075));
#10075 = FILL_AREA_STYLE_COLOUR('',#10061);
#10076 = STYLED_ITEM('color',(#10077),#5398);
#10077 = PRESENTATION_STYLE_ASSIGNMENT((#10078));
#10078 = SURFACE_STYLE_USAGE(.BOTH.,#10079);
#10079 = SURFACE_SIDE_STYLE('',(#10080));
#10080 = SURFACE_STYLE_FILL_AREA(#10081);
#10081 = FILL_AREA_STYLE('',(#10082));
#10082 = FILL_AREA_STYLE_COLOUR('',#10061);
#10083 = STYLED_ITEM('color',(#10084),#5548);
#10084 = PRESENTATION_STYLE_ASSIGNMENT((#10085));
#10085 = SURFACE_STYLE_USAGE(.BOTH.,#10086);
#10086 = SURFACE_SIDE_STYLE('',(#10087));
#10087 = SURFACE_STYLE_FILL_AREA(#10088);
#10088 = FILL_AREA_STYLE('',(#10089));
#10089 = FILL_AREA_STYLE_COLOUR('',#10061);
#10090 = STYLED_ITEM('color',(#10091),#5838);
#10091 = PRESENTATION_STYLE_ASSIGNMENT((#10092));
#10092 = SURFACE_STYLE_USAGE(.BOTH.,#10093);
#10093 = SURFACE_SIDE_STYLE('',(#10094));
#10094 = SURFACE_STYLE_FILL_AREA(#10095);
#10095 = FILL_AREA_STYLE('',(#10096));
#10096 = FILL_AREA_STYLE_COLOUR('',#10061);
#10097 = STYLED_ITEM('color',(#10098),#5988);
#10098 = PRESENTATION_STYLE_ASSIGNMENT((#10099));
#10099 = SURFACE_STYLE_USAGE(.BOTH.,#10100);
#10100 = SURFACE_SIDE_STYLE('',(#10101));
#10101 = SURFACE_STYLE_FILL_AREA(#10102);
#10102 = FILL_AREA_STYLE('',(#10103));
#10103 = FILL_AREA_STYLE_COLOUR('',#10061);
#10104 = STYLED_ITEM('color',(#10105),#6278);
#10105 = PRESENTATION_STYLE_ASSIGNMENT((#10106));
#10106 = SURFACE_STYLE_USAGE(.BOTH.,#10107);
#10107 = SURFACE_SIDE_STYLE('',(#10108));
#10108 = SURFACE_STYLE_FILL_AREA(#10109);
#10109 = FILL_AREA_STYLE('',(#10110));
#10110 = FILL_AREA_STYLE_COLOUR('',#10061);
#10111 = MECHANICAL_DESIGN_GEOMETRIC_PRESENTATION_REPRESENTATION('',(
    #10112,#10122,#10131,#10140,#10149,#10158,#10167,#10176,#10185,
    #10194,#10203,#10212,#10221,#10230,#10239,#10248,#10257,#10266,
    #10275,#10284,#10293,#10302,#10311,#10320,#10329,#10338,#10347,
    #10356,#10365,#10374,#10383,#10392,#10401,#10410,#10419,#10428,
    #10437,#10446,#10455,#10464,#10473,#10482,#10491,#10500,#10509,
    #10518,#10527,#10536,#10545,#10554,#10563,#10572,#10581,#10590,
    #10599,#10608,#10617,#10626,#10635,#10644,#10653,#10662,#10671,
    #10680,#10689,#10698,#10707,#10716,#10725),#2908);
#10112 = STYLED_ITEM('color',(#10113),#928);
#10113 = PRESENTATION_STYLE_ASSIGNMENT((#10114,#10120));
#10114 = SURFACE_STYLE_USAGE(.BOTH.,#10115);
#10115 = SURFACE_SIDE_STYLE('',(#10116));
#10116 = SURFACE_STYLE_FILL_AREA(#10117);
#10117 = FILL_AREA_STYLE('',(#10118));
#10118 = FILL_AREA_STYLE_COLOUR('',#10119);
#10119 = COLOUR_RGB('',0.147999998088,0.145000001626,0.145000001626);
#10120 = CURVE_STYLE('',#10121,POSITIVE_LENGTH_MEASURE(0.1),#10119);
#10121 = DRAUGHTING_PRE_DEFINED_CURVE_FONT('continuous');
#10122 = STYLED_ITEM('color',(#10123),#966);
#10123 = PRESENTATION_STYLE_ASSIGNMENT((#10124,#10129));
#10124 = SURFACE_STYLE_USAGE(.BOTH.,#10125);
#10125 = SURFACE_SIDE_STYLE('',(#10126));
#10126 = SURFACE_STYLE_FILL_AREA(#10127);
#10127 = FILL_AREA_STYLE('',(#10128));
#10128 = FILL_AREA_STYLE_COLOUR('',#10119);
#10129 = CURVE_STYLE('',#10130,POSITIVE_LENGTH_MEASURE(0.1),#10119);
#10130 = DRAUGHTING_PRE_DEFINED_CURVE_FONT('continuous');
#10131 = STYLED_ITEM('color',(#10132),#1029);
#10132 = PRESENTATION_STYLE_ASSIGNMENT((#10133,#10138));
#10133 = SURFACE_STYLE_USAGE(.BOTH.,#10134);
#10134 = SURFACE_SIDE_STYLE('',(#10135));
#10135 = SURFACE_STYLE_FILL_AREA(#10136);
#10136 = FILL_AREA_STYLE('',(#10137));
#10137 = FILL_AREA_STYLE_COLOUR('',#10119);
#10138 = CURVE_STYLE('',#10139,POSITIVE_LENGTH_MEASURE(0.1),#10119);
#10139 = DRAUGHTING_PRE_DEFINED_CURVE_FONT('continuous');
#10140 = STYLED_ITEM('color',(#10141),#1052);
#10141 = PRESENTATION_STYLE_ASSIGNMENT((#10142,#10147));
#10142 = SURFACE_STYLE_USAGE(.BOTH.,#10143);
#10143 = SURFACE_SIDE_STYLE('',(#10144));
#10144 = SURFACE_STYLE_FILL_AREA(#10145);
#10145 = FILL_AREA_STYLE('',(#10146));
#10146 = FILL_AREA_STYLE_COLOUR('',#10119);
#10147 = CURVE_STYLE('',#10148,POSITIVE_LENGTH_MEASURE(0.1),#10119);
#10148 = DRAUGHTING_PRE_DEFINED_CURVE_FONT('continuous');
#10149 = STYLED_ITEM('color',(#10150),#1081);
#10150 = PRESENTATION_STYLE_ASSIGNMENT((#10151,#10156));
#10151 = SURFACE_STYLE_USAGE(.BOTH.,#10152);
#10152 = SURFACE_SIDE_STYLE('',(#10153));
#10153 = SURFACE_STYLE_FILL_AREA(#10154);
#10154 = FILL_AREA_STYLE('',(#10155));
#10155 = FILL_AREA_STYLE_COLOUR('',#10119);
#10156 = CURVE_STYLE('',#10157,POSITIVE_LENGTH_MEASURE(0.1),#10119);
#10157 = DRAUGHTING_PRE_DEFINED_CURVE_FONT('continuous');
#10158 = STYLED_ITEM('color',(#10159),#1104);
#10159 = PRESENTATION_STYLE_ASSIGNMENT((#10160,#10165));
#10160 = SURFACE_STYLE_USAGE(.BOTH.,#10161);
#10161 = SURFACE_SIDE_STYLE('',(#10162));
#10162 = SURFACE_STYLE_FILL_AREA(#10163);
#10163 = FILL_AREA_STYLE('',(#10164));
#10164 = FILL_AREA_STYLE_COLOUR('',#10119);
#10165 = CURVE_STYLE('',#10166,POSITIVE_LENGTH_MEASURE(0.1),#10119);
#10166 = DRAUGHTING_PRE_DEFINED_CURVE_FONT('continuous');
#10167 = STYLED_ITEM('color',(#10168),#1159);
#10168 = PRESENTATION_STYLE_ASSIGNMENT((#10169,#10174));
#10169 = SURFACE_STYLE_USAGE(.BOTH.,#10170);
#10170 = SURFACE_SIDE_STYLE('',(#10171));
#10171 = SURFACE_STYLE_FILL_AREA(#10172);
#10172 = FILL_AREA_STYLE('',(#10173));
#10173 = FILL_AREA_STYLE_COLOUR('',#10119);
#10174 = CURVE_STYLE('',#10175,POSITIVE_LENGTH_MEASURE(0.1),#10119);
#10175 = DRAUGHTING_PRE_DEFINED_CURVE_FONT('continuous');
#10176 = STYLED_ITEM('color',(#10177),#1198);
#10177 = PRESENTATION_STYLE_ASSIGNMENT((#10178,#10183));
#10178 = SURFACE_STYLE_USAGE(.BOTH.,#10179);
#10179 = SURFACE_SIDE_STYLE('',(#10180));
#10180 = SURFACE_STYLE_FILL_AREA(#10181);
#10181 = FILL_AREA_STYLE('',(#10182));
#10182 = FILL_AREA_STYLE_COLOUR('',#10119);
#10183 = CURVE_STYLE('',#10184,POSITIVE_LENGTH_MEASURE(0.1),#10119);
#10184 = DRAUGHTING_PRE_DEFINED_CURVE_FONT('continuous');
#10185 = STYLED_ITEM('color',(#10186),#1221);
#10186 = PRESENTATION_STYLE_ASSIGNMENT((#10187,#10192));
#10187 = SURFACE_STYLE_USAGE(.BOTH.,#10188);
#10188 = SURFACE_SIDE_STYLE('',(#10189));
#10189 = SURFACE_STYLE_FILL_AREA(#10190);
#10190 = FILL_AREA_STYLE('',(#10191));
#10191 = FILL_AREA_STYLE_COLOUR('',#10119);
#10192 = CURVE_STYLE('',#10193,POSITIVE_LENGTH_MEASURE(0.1),#10119);
#10193 = DRAUGHTING_PRE_DEFINED_CURVE_FONT('continuous');
#10194 = STYLED_ITEM('color',(#10195),#1244);
#10195 = PRESENTATION_STYLE_ASSIGNMENT((#10196,#10201));
#10196 = SURFACE_STYLE_USAGE(.BOTH.,#10197);
#10197 = SURFACE_SIDE_STYLE('',(#10198));
#10198 = SURFACE_STYLE_FILL_AREA(#10199);
#10199 = FILL_AREA_STYLE('',(#10200));
#10200 = FILL_AREA_STYLE_COLOUR('',#10119);
#10201 = CURVE_STYLE('',#10202,POSITIVE_LENGTH_MEASURE(0.1),#10119);
#10202 = DRAUGHTING_PRE_DEFINED_CURVE_FONT('continuous');
#10203 = STYLED_ITEM('color',(#10204),#1261);
#10204 = PRESENTATION_STYLE_ASSIGNMENT((#10205,#10210));
#10205 = SURFACE_STYLE_USAGE(.BOTH.,#10206);
#10206 = SURFACE_SIDE_STYLE('',(#10207));
#10207 = SURFACE_STYLE_FILL_AREA(#10208);
#10208 = FILL_AREA_STYLE('',(#10209));
#10209 = FILL_AREA_STYLE_COLOUR('',#10119);
#10210 = CURVE_STYLE('',#10211,POSITIVE_LENGTH_MEASURE(0.1),#10119);
#10211 = DRAUGHTING_PRE_DEFINED_CURVE_FONT('continuous');
#10212 = STYLED_ITEM('color',(#10213),#1284);
#10213 = PRESENTATION_STYLE_ASSIGNMENT((#10214,#10219));
#10214 = SURFACE_STYLE_USAGE(.BOTH.,#10215);
#10215 = SURFACE_SIDE_STYLE('',(#10216));
#10216 = SURFACE_STYLE_FILL_AREA(#10217);
#10217 = FILL_AREA_STYLE('',(#10218));
#10218 = FILL_AREA_STYLE_COLOUR('',#10119);
#10219 = CURVE_STYLE('',#10220,POSITIVE_LENGTH_MEASURE(0.1),#10119);
#10220 = DRAUGHTING_PRE_DEFINED_CURVE_FONT('continuous');
#10221 = STYLED_ITEM('color',(#10222),#1372);
#10222 = PRESENTATION_STYLE_ASSIGNMENT((#10223,#10228));
#10223 = SURFACE_STYLE_USAGE(.BOTH.,#10224);
#10224 = SURFACE_SIDE_STYLE('',(#10225));
#10225 = SURFACE_STYLE_FILL_AREA(#10226);
#10226 = FILL_AREA_STYLE('',(#10227));
#10227 = FILL_AREA_STYLE_COLOUR('',#10119);
#10228 = CURVE_STYLE('',#10229,POSITIVE_LENGTH_MEASURE(0.1),#10119);
#10229 = DRAUGHTING_PRE_DEFINED_CURVE_FONT('continuous');
#10230 = STYLED_ITEM('color',(#10231),#1388);
#10231 = PRESENTATION_STYLE_ASSIGNMENT((#10232,#10237));
#10232 = SURFACE_STYLE_USAGE(.BOTH.,#10233);
#10233 = SURFACE_SIDE_STYLE('',(#10234));
#10234 = SURFACE_STYLE_FILL_AREA(#10235);
#10235 = FILL_AREA_STYLE('',(#10236));
#10236 = FILL_AREA_STYLE_COLOUR('',#10119);
#10237 = CURVE_STYLE('',#10238,POSITIVE_LENGTH_MEASURE(0.1),#10119);
#10238 = DRAUGHTING_PRE_DEFINED_CURVE_FONT('continuous');
#10239 = STYLED_ITEM('color',(#10240),#1418);
#10240 = PRESENTATION_STYLE_ASSIGNMENT((#10241,#10246));
#10241 = SURFACE_STYLE_USAGE(.BOTH.,#10242);
#10242 = SURFACE_SIDE_STYLE('',(#10243));
#10243 = SURFACE_STYLE_FILL_AREA(#10244);
#10244 = FILL_AREA_STYLE('',(#10245));
#10245 = FILL_AREA_STYLE_COLOUR('',#9839);
#10246 = CURVE_STYLE('',#10247,POSITIVE_LENGTH_MEASURE(0.1),#9839);
#10247 = DRAUGHTING_PRE_DEFINED_CURVE_FONT('continuous');
#10248 = STYLED_ITEM('color',(#10249),#1451);
#10249 = PRESENTATION_STYLE_ASSIGNMENT((#10250,#10255));
#10250 = SURFACE_STYLE_USAGE(.BOTH.,#10251);
#10251 = SURFACE_SIDE_STYLE('',(#10252));
#10252 = SURFACE_STYLE_FILL_AREA(#10253);
#10253 = FILL_AREA_STYLE('',(#10254));
#10254 = FILL_AREA_STYLE_COLOUR('',#10119);
#10255 = CURVE_STYLE('',#10256,POSITIVE_LENGTH_MEASURE(0.1),#10119);
#10256 = DRAUGHTING_PRE_DEFINED_CURVE_FONT('continuous');
#10257 = STYLED_ITEM('color',(#10258),#1482);
#10258 = PRESENTATION_STYLE_ASSIGNMENT((#10259,#10264));
#10259 = SURFACE_STYLE_USAGE(.BOTH.,#10260);
#10260 = SURFACE_SIDE_STYLE('',(#10261));
#10261 = SURFACE_STYLE_FILL_AREA(#10262);
#10262 = FILL_AREA_STYLE('',(#10263));
#10263 = FILL_AREA_STYLE_COLOUR('',#9839);
#10264 = CURVE_STYLE('',#10265,POSITIVE_LENGTH_MEASURE(0.1),#9839);
#10265 = DRAUGHTING_PRE_DEFINED_CURVE_FONT('continuous');
#10266 = STYLED_ITEM('color',(#10267),#1515);
#10267 = PRESENTATION_STYLE_ASSIGNMENT((#10268,#10273));
#10268 = SURFACE_STYLE_USAGE(.BOTH.,#10269);
#10269 = SURFACE_SIDE_STYLE('',(#10270));
#10270 = SURFACE_STYLE_FILL_AREA(#10271);
#10271 = FILL_AREA_STYLE('',(#10272));
#10272 = FILL_AREA_STYLE_COLOUR('',#10119);
#10273 = CURVE_STYLE('',#10274,POSITIVE_LENGTH_MEASURE(0.1),#10119);
#10274 = DRAUGHTING_PRE_DEFINED_CURVE_FONT('continuous');
#10275 = STYLED_ITEM('color',(#10276),#1532);
#10276 = PRESENTATION_STYLE_ASSIGNMENT((#10277,#10282));
#10277 = SURFACE_STYLE_USAGE(.BOTH.,#10278);
#10278 = SURFACE_SIDE_STYLE('',(#10279));
#10279 = SURFACE_STYLE_FILL_AREA(#10280);
#10280 = FILL_AREA_STYLE('',(#10281));
#10281 = FILL_AREA_STYLE_COLOUR('',#10119);
#10282 = CURVE_STYLE('',#10283,POSITIVE_LENGTH_MEASURE(0.1),#10119);
#10283 = DRAUGHTING_PRE_DEFINED_CURVE_FONT('continuous');
#10284 = STYLED_ITEM('color',(#10285),#1549);
#10285 = PRESENTATION_STYLE_ASSIGNMENT((#10286,#10291));
#10286 = SURFACE_STYLE_USAGE(.BOTH.,#10287);
#10287 = SURFACE_SIDE_STYLE('',(#10288));
#10288 = SURFACE_STYLE_FILL_AREA(#10289);
#10289 = FILL_AREA_STYLE('',(#10290));
#10290 = FILL_AREA_STYLE_COLOUR('',#9839);
#10291 = CURVE_STYLE('',#10292,POSITIVE_LENGTH_MEASURE(0.1),#9839);
#10292 = DRAUGHTING_PRE_DEFINED_CURVE_FONT('continuous');
#10293 = STYLED_ITEM('color',(#10294),#1582);
#10294 = PRESENTATION_STYLE_ASSIGNMENT((#10295,#10300));
#10295 = SURFACE_STYLE_USAGE(.BOTH.,#10296);
#10296 = SURFACE_SIDE_STYLE('',(#10297));
#10297 = SURFACE_STYLE_FILL_AREA(#10298);
#10298 = FILL_AREA_STYLE('',(#10299));
#10299 = FILL_AREA_STYLE_COLOUR('',#10119);
#10300 = CURVE_STYLE('',#10301,POSITIVE_LENGTH_MEASURE(0.1),#10119);
#10301 = DRAUGHTING_PRE_DEFINED_CURVE_FONT('continuous');
#10302 = STYLED_ITEM('color',(#10303),#1612);
#10303 = PRESENTATION_STYLE_ASSIGNMENT((#10304,#10309));
#10304 = SURFACE_STYLE_USAGE(.BOTH.,#10305);
#10305 = SURFACE_SIDE_STYLE('',(#10306));
#10306 = SURFACE_STYLE_FILL_AREA(#10307);
#10307 = FILL_AREA_STYLE('',(#10308));
#10308 = FILL_AREA_STYLE_COLOUR('',#10119);
#10309 = CURVE_STYLE('',#10310,POSITIVE_LENGTH_MEASURE(0.1),#10119);
#10310 = DRAUGHTING_PRE_DEFINED_CURVE_FONT('continuous');
#10311 = STYLED_ITEM('color',(#10312),#1635);
#10312 = PRESENTATION_STYLE_ASSIGNMENT((#10313,#10318));
#10313 = SURFACE_STYLE_USAGE(.BOTH.,#10314);
#10314 = SURFACE_SIDE_STYLE('',(#10315));
#10315 = SURFACE_STYLE_FILL_AREA(#10316);
#10316 = FILL_AREA_STYLE('',(#10317));
#10317 = FILL_AREA_STYLE_COLOUR('',#10119);
#10318 = CURVE_STYLE('',#10319,POSITIVE_LENGTH_MEASURE(0.1),#10119);
#10319 = DRAUGHTING_PRE_DEFINED_CURVE_FONT('continuous');
#10320 = STYLED_ITEM('color',(#10321),#1658);
#10321 = PRESENTATION_STYLE_ASSIGNMENT((#10322,#10327));
#10322 = SURFACE_STYLE_USAGE(.BOTH.,#10323);
#10323 = SURFACE_SIDE_STYLE('',(#10324));
#10324 = SURFACE_STYLE_FILL_AREA(#10325);
#10325 = FILL_AREA_STYLE('',(#10326));
#10326 = FILL_AREA_STYLE_COLOUR('',#10119);
#10327 = CURVE_STYLE('',#10328,POSITIVE_LENGTH_MEASURE(0.1),#10119);
#10328 = DRAUGHTING_PRE_DEFINED_CURVE_FONT('continuous');
#10329 = STYLED_ITEM('color',(#10330),#1675);
#10330 = PRESENTATION_STYLE_ASSIGNMENT((#10331,#10336));
#10331 = SURFACE_STYLE_USAGE(.BOTH.,#10332);
#10332 = SURFACE_SIDE_STYLE('',(#10333));
#10333 = SURFACE_STYLE_FILL_AREA(#10334);
#10334 = FILL_AREA_STYLE('',(#10335));
#10335 = FILL_AREA_STYLE_COLOUR('',#9839);
#10336 = CURVE_STYLE('',#10337,POSITIVE_LENGTH_MEASURE(0.1),#9839);
#10337 = DRAUGHTING_PRE_DEFINED_CURVE_FONT('continuous');
#10338 = STYLED_ITEM('color',(#10339),#1704);
#10339 = PRESENTATION_STYLE_ASSIGNMENT((#10340,#10345));
#10340 = SURFACE_STYLE_USAGE(.BOTH.,#10341);
#10341 = SURFACE_SIDE_STYLE('',(#10342));
#10342 = SURFACE_STYLE_FILL_AREA(#10343);
#10343 = FILL_AREA_STYLE('',(#10344));
#10344 = FILL_AREA_STYLE_COLOUR('',#10119);
#10345 = CURVE_STYLE('',#10346,POSITIVE_LENGTH_MEASURE(0.1),#10119);
#10346 = DRAUGHTING_PRE_DEFINED_CURVE_FONT('continuous');
#10347 = STYLED_ITEM('color',(#10348),#1758);
#10348 = PRESENTATION_STYLE_ASSIGNMENT((#10349,#10354));
#10349 = SURFACE_STYLE_USAGE(.BOTH.,#10350);
#10350 = SURFACE_SIDE_STYLE('',(#10351));
#10351 = SURFACE_STYLE_FILL_AREA(#10352);
#10352 = FILL_AREA_STYLE('',(#10353));
#10353 = FILL_AREA_STYLE_COLOUR('',#10119);
#10354 = CURVE_STYLE('',#10355,POSITIVE_LENGTH_MEASURE(0.1),#10119);
#10355 = DRAUGHTING_PRE_DEFINED_CURVE_FONT('continuous');
#10356 = STYLED_ITEM('color',(#10357),#1781);
#10357 = PRESENTATION_STYLE_ASSIGNMENT((#10358,#10363));
#10358 = SURFACE_STYLE_USAGE(.BOTH.,#10359);
#10359 = SURFACE_SIDE_STYLE('',(#10360));
#10360 = SURFACE_STYLE_FILL_AREA(#10361);
#10361 = FILL_AREA_STYLE('',(#10362));
#10362 = FILL_AREA_STYLE_COLOUR('',#10119);
#10363 = CURVE_STYLE('',#10364,POSITIVE_LENGTH_MEASURE(0.1),#10119);
#10364 = DRAUGHTING_PRE_DEFINED_CURVE_FONT('continuous');
#10365 = STYLED_ITEM('color',(#10366),#1804);
#10366 = PRESENTATION_STYLE_ASSIGNMENT((#10367,#10372));
#10367 = SURFACE_STYLE_USAGE(.BOTH.,#10368);
#10368 = SURFACE_SIDE_STYLE('',(#10369));
#10369 = SURFACE_STYLE_FILL_AREA(#10370);
#10370 = FILL_AREA_STYLE('',(#10371));
#10371 = FILL_AREA_STYLE_COLOUR('',#10119);
#10372 = CURVE_STYLE('',#10373,POSITIVE_LENGTH_MEASURE(0.1),#10119);
#10373 = DRAUGHTING_PRE_DEFINED_CURVE_FONT('continuous');
#10374 = STYLED_ITEM('color',(#10375),#1827);
#10375 = PRESENTATION_STYLE_ASSIGNMENT((#10376,#10381));
#10376 = SURFACE_STYLE_USAGE(.BOTH.,#10377);
#10377 = SURFACE_SIDE_STYLE('',(#10378));
#10378 = SURFACE_STYLE_FILL_AREA(#10379);
#10379 = FILL_AREA_STYLE('',(#10380));
#10380 = FILL_AREA_STYLE_COLOUR('',#10119);
#10381 = CURVE_STYLE('',#10382,POSITIVE_LENGTH_MEASURE(0.1),#10119);
#10382 = DRAUGHTING_PRE_DEFINED_CURVE_FONT('continuous');
#10383 = STYLED_ITEM('color',(#10384),#1866);
#10384 = PRESENTATION_STYLE_ASSIGNMENT((#10385,#10390));
#10385 = SURFACE_STYLE_USAGE(.BOTH.,#10386);
#10386 = SURFACE_SIDE_STYLE('',(#10387));
#10387 = SURFACE_STYLE_FILL_AREA(#10388);
#10388 = FILL_AREA_STYLE('',(#10389));
#10389 = FILL_AREA_STYLE_COLOUR('',#9839);
#10390 = CURVE_STYLE('',#10391,POSITIVE_LENGTH_MEASURE(0.1),#9839);
#10391 = DRAUGHTING_PRE_DEFINED_CURVE_FONT('continuous');
#10392 = STYLED_ITEM('color',(#10393),#1888);
#10393 = PRESENTATION_STYLE_ASSIGNMENT((#10394,#10399));
#10394 = SURFACE_STYLE_USAGE(.BOTH.,#10395);
#10395 = SURFACE_SIDE_STYLE('',(#10396));
#10396 = SURFACE_STYLE_FILL_AREA(#10397);
#10397 = FILL_AREA_STYLE('',(#10398));
#10398 = FILL_AREA_STYLE_COLOUR('',#10119);
#10399 = CURVE_STYLE('',#10400,POSITIVE_LENGTH_MEASURE(0.1),#10119);
#10400 = DRAUGHTING_PRE_DEFINED_CURVE_FONT('continuous');
#10401 = STYLED_ITEM('color',(#10402),#1932);
#10402 = PRESENTATION_STYLE_ASSIGNMENT((#10403,#10408));
#10403 = SURFACE_STYLE_USAGE(.BOTH.,#10404);
#10404 = SURFACE_SIDE_STYLE('',(#10405));
#10405 = SURFACE_STYLE_FILL_AREA(#10406);
#10406 = FILL_AREA_STYLE('',(#10407));
#10407 = FILL_AREA_STYLE_COLOUR('',#9839);
#10408 = CURVE_STYLE('',#10409,POSITIVE_LENGTH_MEASURE(0.1),#9839);
#10409 = DRAUGHTING_PRE_DEFINED_CURVE_FONT('continuous');
#10410 = STYLED_ITEM('color',(#10411),#2007);
#10411 = PRESENTATION_STYLE_ASSIGNMENT((#10412,#10417));
#10412 = SURFACE_STYLE_USAGE(.BOTH.,#10413);
#10413 = SURFACE_SIDE_STYLE('',(#10414));
#10414 = SURFACE_STYLE_FILL_AREA(#10415);
#10415 = FILL_AREA_STYLE('',(#10416));
#10416 = FILL_AREA_STYLE_COLOUR('',#9839);
#10417 = CURVE_STYLE('',#10418,POSITIVE_LENGTH_MEASURE(0.1),#9839);
#10418 = DRAUGHTING_PRE_DEFINED_CURVE_FONT('continuous');
#10419 = STYLED_ITEM('color',(#10420),#2031);
#10420 = PRESENTATION_STYLE_ASSIGNMENT((#10421,#10426));
#10421 = SURFACE_STYLE_USAGE(.BOTH.,#10422);
#10422 = SURFACE_SIDE_STYLE('',(#10423));
#10423 = SURFACE_STYLE_FILL_AREA(#10424);
#10424 = FILL_AREA_STYLE('',(#10425));
#10425 = FILL_AREA_STYLE_COLOUR('',#9839);
#10426 = CURVE_STYLE('',#10427,POSITIVE_LENGTH_MEASURE(0.1),#9839);
#10427 = DRAUGHTING_PRE_DEFINED_CURVE_FONT('continuous');
#10428 = STYLED_ITEM('color',(#10429),#2099);
#10429 = PRESENTATION_STYLE_ASSIGNMENT((#10430,#10435));
#10430 = SURFACE_STYLE_USAGE(.BOTH.,#10431);
#10431 = SURFACE_SIDE_STYLE('',(#10432));
#10432 = SURFACE_STYLE_FILL_AREA(#10433);
#10433 = FILL_AREA_STYLE('',(#10434));
#10434 = FILL_AREA_STYLE_COLOUR('',#10119);
#10435 = CURVE_STYLE('',#10436,POSITIVE_LENGTH_MEASURE(0.1),#10119);
#10436 = DRAUGHTING_PRE_DEFINED_CURVE_FONT('continuous');
#10437 = STYLED_ITEM('color',(#10438),#2116);
#10438 = PRESENTATION_STYLE_ASSIGNMENT((#10439,#10444));
#10439 = SURFACE_STYLE_USAGE(.BOTH.,#10440);
#10440 = SURFACE_SIDE_STYLE('',(#10441));
#10441 = SURFACE_STYLE_FILL_AREA(#10442);
#10442 = FILL_AREA_STYLE('',(#10443));
#10443 = FILL_AREA_STYLE_COLOUR('',#9839);
#10444 = CURVE_STYLE('',#10445,POSITIVE_LENGTH_MEASURE(0.1),#9839);
#10445 = DRAUGHTING_PRE_DEFINED_CURVE_FONT('continuous');
#10446 = STYLED_ITEM('color',(#10447),#2191);
#10447 = PRESENTATION_STYLE_ASSIGNMENT((#10448,#10453));
#10448 = SURFACE_STYLE_USAGE(.BOTH.,#10449);
#10449 = SURFACE_SIDE_STYLE('',(#10450));
#10450 = SURFACE_STYLE_FILL_AREA(#10451);
#10451 = FILL_AREA_STYLE('',(#10452));
#10452 = FILL_AREA_STYLE_COLOUR('',#9839);
#10453 = CURVE_STYLE('',#10454,POSITIVE_LENGTH_MEASURE(0.1),#9839);
#10454 = DRAUGHTING_PRE_DEFINED_CURVE_FONT('continuous');
#10455 = STYLED_ITEM('color',(#10456),#2215);
#10456 = PRESENTATION_STYLE_ASSIGNMENT((#10457,#10462));
#10457 = SURFACE_STYLE_USAGE(.BOTH.,#10458);
#10458 = SURFACE_SIDE_STYLE('',(#10459));
#10459 = SURFACE_STYLE_FILL_AREA(#10460);
#10460 = FILL_AREA_STYLE('',(#10461));
#10461 = FILL_AREA_STYLE_COLOUR('',#9839);
#10462 = CURVE_STYLE('',#10463,POSITIVE_LENGTH_MEASURE(0.1),#9839);
#10463 = DRAUGHTING_PRE_DEFINED_CURVE_FONT('continuous');
#10464 = STYLED_ITEM('color',(#10465),#2283);
#10465 = PRESENTATION_STYLE_ASSIGNMENT((#10466,#10471));
#10466 = SURFACE_STYLE_USAGE(.BOTH.,#10467);
#10467 = SURFACE_SIDE_STYLE('',(#10468));
#10468 = SURFACE_STYLE_FILL_AREA(#10469);
#10469 = FILL_AREA_STYLE('',(#10470));
#10470 = FILL_AREA_STYLE_COLOUR('',#9839);
#10471 = CURVE_STYLE('',#10472,POSITIVE_LENGTH_MEASURE(0.1),#9839);
#10472 = DRAUGHTING_PRE_DEFINED_CURVE_FONT('continuous');
#10473 = STYLED_ITEM('color',(#10474),#2358);
#10474 = PRESENTATION_STYLE_ASSIGNMENT((#10475,#10480));
#10475 = SURFACE_STYLE_USAGE(.BOTH.,#10476);
#10476 = SURFACE_SIDE_STYLE('',(#10477));
#10477 = SURFACE_STYLE_FILL_AREA(#10478);
#10478 = FILL_AREA_STYLE('',(#10479));
#10479 = FILL_AREA_STYLE_COLOUR('',#9839);
#10480 = CURVE_STYLE('',#10481,POSITIVE_LENGTH_MEASURE(0.1),#9839);
#10481 = DRAUGHTING_PRE_DEFINED_CURVE_FONT('continuous');
#10482 = STYLED_ITEM('color',(#10483),#2382);
#10483 = PRESENTATION_STYLE_ASSIGNMENT((#10484,#10489));
#10484 = SURFACE_STYLE_USAGE(.BOTH.,#10485);
#10485 = SURFACE_SIDE_STYLE('',(#10486));
#10486 = SURFACE_STYLE_FILL_AREA(#10487);
#10487 = FILL_AREA_STYLE('',(#10488));
#10488 = FILL_AREA_STYLE_COLOUR('',#9839);
#10489 = CURVE_STYLE('',#10490,POSITIVE_LENGTH_MEASURE(0.1),#9839);
#10490 = DRAUGHTING_PRE_DEFINED_CURVE_FONT('continuous');
#10491 = STYLED_ITEM('color',(#10492),#2450);
#10492 = PRESENTATION_STYLE_ASSIGNMENT((#10493,#10498));
#10493 = SURFACE_STYLE_USAGE(.BOTH.,#10494);
#10494 = SURFACE_SIDE_STYLE('',(#10495));
#10495 = SURFACE_STYLE_FILL_AREA(#10496);
#10496 = FILL_AREA_STYLE('',(#10497));
#10497 = FILL_AREA_STYLE_COLOUR('',#9839);
#10498 = CURVE_STYLE('',#10499,POSITIVE_LENGTH_MEASURE(0.1),#9839);
#10499 = DRAUGHTING_PRE_DEFINED_CURVE_FONT('continuous');
#10500 = STYLED_ITEM('color',(#10501),#2467);
#10501 = PRESENTATION_STYLE_ASSIGNMENT((#10502,#10507));
#10502 = SURFACE_STYLE_USAGE(.BOTH.,#10503);
#10503 = SURFACE_SIDE_STYLE('',(#10504));
#10504 = SURFACE_STYLE_FILL_AREA(#10505);
#10505 = FILL_AREA_STYLE('',(#10506));
#10506 = FILL_AREA_STYLE_COLOUR('',#9839);
#10507 = CURVE_STYLE('',#10508,POSITIVE_LENGTH_MEASURE(0.1),#9839);
#10508 = DRAUGHTING_PRE_DEFINED_CURVE_FONT('continuous');
#10509 = STYLED_ITEM('color',(#10510),#2484);
#10510 = PRESENTATION_STYLE_ASSIGNMENT((#10511,#10516));
#10511 = SURFACE_STYLE_USAGE(.BOTH.,#10512);
#10512 = SURFACE_SIDE_STYLE('',(#10513));
#10513 = SURFACE_STYLE_FILL_AREA(#10514);
#10514 = FILL_AREA_STYLE('',(#10515));
#10515 = FILL_AREA_STYLE_COLOUR('',#10119);
#10516 = CURVE_STYLE('',#10517,POSITIVE_LENGTH_MEASURE(0.1),#10119);
#10517 = DRAUGHTING_PRE_DEFINED_CURVE_FONT('continuous');
#10518 = STYLED_ITEM('color',(#10519),#2530);
#10519 = PRESENTATION_STYLE_ASSIGNMENT((#10520,#10525));
#10520 = SURFACE_STYLE_USAGE(.BOTH.,#10521);
#10521 = SURFACE_SIDE_STYLE('',(#10522));
#10522 = SURFACE_STYLE_FILL_AREA(#10523);
#10523 = FILL_AREA_STYLE('',(#10524));
#10524 = FILL_AREA_STYLE_COLOUR('',#10119);
#10525 = CURVE_STYLE('',#10526,POSITIVE_LENGTH_MEASURE(0.1),#10119);
#10526 = DRAUGHTING_PRE_DEFINED_CURVE_FONT('continuous');
#10527 = STYLED_ITEM('color',(#10528),#2546);
#10528 = PRESENTATION_STYLE_ASSIGNMENT((#10529,#10534));
#10529 = SURFACE_STYLE_USAGE(.BOTH.,#10530);
#10530 = SURFACE_SIDE_STYLE('',(#10531));
#10531 = SURFACE_STYLE_FILL_AREA(#10532);
#10532 = FILL_AREA_STYLE('',(#10533));
#10533 = FILL_AREA_STYLE_COLOUR('',#10119);
#10534 = CURVE_STYLE('',#10535,POSITIVE_LENGTH_MEASURE(0.1),#10119);
#10535 = DRAUGHTING_PRE_DEFINED_CURVE_FONT('continuous');
#10536 = STYLED_ITEM('color',(#10537),#2562);
#10537 = PRESENTATION_STYLE_ASSIGNMENT((#10538,#10543));
#10538 = SURFACE_STYLE_USAGE(.BOTH.,#10539);
#10539 = SURFACE_SIDE_STYLE('',(#10540));
#10540 = SURFACE_STYLE_FILL_AREA(#10541);
#10541 = FILL_AREA_STYLE('',(#10542));
#10542 = FILL_AREA_STYLE_COLOUR('',#9839);
#10543 = CURVE_STYLE('',#10544,POSITIVE_LENGTH_MEASURE(0.1),#9839);
#10544 = DRAUGHTING_PRE_DEFINED_CURVE_FONT('continuous');
#10545 = STYLED_ITEM('color',(#10546),#2579);
#10546 = PRESENTATION_STYLE_ASSIGNMENT((#10547,#10552));
#10547 = SURFACE_STYLE_USAGE(.BOTH.,#10548);
#10548 = SURFACE_SIDE_STYLE('',(#10549));
#10549 = SURFACE_STYLE_FILL_AREA(#10550);
#10550 = FILL_AREA_STYLE('',(#10551));
#10551 = FILL_AREA_STYLE_COLOUR('',#10119);
#10552 = CURVE_STYLE('',#10553,POSITIVE_LENGTH_MEASURE(0.1),#10119);
#10553 = DRAUGHTING_PRE_DEFINED_CURVE_FONT('continuous');
#10554 = STYLED_ITEM('color',(#10555),#2591);
#10555 = PRESENTATION_STYLE_ASSIGNMENT((#10556,#10561));
#10556 = SURFACE_STYLE_USAGE(.BOTH.,#10557);
#10557 = SURFACE_SIDE_STYLE('',(#10558));
#10558 = SURFACE_STYLE_FILL_AREA(#10559);
#10559 = FILL_AREA_STYLE('',(#10560));
#10560 = FILL_AREA_STYLE_COLOUR('',#9839);
#10561 = CURVE_STYLE('',#10562,POSITIVE_LENGTH_MEASURE(0.1),#9839);
#10562 = DRAUGHTING_PRE_DEFINED_CURVE_FONT('continuous');
#10563 = STYLED_ITEM('color',(#10564),#2608);
#10564 = PRESENTATION_STYLE_ASSIGNMENT((#10565,#10570));
#10565 = SURFACE_STYLE_USAGE(.BOTH.,#10566);
#10566 = SURFACE_SIDE_STYLE('',(#10567));
#10567 = SURFACE_STYLE_FILL_AREA(#10568);
#10568 = FILL_AREA_STYLE('',(#10569));
#10569 = FILL_AREA_STYLE_COLOUR('',#9839);
#10570 = CURVE_STYLE('',#10571,POSITIVE_LENGTH_MEASURE(0.1),#9839);
#10571 = DRAUGHTING_PRE_DEFINED_CURVE_FONT('continuous');
#10572 = STYLED_ITEM('color',(#10573),#2625);
#10573 = PRESENTATION_STYLE_ASSIGNMENT((#10574,#10579));
#10574 = SURFACE_STYLE_USAGE(.BOTH.,#10575);
#10575 = SURFACE_SIDE_STYLE('',(#10576));
#10576 = SURFACE_STYLE_FILL_AREA(#10577);
#10577 = FILL_AREA_STYLE('',(#10578));
#10578 = FILL_AREA_STYLE_COLOUR('',#9839);
#10579 = CURVE_STYLE('',#10580,POSITIVE_LENGTH_MEASURE(0.1),#9839);
#10580 = DRAUGHTING_PRE_DEFINED_CURVE_FONT('continuous');
#10581 = STYLED_ITEM('color',(#10582),#2642);
#10582 = PRESENTATION_STYLE_ASSIGNMENT((#10583,#10588));
#10583 = SURFACE_STYLE_USAGE(.BOTH.,#10584);
#10584 = SURFACE_SIDE_STYLE('',(#10585));
#10585 = SURFACE_STYLE_FILL_AREA(#10586);
#10586 = FILL_AREA_STYLE('',(#10587));
#10587 = FILL_AREA_STYLE_COLOUR('',#9839);
#10588 = CURVE_STYLE('',#10589,POSITIVE_LENGTH_MEASURE(0.1),#9839);
#10589 = DRAUGHTING_PRE_DEFINED_CURVE_FONT('continuous');
#10590 = STYLED_ITEM('color',(#10591),#2659);
#10591 = PRESENTATION_STYLE_ASSIGNMENT((#10592,#10597));
#10592 = SURFACE_STYLE_USAGE(.BOTH.,#10593);
#10593 = SURFACE_SIDE_STYLE('',(#10594));
#10594 = SURFACE_STYLE_FILL_AREA(#10595);
#10595 = FILL_AREA_STYLE('',(#10596));
#10596 = FILL_AREA_STYLE_COLOUR('',#9839);
#10597 = CURVE_STYLE('',#10598,POSITIVE_LENGTH_MEASURE(0.1),#9839);
#10598 = DRAUGHTING_PRE_DEFINED_CURVE_FONT('continuous');
#10599 = STYLED_ITEM('color',(#10600),#2676);
#10600 = PRESENTATION_STYLE_ASSIGNMENT((#10601,#10606));
#10601 = SURFACE_STYLE_USAGE(.BOTH.,#10602);
#10602 = SURFACE_SIDE_STYLE('',(#10603));
#10603 = SURFACE_STYLE_FILL_AREA(#10604);
#10604 = FILL_AREA_STYLE('',(#10605));
#10605 = FILL_AREA_STYLE_COLOUR('',#9839);
#10606 = CURVE_STYLE('',#10607,POSITIVE_LENGTH_MEASURE(0.1),#9839);
#10607 = DRAUGHTING_PRE_DEFINED_CURVE_FONT('continuous');
#10608 = STYLED_ITEM('color',(#10609),#2693);
#10609 = PRESENTATION_STYLE_ASSIGNMENT((#10610,#10615));
#10610 = SURFACE_STYLE_USAGE(.BOTH.,#10611);
#10611 = SURFACE_SIDE_STYLE('',(#10612));
#10612 = SURFACE_STYLE_FILL_AREA(#10613);
#10613 = FILL_AREA_STYLE('',(#10614));
#10614 = FILL_AREA_STYLE_COLOUR('',#9839);
#10615 = CURVE_STYLE('',#10616,POSITIVE_LENGTH_MEASURE(0.1),#9839);
#10616 = DRAUGHTING_PRE_DEFINED_CURVE_FONT('continuous');
#10617 = STYLED_ITEM('color',(#10618),#2705);
#10618 = PRESENTATION_STYLE_ASSIGNMENT((#10619,#10624));
#10619 = SURFACE_STYLE_USAGE(.BOTH.,#10620);
#10620 = SURFACE_SIDE_STYLE('',(#10621));
#10621 = SURFACE_STYLE_FILL_AREA(#10622);
#10622 = FILL_AREA_STYLE('',(#10623));
#10623 = FILL_AREA_STYLE_COLOUR('',#9839);
#10624 = CURVE_STYLE('',#10625,POSITIVE_LENGTH_MEASURE(0.1),#9839);
#10625 = DRAUGHTING_PRE_DEFINED_CURVE_FONT('continuous');
#10626 = STYLED_ITEM('color',(#10627),#2722);
#10627 = PRESENTATION_STYLE_ASSIGNMENT((#10628,#10633));
#10628 = SURFACE_STYLE_USAGE(.BOTH.,#10629);
#10629 = SURFACE_SIDE_STYLE('',(#10630));
#10630 = SURFACE_STYLE_FILL_AREA(#10631);
#10631 = FILL_AREA_STYLE('',(#10632));
#10632 = FILL_AREA_STYLE_COLOUR('',#9839);
#10633 = CURVE_STYLE('',#10634,POSITIVE_LENGTH_MEASURE(0.1),#9839);
#10634 = DRAUGHTING_PRE_DEFINED_CURVE_FONT('continuous');
#10635 = STYLED_ITEM('color',(#10636),#2739);
#10636 = PRESENTATION_STYLE_ASSIGNMENT((#10637,#10642));
#10637 = SURFACE_STYLE_USAGE(.BOTH.,#10638);
#10638 = SURFACE_SIDE_STYLE('',(#10639));
#10639 = SURFACE_STYLE_FILL_AREA(#10640);
#10640 = FILL_AREA_STYLE('',(#10641));
#10641 = FILL_AREA_STYLE_COLOUR('',#9839);
#10642 = CURVE_STYLE('',#10643,POSITIVE_LENGTH_MEASURE(0.1),#9839);
#10643 = DRAUGHTING_PRE_DEFINED_CURVE_FONT('continuous');
#10644 = STYLED_ITEM('color',(#10645),#2756);
#10645 = PRESENTATION_STYLE_ASSIGNMENT((#10646,#10651));
#10646 = SURFACE_STYLE_USAGE(.BOTH.,#10647);
#10647 = SURFACE_SIDE_STYLE('',(#10648));
#10648 = SURFACE_STYLE_FILL_AREA(#10649);
#10649 = FILL_AREA_STYLE('',(#10650));
#10650 = FILL_AREA_STYLE_COLOUR('',#9839);
#10651 = CURVE_STYLE('',#10652,POSITIVE_LENGTH_MEASURE(0.1),#9839);
#10652 = DRAUGHTING_PRE_DEFINED_CURVE_FONT('continuous');
#10653 = STYLED_ITEM('color',(#10654),#2773);
#10654 = PRESENTATION_STYLE_ASSIGNMENT((#10655,#10660));
#10655 = SURFACE_STYLE_USAGE(.BOTH.,#10656);
#10656 = SURFACE_SIDE_STYLE('',(#10657));
#10657 = SURFACE_STYLE_FILL_AREA(#10658);
#10658 = FILL_AREA_STYLE('',(#10659));
#10659 = FILL_AREA_STYLE_COLOUR('',#9839);
#10660 = CURVE_STYLE('',#10661,POSITIVE_LENGTH_MEASURE(0.1),#9839);
#10661 = DRAUGHTING_PRE_DEFINED_CURVE_FONT('continuous');
#10662 = STYLED_ITEM('color',(#10663),#2790);
#10663 = PRESENTATION_STYLE_ASSIGNMENT((#10664,#10669));
#10664 = SURFACE_STYLE_USAGE(.BOTH.,#10665);
#10665 = SURFACE_SIDE_STYLE('',(#10666));
#10666 = SURFACE_STYLE_FILL_AREA(#10667);
#10667 = FILL_AREA_STYLE('',(#10668));
#10668 = FILL_AREA_STYLE_COLOUR('',#9839);
#10669 = CURVE_STYLE('',#10670,POSITIVE_LENGTH_MEASURE(0.1),#9839);
#10670 = DRAUGHTING_PRE_DEFINED_CURVE_FONT('continuous');
#10671 = STYLED_ITEM('color',(#10672),#2802);
#10672 = PRESENTATION_STYLE_ASSIGNMENT((#10673,#10678));
#10673 = SURFACE_STYLE_USAGE(.BOTH.,#10674);
#10674 = SURFACE_SIDE_STYLE('',(#10675));
#10675 = SURFACE_STYLE_FILL_AREA(#10676);
#10676 = FILL_AREA_STYLE('',(#10677));
#10677 = FILL_AREA_STYLE_COLOUR('',#9839);
#10678 = CURVE_STYLE('',#10679,POSITIVE_LENGTH_MEASURE(0.1),#9839);
#10679 = DRAUGHTING_PRE_DEFINED_CURVE_FONT('continuous');
#10680 = STYLED_ITEM('color',(#10681),#2819);
#10681 = PRESENTATION_STYLE_ASSIGNMENT((#10682,#10687));
#10682 = SURFACE_STYLE_USAGE(.BOTH.,#10683);
#10683 = SURFACE_SIDE_STYLE('',(#10684));
#10684 = SURFACE_STYLE_FILL_AREA(#10685);
#10685 = FILL_AREA_STYLE('',(#10686));
#10686 = FILL_AREA_STYLE_COLOUR('',#9839);
#10687 = CURVE_STYLE('',#10688,POSITIVE_LENGTH_MEASURE(0.1),#9839);
#10688 = DRAUGHTING_PRE_DEFINED_CURVE_FONT('continuous');
#10689 = STYLED_ITEM('color',(#10690),#2836);
#10690 = PRESENTATION_STYLE_ASSIGNMENT((#10691,#10696));
#10691 = SURFACE_STYLE_USAGE(.BOTH.,#10692);
#10692 = SURFACE_SIDE_STYLE('',(#10693));
#10693 = SURFACE_STYLE_FILL_AREA(#10694);
#10694 = FILL_AREA_STYLE('',(#10695));
#10695 = FILL_AREA_STYLE_COLOUR('',#9839);
#10696 = CURVE_STYLE('',#10697,POSITIVE_LENGTH_MEASURE(0.1),#9839);
#10697 = DRAUGHTING_PRE_DEFINED_CURVE_FONT('continuous');
#10698 = STYLED_ITEM('color',(#10699),#2853);
#10699 = PRESENTATION_STYLE_ASSIGNMENT((#10700,#10705));
#10700 = SURFACE_STYLE_USAGE(.BOTH.,#10701);
#10701 = SURFACE_SIDE_STYLE('',(#10702));
#10702 = SURFACE_STYLE_FILL_AREA(#10703);
#10703 = FILL_AREA_STYLE('',(#10704));
#10704 = FILL_AREA_STYLE_COLOUR('',#9839);
#10705 = CURVE_STYLE('',#10706,POSITIVE_LENGTH_MEASURE(0.1),#9839);
#10706 = DRAUGHTING_PRE_DEFINED_CURVE_FONT('continuous');
#10707 = STYLED_ITEM('color',(#10708),#2870);
#10708 = PRESENTATION_STYLE_ASSIGNMENT((#10709,#10714));
#10709 = SURFACE_STYLE_USAGE(.BOTH.,#10710);
#10710 = SURFACE_SIDE_STYLE('',(#10711));
#10711 = SURFACE_STYLE_FILL_AREA(#10712);
#10712 = FILL_AREA_STYLE('',(#10713));
#10713 = FILL_AREA_STYLE_COLOUR('',#9839);
#10714 = CURVE_STYLE('',#10715,POSITIVE_LENGTH_MEASURE(0.1),#9839);
#10715 = DRAUGHTING_PRE_DEFINED_CURVE_FONT('continuous');
#10716 = STYLED_ITEM('color',(#10717),#2887);
#10717 = PRESENTATION_STYLE_ASSIGNMENT((#10718,#10723));
#10718 = SURFACE_STYLE_USAGE(.BOTH.,#10719);
#10719 = SURFACE_SIDE_STYLE('',(#10720));
#10720 = SURFACE_STYLE_FILL_AREA(#10721);
#10721 = FILL_AREA_STYLE('',(#10722));
#10722 = FILL_AREA_STYLE_COLOUR('',#9839);
#10723 = CURVE_STYLE('',#10724,POSITIVE_LENGTH_MEASURE(0.1),#9839);
#10724 = DRAUGHTING_PRE_DEFINED_CURVE_FONT('continuous');
#10725 = STYLED_ITEM('color',(#10726),#2899);
#10726 = PRESENTATION_STYLE_ASSIGNMENT((#10727,#10733));
#10727 = SURFACE_STYLE_USAGE(.BOTH.,#10728);
#10728 = SURFACE_SIDE_STYLE('',(#10729));
#10729 = SURFACE_STYLE_FILL_AREA(#10730);
#10730 = FILL_AREA_STYLE('',(#10731));
#10731 = FILL_AREA_STYLE_COLOUR('',#10732);
#10732 = COLOUR_RGB('',0.690999998585,0.664000007176,0.597999987832);
#10733 = CURVE_STYLE('',#10734,POSITIVE_LENGTH_MEASURE(0.1),#10732);
#10734 = DRAUGHTING_PRE_DEFINED_CURVE_FONT('continuous');
#10735 = MECHANICAL_DESIGN_GEOMETRIC_PRESENTATION_REPRESENTATION('',(
    #10736),#9638);
#10736 = STYLED_ITEM('color',(#10737),#9309);
#10737 = PRESENTATION_STYLE_ASSIGNMENT((#10738));
#10738 = SURFACE_STYLE_USAGE(.BOTH.,#10739);
#10739 = SURFACE_SIDE_STYLE('',(#10740));
#10740 = SURFACE_STYLE_FILL_AREA(#10741);
#10741 = FILL_AREA_STYLE('',(#10742));
#10742 = FILL_AREA_STYLE_COLOUR('',#10743);
#10743 = COLOUR_RGB('',0.313304153717,0.484529207832,0.410020903123);
ENDSEC;
END-ISO-10303-21;
